{"timestamp": "2020-03-12T16:00:00", "floor_data": [{"floor": 1, "fan_consumption": 120, "light_consumption": 120, "total_floor_consumption": 240}, {"floor": 2, "fan_consumption": 120, "light_consumption": 120, "total_floor_consumption": 240}, {"floor": 3, "fan_consumption": 120, "light_consumption": 120, "total_floor_consumption": 240}, {"floor": 4, "fan_consumption": 120, "light_consumption": 120, "total_floor_consumption": 240}], "shared_equipment": {"computer_consumption": 690, "projector_consumption": 600}, "occupancy_level": 52, "temperature": 18, "time_of_day": "Afternoon", "day_of_week": "Thursday", "holiday": false, "total_consumption": 2250, "peak_load": 2339, "break_time_consumption": 2250}