{"timestamp": "2020-02-20T09:00:00", "floor_data": [{"floor": 1, "fan_consumption": 120, "light_consumption": 120, "total_floor_consumption": 240}, {"floor": 2, "fan_consumption": 120, "light_consumption": 120, "total_floor_consumption": 240}, {"floor": 3, "fan_consumption": 120, "light_consumption": 120, "total_floor_consumption": 240}, {"floor": 4, "fan_consumption": 120, "light_consumption": 120, "total_floor_consumption": 240}], "shared_equipment": {"computer_consumption": 646, "projector_consumption": 600}, "occupancy_level": 50, "temperature": 24, "time_of_day": "Morning", "day_of_week": "Thursday", "holiday": false, "total_consumption": 2206, "peak_load": 2364, "break_time_consumption": 2206}