{"timestamp": "2020-02-26T12:00:00", "floor_data": [{"floor": 1, "fan_consumption": 60, "light_consumption": 80, "total_floor_consumption": 140}, {"floor": 2, "fan_consumption": 60, "light_consumption": 80, "total_floor_consumption": 140}, {"floor": 3, "fan_consumption": 60, "light_consumption": 80, "total_floor_consumption": 140}, {"floor": 4, "fan_consumption": 60, "light_consumption": 80, "total_floor_consumption": 140}], "shared_equipment": {"computer_consumption": 690, "projector_consumption": 0}, "occupancy_level": 64, "temperature": 27, "time_of_day": "Afternoon", "day_of_week": "Wednesday", "holiday": false, "total_consumption": 1250, "peak_load": 1260, "break_time_consumption": 937.5}