{"timestamp": "2020-01-01T10:00:00", "floor_data": [{"floor": 1, "fan_consumption": 120, "light_consumption": 120, "total_floor_consumption": 240}, {"floor": 2, "fan_consumption": 120, "light_consumption": 120, "total_floor_consumption": 240}, {"floor": 3, "fan_consumption": 120, "light_consumption": 120, "total_floor_consumption": 240}, {"floor": 4, "fan_consumption": 120, "light_consumption": 120, "total_floor_consumption": 240}], "shared_equipment": {"computer_consumption": 719, "projector_consumption": 600}, "occupancy_level": 73, "temperature": 18, "time_of_day": "Morning", "day_of_week": "Wednesday", "holiday": false, "total_consumption": 2279, "peak_load": 2425, "break_time_consumption": 2279}