{"timestamp": "2020-01-14T14:00:00", "floor_data": [{"floor": 1, "fan_consumption": 120, "light_consumption": 120, "total_floor_consumption": 240}, {"floor": 2, "fan_consumption": 120, "light_consumption": 120, "total_floor_consumption": 240}, {"floor": 3, "fan_consumption": 120, "light_consumption": 120, "total_floor_consumption": 240}, {"floor": 4, "fan_consumption": 120, "light_consumption": 120, "total_floor_consumption": 240}], "shared_equipment": {"computer_consumption": 668, "projector_consumption": 600}, "occupancy_level": 72, "temperature": 27, "time_of_day": "Afternoon", "day_of_week": "Tuesday", "holiday": false, "total_consumption": 2228, "peak_load": 2271, "break_time_consumption": 2228}