{"timestamp": "2020-02-06T13:00:00", "floor_data": [{"floor": 1, "fan_consumption": 60, "light_consumption": 80, "total_floor_consumption": 140}, {"floor": 2, "fan_consumption": 60, "light_consumption": 80, "total_floor_consumption": 140}, {"floor": 3, "fan_consumption": 60, "light_consumption": 80, "total_floor_consumption": 140}, {"floor": 4, "fan_consumption": 60, "light_consumption": 80, "total_floor_consumption": 140}], "shared_equipment": {"computer_consumption": 754, "projector_consumption": 0}, "occupancy_level": 66, "temperature": 20, "time_of_day": "Afternoon", "day_of_week": "Thursday", "holiday": false, "total_consumption": 1314, "peak_load": 1315, "break_time_consumption": 985.5}