{"timestamp": "2020-01-31T12:00:00", "floor_data": [{"floor": 1, "fan_consumption": 60, "light_consumption": 80, "total_floor_consumption": 140}, {"floor": 2, "fan_consumption": 60, "light_consumption": 80, "total_floor_consumption": 140}, {"floor": 3, "fan_consumption": 60, "light_consumption": 80, "total_floor_consumption": 140}, {"floor": 4, "fan_consumption": 60, "light_consumption": 80, "total_floor_consumption": 140}], "shared_equipment": {"computer_consumption": 678, "projector_consumption": 0}, "occupancy_level": 73, "temperature": 24, "time_of_day": "Afternoon", "day_of_week": "Friday", "holiday": false, "total_consumption": 1238, "peak_load": 1254, "break_time_consumption": 928.5}