{"timestamp": "2020-01-27T12:00:00", "floor_data": [{"floor": 1, "fan_consumption": 60, "light_consumption": 80, "total_floor_consumption": 140}, {"floor": 2, "fan_consumption": 60, "light_consumption": 80, "total_floor_consumption": 140}, {"floor": 3, "fan_consumption": 60, "light_consumption": 80, "total_floor_consumption": 140}, {"floor": 4, "fan_consumption": 60, "light_consumption": 80, "total_floor_consumption": 140}], "shared_equipment": {"computer_consumption": 717, "projector_consumption": 0}, "occupancy_level": 83, "temperature": 21, "time_of_day": "Afternoon", "day_of_week": "Monday", "holiday": false, "total_consumption": 1277, "peak_load": 1345, "break_time_consumption": 957.75}