{"timestamp": "2020-01-01T12:00:00", "floor_data": [{"floor": 1, "fan_consumption": 60, "light_consumption": 80, "total_floor_consumption": 140}, {"floor": 2, "fan_consumption": 60, "light_consumption": 80, "total_floor_consumption": 140}, {"floor": 3, "fan_consumption": 60, "light_consumption": 80, "total_floor_consumption": 140}, {"floor": 4, "fan_consumption": 60, "light_consumption": 80, "total_floor_consumption": 140}], "shared_equipment": {"computer_consumption": 731, "projector_consumption": 0}, "occupancy_level": 73, "temperature": 18, "time_of_day": "Afternoon", "day_of_week": "Wednesday", "holiday": false, "total_consumption": 1291, "peak_load": 1368, "break_time_consumption": 968.25}