{"timestamp": "2020-02-28T12:00:00", "floor_data": [{"floor": 1, "fan_consumption": 60, "light_consumption": 80, "total_floor_consumption": 140}, {"floor": 2, "fan_consumption": 60, "light_consumption": 80, "total_floor_consumption": 140}, {"floor": 3, "fan_consumption": 60, "light_consumption": 80, "total_floor_consumption": 140}, {"floor": 4, "fan_consumption": 60, "light_consumption": 80, "total_floor_consumption": 140}], "shared_equipment": {"computer_consumption": 714, "projector_consumption": 0}, "occupancy_level": 55, "temperature": 23, "time_of_day": "Afternoon", "day_of_week": "Friday", "holiday": false, "total_consumption": 1274, "peak_load": 1450, "break_time_consumption": 955.5}