{"timestamp": "2020-01-04T12:00:00", "floor_data": [{"floor": 1, "fan_consumption": 60, "light_consumption": 80, "total_floor_consumption": 140}, {"floor": 2, "fan_consumption": 60, "light_consumption": 80, "total_floor_consumption": 140}, {"floor": 3, "fan_consumption": 60, "light_consumption": 80, "total_floor_consumption": 140}, {"floor": 4, "fan_consumption": 60, "light_consumption": 80, "total_floor_consumption": 140}], "shared_equipment": {"computer_consumption": 712, "projector_consumption": 0}, "occupancy_level": 48, "temperature": 23, "time_of_day": "Afternoon", "day_of_week": "Saturday", "holiday": false, "total_consumption": 1272, "peak_load": 1273, "break_time_consumption": 954.0}