{"timestamp": "2020-01-11T13:00:00", "floor_data": [{"floor": 1, "fan_consumption": 60, "light_consumption": 80, "total_floor_consumption": 140}, {"floor": 2, "fan_consumption": 60, "light_consumption": 80, "total_floor_consumption": 140}, {"floor": 3, "fan_consumption": 60, "light_consumption": 80, "total_floor_consumption": 140}, {"floor": 4, "fan_consumption": 60, "light_consumption": 80, "total_floor_consumption": 140}], "shared_equipment": {"computer_consumption": 649, "projector_consumption": 0}, "occupancy_level": 38, "temperature": 24, "time_of_day": "Afternoon", "day_of_week": "Saturday", "holiday": false, "total_consumption": 1209, "peak_load": 1252, "break_time_consumption": 906.75}