{"timestamp": "2020-03-02T10:00:00", "floor_data": [{"floor": 1, "fan_consumption": 120, "light_consumption": 120, "total_floor_consumption": 240}, {"floor": 2, "fan_consumption": 120, "light_consumption": 120, "total_floor_consumption": 240}, {"floor": 3, "fan_consumption": 120, "light_consumption": 120, "total_floor_consumption": 240}, {"floor": 4, "fan_consumption": 120, "light_consumption": 120, "total_floor_consumption": 240}], "shared_equipment": {"computer_consumption": 756, "projector_consumption": 600}, "occupancy_level": 98, "temperature": 19, "time_of_day": "Morning", "day_of_week": "Monday", "holiday": false, "total_consumption": 2316, "peak_load": 2413, "break_time_consumption": 2316}