{"timestamp": "2020-03-05T13:00:00", "floor_data": [{"floor": 1, "fan_consumption": 60, "light_consumption": 80, "total_floor_consumption": 140}, {"floor": 2, "fan_consumption": 60, "light_consumption": 80, "total_floor_consumption": 140}, {"floor": 3, "fan_consumption": 60, "light_consumption": 80, "total_floor_consumption": 140}, {"floor": 4, "fan_consumption": 60, "light_consumption": 80, "total_floor_consumption": 140}], "shared_equipment": {"computer_consumption": 721, "projector_consumption": 0}, "occupancy_level": 85, "temperature": 27, "time_of_day": "Afternoon", "day_of_week": "Thursday", "holiday": false, "total_consumption": 1281, "peak_load": 1398, "break_time_consumption": 960.75}