{"timestamp": "2020-01-07T13:00:00", "floor_data": [{"floor": 1, "fan_consumption": 60, "light_consumption": 80, "total_floor_consumption": 140}, {"floor": 2, "fan_consumption": 60, "light_consumption": 80, "total_floor_consumption": 140}, {"floor": 3, "fan_consumption": 60, "light_consumption": 80, "total_floor_consumption": 140}, {"floor": 4, "fan_consumption": 60, "light_consumption": 80, "total_floor_consumption": 140}], "shared_equipment": {"computer_consumption": 741, "projector_consumption": 0}, "occupancy_level": 96, "temperature": 19, "time_of_day": "Afternoon", "day_of_week": "Tuesday", "holiday": false, "total_consumption": 1301, "peak_load": 1374, "break_time_consumption": 975.75}