{"timestamp": "2020-03-02T12:00:00", "floor_data": [{"floor": 1, "fan_consumption": 60, "light_consumption": 80, "total_floor_consumption": 140}, {"floor": 2, "fan_consumption": 60, "light_consumption": 80, "total_floor_consumption": 140}, {"floor": 3, "fan_consumption": 60, "light_consumption": 80, "total_floor_consumption": 140}, {"floor": 4, "fan_consumption": 60, "light_consumption": 80, "total_floor_consumption": 140}], "shared_equipment": {"computer_consumption": 706, "projector_consumption": 0}, "occupancy_level": 98, "temperature": 19, "time_of_day": "Afternoon", "day_of_week": "Monday", "holiday": false, "total_consumption": 1266, "peak_load": 1443, "break_time_consumption": 949.5}