{"timestamp": "2020-02-15T10:00:00", "floor_data": [{"floor": 1, "fan_consumption": 120, "light_consumption": 120, "total_floor_consumption": 240}, {"floor": 2, "fan_consumption": 120, "light_consumption": 120, "total_floor_consumption": 240}, {"floor": 3, "fan_consumption": 120, "light_consumption": 120, "total_floor_consumption": 240}, {"floor": 4, "fan_consumption": 120, "light_consumption": 120, "total_floor_consumption": 240}], "shared_equipment": {"computer_consumption": 742, "projector_consumption": 600}, "occupancy_level": 38, "temperature": 25, "time_of_day": "Morning", "day_of_week": "Saturday", "holiday": false, "total_consumption": 2302, "peak_load": 2408, "break_time_consumption": 2302}