{"timestamp": "2020-01-30T13:00:00", "floor_data": [{"floor": 1, "fan_consumption": 60, "light_consumption": 80, "total_floor_consumption": 140}, {"floor": 2, "fan_consumption": 60, "light_consumption": 80, "total_floor_consumption": 140}, {"floor": 3, "fan_consumption": 60, "light_consumption": 80, "total_floor_consumption": 140}, {"floor": 4, "fan_consumption": 60, "light_consumption": 80, "total_floor_consumption": 140}], "shared_equipment": {"computer_consumption": 726, "projector_consumption": 0}, "occupancy_level": 75, "temperature": 19, "time_of_day": "Afternoon", "day_of_week": "Thursday", "holiday": false, "total_consumption": 1286, "peak_load": 1462, "break_time_consumption": 964.5}