{"timestamp": "2020-01-06T16:00:00", "floor_data": [{"floor": 1, "fan_consumption": 120, "light_consumption": 120, "total_floor_consumption": 240}, {"floor": 2, "fan_consumption": 120, "light_consumption": 120, "total_floor_consumption": 240}, {"floor": 3, "fan_consumption": 120, "light_consumption": 120, "total_floor_consumption": 240}, {"floor": 4, "fan_consumption": 120, "light_consumption": 120, "total_floor_consumption": 240}], "shared_equipment": {"computer_consumption": 725, "projector_consumption": 600}, "occupancy_level": 61, "temperature": 22, "time_of_day": "Afternoon", "day_of_week": "Monday", "holiday": false, "total_consumption": 2285, "peak_load": 2388, "break_time_consumption": 2285}