{"timestamp": "2020-01-27T15:00:00", "floor_data": [{"floor": 1, "fan_consumption": 120, "light_consumption": 120, "total_floor_consumption": 240}, {"floor": 2, "fan_consumption": 120, "light_consumption": 120, "total_floor_consumption": 240}, {"floor": 3, "fan_consumption": 120, "light_consumption": 120, "total_floor_consumption": 240}, {"floor": 4, "fan_consumption": 120, "light_consumption": 120, "total_floor_consumption": 240}], "shared_equipment": {"computer_consumption": 661, "projector_consumption": 600}, "occupancy_level": 83, "temperature": 21, "time_of_day": "Afternoon", "day_of_week": "Monday", "holiday": false, "total_consumption": 2221, "peak_load": 2380, "break_time_consumption": 2221}