{"timestamp": "2020-02-29T12:00:00", "floor_data": [{"floor": 1, "fan_consumption": 60, "light_consumption": 80, "total_floor_consumption": 140}, {"floor": 2, "fan_consumption": 60, "light_consumption": 80, "total_floor_consumption": 140}, {"floor": 3, "fan_consumption": 60, "light_consumption": 80, "total_floor_consumption": 140}, {"floor": 4, "fan_consumption": 60, "light_consumption": 80, "total_floor_consumption": 140}], "shared_equipment": {"computer_consumption": 723, "projector_consumption": 0}, "occupancy_level": 50, "temperature": 24, "time_of_day": "Afternoon", "day_of_week": "Saturday", "holiday": false, "total_consumption": 1283, "peak_load": 1423, "break_time_consumption": 962.25}