{"timestamp": "2020-02-24T16:00:00", "floor_data": [{"floor": 1, "fan_consumption": 120, "light_consumption": 120, "total_floor_consumption": 240}, {"floor": 2, "fan_consumption": 120, "light_consumption": 120, "total_floor_consumption": 240}, {"floor": 3, "fan_consumption": 120, "light_consumption": 120, "total_floor_consumption": 240}, {"floor": 4, "fan_consumption": 120, "light_consumption": 120, "total_floor_consumption": 240}], "shared_equipment": {"computer_consumption": 677, "projector_consumption": 600}, "occupancy_level": 73, "temperature": 30, "time_of_day": "Afternoon", "day_of_week": "Monday", "holiday": false, "total_consumption": 2237, "peak_load": 2313, "break_time_consumption": 2237}