{"timestamp": "2020-02-12T12:00:00", "floor_data": [{"floor": 1, "fan_consumption": 60, "light_consumption": 80, "total_floor_consumption": 140}, {"floor": 2, "fan_consumption": 60, "light_consumption": 80, "total_floor_consumption": 140}, {"floor": 3, "fan_consumption": 60, "light_consumption": 80, "total_floor_consumption": 140}, {"floor": 4, "fan_consumption": 60, "light_consumption": 80, "total_floor_consumption": 140}], "shared_equipment": {"computer_consumption": 710, "projector_consumption": 0}, "occupancy_level": 79, "temperature": 30, "time_of_day": "Afternoon", "day_of_week": "Wednesday", "holiday": false, "total_consumption": 1270, "peak_load": 1372, "break_time_consumption": 952.5}