{
    "timestamp": "2020-12-21T00:00:00",
    "floor_data": [
        {
            "floor": "Classroom 1",
            "fan_consumption": 720,
            "light_consumption": 648,
            "total_floor_consumption": 1881
        },
        {
            "floor": "Classroom 2",
            "fan_consumption": 624,
            "light_consumption": 630,
            "total_floor_consumption": 1831
        },
        {
            "floor": "Workroom 1",
            "fan_consumption": 318,
            "light_consumption": 324,
            "total_floor_consumption": 918
        },
        {
            "floor": "Workroom 2",
            "fan_consumption": 354,
            "light_consumption": 348,
            "total_floor_consumption": 915
        },
        {
            "floor": "Lab 1",
            "fan_consumption": 840,
            "light_consumption": 936,
            "total_floor_consumption": 4266
        },
        {
            "floor": "Lab 2",
            "fan_consumption": 928,
            "light_consumption": 936,
            "total_floor_consumption": 4474
        }
    ],
    "shared_equipment": {
        "computer_consumption": 433,
        "projector_consumption": 583
    },
    "occupancy_level": 65,
    "temperature": 27,
    "time_of_day": "Morning",
    "day_of_week": "Monday",
    "holiday": false,
    "total_consumption": 15301,
    "peak_load": 15733,
    "break_time_consumption": 15301
}