{
    "timestamp": "2020-02-19T00:00:00",
    "floor_data": [
        {
            "floor": "Classroom 1",
            "fan_consumption": 648,
            "light_consumption": 702,
            "total_floor_consumption": 1947
        },
        {
            "floor": "Classroom 2",
            "fan_consumption": 666,
            "light_consumption": 648,
            "total_floor_consumption": 1852
        },
        {
            "floor": "Workroom 1",
            "fan_consumption": 303,
            "light_consumption": 330,
            "total_floor_consumption": 933
        },
        {
            "floor": "Workroom 2",
            "fan_consumption": 321,
            "light_consumption": 321,
            "total_floor_consumption": 873
        },
        {
            "floor": "Lab 1",
            "fan_consumption": 944,
            "light_consumption": 920,
            "total_floor_consumption": 3964
        },
        {
            "floor": "Lab 2",
            "fan_consumption": 808,
            "light_consumption": 880,
            "total_floor_consumption": 4088
        }
    ],
    "shared_equipment": {
        "computer_consumption": 491,
        "projector_consumption": 516
    },
    "occupancy_level": 87,
    "temperature": 28,
    "time_of_day": "Morning",
    "day_of_week": "Wednesday",
    "holiday": false,
    "total_consumption": 14664,
    "peak_load": 14928,
    "break_time_consumption": 14664
}