{
    "timestamp": "2020-05-10T00:00:00",
    "floor_data": [
        {
            "floor": "Classroom 1",
            "fan_consumption": 642,
            "light_consumption": 720,
            "total_floor_consumption": 1940
        },
        {
            "floor": "Classroom 2",
            "fan_consumption": 672,
            "light_consumption": 672,
            "total_floor_consumption": 1863
        },
        {
            "floor": "Workroom 1",
            "fan_consumption": 339,
            "light_consumption": 300,
            "total_floor_consumption": 936
        },
        {
            "floor": "Workroom 2",
            "fan_consumption": 315,
            "light_consumption": 345,
            "total_floor_consumption": 942
        },
        {
            "floor": "Lab 1",
            "fan_consumption": 864,
            "light_consumption": 944,
            "total_floor_consumption": 4298
        },
        {
            "floor": "Lab 2",
            "fan_consumption": 960,
            "light_consumption": 832,
            "total_floor_consumption": 4402
        }
    ],
    "shared_equipment": {
        "computer_consumption": 498,
        "projector_consumption": 510
    },
    "occupancy_level": 86,
    "temperature": 26,
    "time_of_day": "Morning",
    "day_of_week": "Sunday",
    "holiday": true,
    "total_consumption": 15389,
    "peak_load": 15620,
    "break_time_consumption": 15389
}