{
    "timestamp": "2020-12-16T00:00:00",
    "floor_data": [
        {
            "floor": "Classroom 1",
            "fan_consumption": 618,
            "light_consumption": 600,
            "total_floor_consumption": 1817
        },
        {
            "floor": "Classroom 2",
            "fan_consumption": 600,
            "light_consumption": 654,
            "total_floor_consumption": 1784
        },
        {
            "floor": "Workroom 1",
            "fan_consumption": 348,
            "light_consumption": 318,
            "total_floor_consumption": 915
        },
        {
            "floor": "Workroom 2",
            "fan_consumption": 339,
            "light_consumption": 339,
            "total_floor_consumption": 930
        },
        {
            "floor": "Lab 1",
            "fan_consumption": 864,
            "light_consumption": 832,
            "total_floor_consumption": 4276
        },
        {
            "floor": "Lab 2",
            "fan_consumption": 928,
            "light_consumption": 856,
            "total_floor_consumption": 3884
        }
    ],
    "shared_equipment": {
        "computer_consumption": 420,
        "projector_consumption": 542
    },
    "occupancy_level": 65,
    "temperature": 20,
    "time_of_day": "Morning",
    "day_of_week": "Wednesday",
    "holiday": false,
    "total_consumption": 14568,
    "peak_load": 14911,
    "break_time_consumption": 14568
}