{
    "timestamp": "2020-07-24T00:00:00",
    "floor_data": [
        {
            "floor": "Classroom 1",
            "fan_consumption": 678,
            "light_consumption": 630,
            "total_floor_consumption": 1850
        },
        {
            "floor": "Classroom 2",
            "fan_consumption": 672,
            "light_consumption": 642,
            "total_floor_consumption": 1902
        },
        {
            "floor": "Workroom 1",
            "fan_consumption": 354,
            "light_consumption": 303,
            "total_floor_consumption": 906
        },
        {
            "floor": "Workroom 2",
            "fan_consumption": 321,
            "light_consumption": 321,
            "total_floor_consumption": 936
        },
        {
            "floor": "Lab 1",
            "fan_consumption": 800,
            "light_consumption": 928,
            "total_floor_consumption": 3828
        },
        {
            "floor": "Lab 2",
            "fan_consumption": 944,
            "light_consumption": 840,
            "total_floor_consumption": 4424
        }
    ],
    "shared_equipment": {
        "computer_consumption": 354,
        "projector_consumption": 532
    },
    "occupancy_level": 76,
    "temperature": 28,
    "time_of_day": "Morning",
    "day_of_week": "Friday",
    "holiday": false,
    "total_consumption": 14732,
    "peak_load": 15176,
    "break_time_consumption": 14732
}