{
    "timestamp": "2020-05-11T00:00:00",
    "floor_data": [
        {
            "floor": "Classroom 1",
            "fan_consumption": 708,
            "light_consumption": 708,
            "total_floor_consumption": 1920
        },
        {
            "floor": "Classroom 2",
            "fan_consumption": 678,
            "light_consumption": 714,
            "total_floor_consumption": 1903
        },
        {
            "floor": "Workroom 1",
            "fan_consumption": 306,
            "light_consumption": 300,
            "total_floor_consumption": 840
        },
        {
            "floor": "Workroom 2",
            "fan_consumption": 309,
            "light_consumption": 303,
            "total_floor_consumption": 852
        },
        {
            "floor": "Lab 1",
            "fan_consumption": 816,
            "light_consumption": 952,
            "total_floor_consumption": 4678
        },
        {
            "floor": "Lab 2",
            "fan_consumption": 840,
            "light_consumption": 920,
            "total_floor_consumption": 3920
        }
    ],
    "shared_equipment": {
        "computer_consumption": 401,
        "projector_consumption": 512
    },
    "occupancy_level": 95,
    "temperature": 24,
    "time_of_day": "Morning",
    "day_of_week": "Monday",
    "holiday": false,
    "total_consumption": 15026,
    "peak_load": 15474,
    "break_time_consumption": 15026
}