{
    "timestamp": "2020-07-16T00:00:00",
    "floor_data": [
        {
            "floor": "Classroom 1",
            "fan_consumption": 600,
            "light_consumption": 714,
            "total_floor_consumption": 1829
        },
        {
            "floor": "Classroom 2",
            "fan_consumption": 606,
            "light_consumption": 666,
            "total_floor_consumption": 1841
        },
        {
            "floor": "Workroom 1",
            "fan_consumption": 342,
            "light_consumption": 357,
            "total_floor_consumption": 927
        },
        {
            "floor": "Workroom 2",
            "fan_consumption": 318,
            "light_consumption": 348,
            "total_floor_consumption": 933
        },
        {
            "floor": "Lab 1",
            "fan_consumption": 952,
            "light_consumption": 944,
            "total_floor_consumption": 4776
        },
        {
            "floor": "Lab 2",
            "fan_consumption": 864,
            "light_consumption": 896,
            "total_floor_consumption": 4670
        }
    ],
    "shared_equipment": {
        "computer_consumption": 410,
        "projector_consumption": 533
    },
    "occupancy_level": 69,
    "temperature": 18,
    "time_of_day": "Morning",
    "day_of_week": "Thursday",
    "holiday": false,
    "total_consumption": 15919,
    "peak_load": 16395,
    "break_time_consumption": 15919
}