{
    "timestamp": "2020-09-29T00:00:00",
    "floor_data": [
        {
            "floor": "Classroom 1",
            "fan_consumption": 660,
            "light_consumption": 678,
            "total_floor_consumption": 1845
        },
        {
            "floor": "Classroom 2",
            "fan_consumption": 678,
            "light_consumption": 708,
            "total_floor_consumption": 1907
        },
        {
            "floor": "Workroom 1",
            "fan_consumption": 303,
            "light_consumption": 324,
            "total_floor_consumption": 840
        },
        {
            "floor": "Workroom 2",
            "fan_consumption": 351,
            "light_consumption": 327,
            "total_floor_consumption": 939
        },
        {
            "floor": "Lab 1",
            "fan_consumption": 800,
            "light_consumption": 840,
            "total_floor_consumption": 3740
        },
        {
            "floor": "Lab 2",
            "fan_consumption": 872,
            "light_consumption": 872,
            "total_floor_consumption": 4204
        }
    ],
    "shared_equipment": {
        "computer_consumption": 436,
        "projector_consumption": 510
    },
    "occupancy_level": 61,
    "temperature": 22,
    "time_of_day": "Morning",
    "day_of_week": "Tuesday",
    "holiday": false,
    "total_consumption": 14421,
    "peak_load": 14656,
    "break_time_consumption": 14421
}