{
    "timestamp": "2020-11-24T00:00:00",
    "floor_data": [
        {
            "floor": "Classroom 1",
            "fan_consumption": 630,
            "light_consumption": 666,
            "total_floor_consumption": 1837
        },
        {
            "floor": "Classroom 2",
            "fan_consumption": 624,
            "light_consumption": 600,
            "total_floor_consumption": 1782
        },
        {
            "floor": "Workroom 1",
            "fan_consumption": 339,
            "light_consumption": 318,
            "total_floor_consumption": 924
        },
        {
            "floor": "Workroom 2",
            "fan_consumption": 357,
            "light_consumption": 330,
            "total_floor_consumption": 954
        },
        {
            "floor": "Lab 1",
            "fan_consumption": 952,
            "light_consumption": 928,
            "total_floor_consumption": 4160
        },
        {
            "floor": "Lab 2",
            "fan_consumption": 952,
            "light_consumption": 824,
            "total_floor_consumption": 4746
        }
    ],
    "shared_equipment": {
        "computer_consumption": 316,
        "projector_consumption": 502
    },
    "occupancy_level": 98,
    "temperature": 24,
    "time_of_day": "Morning",
    "day_of_week": "Tuesday",
    "holiday": false,
    "total_consumption": 15221,
    "peak_load": 15535,
    "break_time_consumption": 15221
}