{
    "timestamp": "2020-08-07T00:00:00",
    "floor_data": [
        {
            "floor": "Classroom 1",
            "fan_consumption": 714,
            "light_consumption": 690,
            "total_floor_consumption": 1974
        },
        {
            "floor": "Classroom 2",
            "fan_consumption": 648,
            "light_consumption": 672,
            "total_floor_consumption": 1820
        },
        {
            "floor": "Workroom 1",
            "fan_consumption": 333,
            "light_consumption": 357,
            "total_floor_consumption": 966
        },
        {
            "floor": "Workroom 2",
            "fan_consumption": 300,
            "light_consumption": 354,
            "total_floor_consumption": 873
        },
        {
            "floor": "Lab 1",
            "fan_consumption": 936,
            "light_consumption": 952,
            "total_floor_consumption": 4258
        },
        {
            "floor": "Lab 2",
            "fan_consumption": 840,
            "light_consumption": 960,
            "total_floor_consumption": 4500
        }
    ],
    "shared_equipment": {
        "computer_consumption": 478,
        "projector_consumption": 558
    },
    "occupancy_level": 79,
    "temperature": 21,
    "time_of_day": "Morning",
    "day_of_week": "Friday",
    "holiday": false,
    "total_consumption": 15427,
    "peak_load": 15799,
    "break_time_consumption": 15427
}