{
    "timestamp": "2020-01-18T00:00:00",
    "floor_data": [
        {
            "floor": "Classroom 1",
            "fan_consumption": 678,
            "light_consumption": 702,
            "total_floor_consumption": 1881
        },
        {
            "floor": "Classroom 2",
            "fan_consumption": 702,
            "light_consumption": 612,
            "total_floor_consumption": 1840
        },
        {
            "floor": "Workroom 1",
            "fan_consumption": 327,
            "light_consumption": 321,
            "total_floor_consumption": 858
        },
        {
            "floor": "Workroom 2",
            "fan_consumption": 306,
            "light_consumption": 327,
            "total_floor_consumption": 924
        },
        {
            "floor": "Lab 1",
            "fan_consumption": 920,
            "light_consumption": 904,
            "total_floor_consumption": 4224
        },
        {
            "floor": "Lab 2",
            "fan_consumption": 808,
            "light_consumption": 848,
            "total_floor_consumption": 4356
        }
    ],
    "shared_equipment": {
        "computer_consumption": 482,
        "projector_consumption": 561
    },
    "occupancy_level": 79,
    "temperature": 20,
    "time_of_day": "Morning",
    "day_of_week": "Saturday",
    "holiday": true,
    "total_consumption": 15126,
    "peak_load": 15549,
    "break_time_consumption": 15126
}