{
    "timestamp": "2020-11-09T00:00:00",
    "floor_data": [
        {
            "floor": "Classroom 1",
            "fan_consumption": 678,
            "light_consumption": 612,
            "total_floor_consumption": 1798
        },
        {
            "floor": "Classroom 2",
            "fan_consumption": 666,
            "light_consumption": 600,
            "total_floor_consumption": 1788
        },
        {
            "floor": "Workroom 1",
            "fan_consumption": 327,
            "light_consumption": 309,
            "total_floor_consumption": 897
        },
        {
            "floor": "Workroom 2",
            "fan_consumption": 324,
            "light_consumption": 345,
            "total_floor_consumption": 900
        },
        {
            "floor": "Lab 1",
            "fan_consumption": 912,
            "light_consumption": 856,
            "total_floor_consumption": 4078
        },
        {
            "floor": "Lab 2",
            "fan_consumption": 832,
            "light_consumption": 928,
            "total_floor_consumption": 4160
        }
    ],
    "shared_equipment": {
        "computer_consumption": 367,
        "projector_consumption": 576
    },
    "occupancy_level": 72,
    "temperature": 24,
    "time_of_day": "Morning",
    "day_of_week": "Monday",
    "holiday": false,
    "total_consumption": 14564,
    "peak_load": 14936,
    "break_time_consumption": 14564
}