{
    "timestamp": "2020-12-09T00:00:00",
    "floor_data": [
        {
            "floor": "Classroom 1",
            "fan_consumption": 666,
            "light_consumption": 618,
            "total_floor_consumption": 1812
        },
        {
            "floor": "Classroom 2",
            "fan_consumption": 624,
            "light_consumption": 720,
            "total_floor_consumption": 1874
        },
        {
            "floor": "Workroom 1",
            "fan_consumption": 348,
            "light_consumption": 351,
            "total_floor_consumption": 981
        },
        {
            "floor": "Workroom 2",
            "fan_consumption": 318,
            "light_consumption": 306,
            "total_floor_consumption": 834
        },
        {
            "floor": "Lab 1",
            "fan_consumption": 896,
            "light_consumption": 840,
            "total_floor_consumption": 4136
        },
        {
            "floor": "Lab 2",
            "fan_consumption": 904,
            "light_consumption": 816,
            "total_floor_consumption": 4450
        }
    ],
    "shared_equipment": {
        "computer_consumption": 369,
        "projector_consumption": 561
    },
    "occupancy_level": 64,
    "temperature": 18,
    "time_of_day": "Morning",
    "day_of_week": "Wednesday",
    "holiday": false,
    "total_consumption": 15017,
    "peak_load": 15399,
    "break_time_consumption": 15017
}