{
    "timestamp": "2020-09-01T00:00:00",
    "floor_data": [
        {
            "floor": "Classroom 1",
            "fan_consumption": 702,
            "light_consumption": 702,
            "total_floor_consumption": 1971
        },
        {
            "floor": "Classroom 2",
            "fan_consumption": 648,
            "light_consumption": 690,
            "total_floor_consumption": 1881
        },
        {
            "floor": "Workroom 1",
            "fan_consumption": 330,
            "light_consumption": 309,
            "total_floor_consumption": 939
        },
        {
            "floor": "Workroom 2",
            "fan_consumption": 321,
            "light_consumption": 321,
            "total_floor_consumption": 900
        },
        {
            "floor": "Lab 1",
            "fan_consumption": 816,
            "light_consumption": 848,
            "total_floor_consumption": 4334
        },
        {
            "floor": "Lab 2",
            "fan_consumption": 824,
            "light_consumption": 824,
            "total_floor_consumption": 4018
        }
    ],
    "shared_equipment": {
        "computer_consumption": 422,
        "projector_consumption": 583
    },
    "occupancy_level": 66,
    "temperature": 22,
    "time_of_day": "Morning",
    "day_of_week": "Tuesday",
    "holiday": false,
    "total_consumption": 15048,
    "peak_load": 15351,
    "break_time_consumption": 15048
}