{
    "timestamp": "2020-09-30T00:00:00",
    "floor_data": [
        {
            "floor": "Classroom 1",
            "fan_consumption": 600,
            "light_consumption": 624,
            "total_floor_consumption": 1778
        },
        {
            "floor": "Classroom 2",
            "fan_consumption": 654,
            "light_consumption": 708,
            "total_floor_consumption": 1937
        },
        {
            "floor": "Workroom 1",
            "fan_consumption": 300,
            "light_consumption": 360,
            "total_floor_consumption": 942
        },
        {
            "floor": "Workroom 2",
            "fan_consumption": 357,
            "light_consumption": 357,
            "total_floor_consumption": 996
        },
        {
            "floor": "Lab 1",
            "fan_consumption": 856,
            "light_consumption": 920,
            "total_floor_consumption": 4506
        },
        {
            "floor": "Lab 2",
            "fan_consumption": 936,
            "light_consumption": 912,
            "total_floor_consumption": 4638
        }
    ],
    "shared_equipment": {
        "computer_consumption": 364,
        "projector_consumption": 583
    },
    "occupancy_level": 95,
    "temperature": 28,
    "time_of_day": "Morning",
    "day_of_week": "Wednesday",
    "holiday": false,
    "total_consumption": 15744,
    "peak_load": 16231,
    "break_time_consumption": 15744
}