{
    "timestamp": "2020-01-06T00:00:00",
    "floor_data": [
        {
            "floor": "Classroom 1",
            "fan_consumption": 690,
            "light_consumption": 624,
            "total_floor_consumption": 1858
        },
        {
            "floor": "Classroom 2",
            "fan_consumption": 630,
            "light_consumption": 702,
            "total_floor_consumption": 1900
        },
        {
            "floor": "Workroom 1",
            "fan_consumption": 318,
            "light_consumption": 324,
            "total_floor_consumption": 933
        },
        {
            "floor": "Workroom 2",
            "fan_consumption": 339,
            "light_consumption": 336,
            "total_floor_consumption": 927
        },
        {
            "floor": "Lab 1",
            "fan_consumption": 928,
            "light_consumption": 872,
            "total_floor_consumption": 4230
        },
        {
            "floor": "Lab 2",
            "fan_consumption": 800,
            "light_consumption": 896,
            "total_floor_consumption": 4126
        }
    ],
    "shared_equipment": {
        "computer_consumption": 435,
        "projector_consumption": 575
    },
    "occupancy_level": 95,
    "temperature": 24,
    "time_of_day": "Morning",
    "day_of_week": "Monday",
    "holiday": false,
    "total_consumption": 14984,
    "peak_load": 15268,
    "break_time_consumption": 14984
}