{
    "timestamp": "2020-04-29T00:00:00",
    "floor_data": [
        {
            "floor": "Classroom 1",
            "fan_consumption": 642,
            "light_consumption": 654,
            "total_floor_consumption": 1848
        },
        {
            "floor": "Classroom 2",
            "fan_consumption": 702,
            "light_consumption": 606,
            "total_floor_consumption": 1888
        },
        {
            "floor": "Workroom 1",
            "fan_consumption": 333,
            "light_consumption": 303,
            "total_floor_consumption": 936
        },
        {
            "floor": "Workroom 2",
            "fan_consumption": 336,
            "light_consumption": 357,
            "total_floor_consumption": 924
        },
        {
            "floor": "Lab 1",
            "fan_consumption": 960,
            "light_consumption": 840,
            "total_floor_consumption": 3900
        },
        {
            "floor": "Lab 2",
            "fan_consumption": 840,
            "light_consumption": 928,
            "total_floor_consumption": 4348
        }
    ],
    "shared_equipment": {
        "computer_consumption": 378,
        "projector_consumption": 523
    },
    "occupancy_level": 95,
    "temperature": 18,
    "time_of_day": "Morning",
    "day_of_week": "Wednesday",
    "holiday": false,
    "total_consumption": 14745,
    "peak_load": 15042,
    "break_time_consumption": 14745
}