{
    "timestamp": "2020-09-17T00:00:00",
    "floor_data": [
        {
            "floor": "Classroom 1",
            "fan_consumption": 636,
            "light_consumption": 630,
            "total_floor_consumption": 1781
        },
        {
            "floor": "Classroom 2",
            "fan_consumption": 624,
            "light_consumption": 648,
            "total_floor_consumption": 1843
        },
        {
            "floor": "Workroom 1",
            "fan_consumption": 360,
            "light_consumption": 333,
            "total_floor_consumption": 969
        },
        {
            "floor": "Workroom 2",
            "fan_consumption": 309,
            "light_consumption": 339,
            "total_floor_consumption": 861
        },
        {
            "floor": "Lab 1",
            "fan_consumption": 952,
            "light_consumption": 896,
            "total_floor_consumption": 4128
        },
        {
            "floor": "Lab 2",
            "fan_consumption": 880,
            "light_consumption": 920,
            "total_floor_consumption": 4530
        }
    ],
    "shared_equipment": {
        "computer_consumption": 444,
        "projector_consumption": 573
    },
    "occupancy_level": 60,
    "temperature": 19,
    "time_of_day": "Morning",
    "day_of_week": "Thursday",
    "holiday": false,
    "total_consumption": 15129,
    "peak_load": 15405,
    "break_time_consumption": 15129
}