{
    "timestamp": "2020-03-28T00:00:00",
    "floor_data": [
        {
            "floor": "Classroom 1",
            "fan_consumption": 636,
            "light_consumption": 684,
            "total_floor_consumption": 1837
        },
        {
            "floor": "Classroom 2",
            "fan_consumption": 714,
            "light_consumption": 636,
            "total_floor_consumption": 1862
        },
        {
            "floor": "Workroom 1",
            "fan_consumption": 330,
            "light_consumption": 312,
            "total_floor_consumption": 867
        },
        {
            "floor": "Workroom 2",
            "fan_consumption": 324,
            "light_consumption": 342,
            "total_floor_consumption": 927
        },
        {
            "floor": "Lab 1",
            "fan_consumption": 912,
            "light_consumption": 944,
            "total_floor_consumption": 4436
        },
        {
            "floor": "Lab 2",
            "fan_consumption": 904,
            "light_consumption": 896,
            "total_floor_consumption": 3930
        }
    ],
    "shared_equipment": {
        "computer_consumption": 450,
        "projector_consumption": 524
    },
    "occupancy_level": 98,
    "temperature": 24,
    "time_of_day": "Morning",
    "day_of_week": "Saturday",
    "holiday": true,
    "total_consumption": 14833,
    "peak_load": 15217,
    "break_time_consumption": 14833
}