{
    "timestamp": "2020-07-18T00:00:00",
    "floor_data": [
        {
            "floor": "Classroom 1",
            "fan_consumption": 648,
            "light_consumption": 636,
            "total_floor_consumption": 1791
        },
        {
            "floor": "Classroom 2",
            "fan_consumption": 678,
            "light_consumption": 708,
            "total_floor_consumption": 1959
        },
        {
            "floor": "Workroom 1",
            "fan_consumption": 351,
            "light_consumption": 327,
            "total_floor_consumption": 924
        },
        {
            "floor": "Workroom 2",
            "fan_consumption": 321,
            "light_consumption": 357,
            "total_floor_consumption": 972
        },
        {
            "floor": "Lab 1",
            "fan_consumption": 872,
            "light_consumption": 944,
            "total_floor_consumption": 4276
        },
        {
            "floor": "Lab 2",
            "fan_consumption": 888,
            "light_consumption": 952,
            "total_floor_consumption": 4570
        }
    ],
    "shared_equipment": {
        "computer_consumption": 344,
        "projector_consumption": 543
    },
    "occupancy_level": 63,
    "temperature": 26,
    "time_of_day": "Morning",
    "day_of_week": "Saturday",
    "holiday": true,
    "total_consumption": 15379,
    "peak_load": 15654,
    "break_time_consumption": 15379
}