{
    "timestamp": "2020-01-16T00:00:00",
    "floor_data": [
        {
            "floor": "Classroom 1",
            "fan_consumption": 630,
            "light_consumption": 612,
            "total_floor_consumption": 1836
        },
        {
            "floor": "Classroom 2",
            "fan_consumption": 690,
            "light_consumption": 654,
            "total_floor_consumption": 1920
        },
        {
            "floor": "Workroom 1",
            "fan_consumption": 318,
            "light_consumption": 315,
            "total_floor_consumption": 897
        },
        {
            "floor": "Workroom 2",
            "fan_consumption": 327,
            "light_consumption": 342,
            "total_floor_consumption": 888
        },
        {
            "floor": "Lab 1",
            "fan_consumption": 960,
            "light_consumption": 840,
            "total_floor_consumption": 4200
        },
        {
            "floor": "Lab 2",
            "fan_consumption": 936,
            "light_consumption": 944,
            "total_floor_consumption": 4100
        }
    ],
    "shared_equipment": {
        "computer_consumption": 489,
        "projector_consumption": 578
    },
    "occupancy_level": 85,
    "temperature": 22,
    "time_of_day": "Morning",
    "day_of_week": "Thursday",
    "holiday": false,
    "total_consumption": 14908,
    "peak_load": 15333,
    "break_time_consumption": 14908
}