{
    "timestamp": "2020-12-03T00:00:00",
    "floor_data": [
        {
            "floor": "Classroom 1",
            "fan_consumption": 642,
            "light_consumption": 672,
            "total_floor_consumption": 1837
        },
        {
            "floor": "Classroom 2",
            "fan_consumption": 618,
            "light_consumption": 696,
            "total_floor_consumption": 1903
        },
        {
            "floor": "Workroom 1",
            "fan_consumption": 333,
            "light_consumption": 306,
            "total_floor_consumption": 858
        },
        {
            "floor": "Workroom 2",
            "fan_consumption": 300,
            "light_consumption": 357,
            "total_floor_consumption": 951
        },
        {
            "floor": "Lab 1",
            "fan_consumption": 960,
            "light_consumption": 808,
            "total_floor_consumption": 4588
        },
        {
            "floor": "Lab 2",
            "fan_consumption": 944,
            "light_consumption": 888,
            "total_floor_consumption": 4802
        }
    ],
    "shared_equipment": {
        "computer_consumption": 334,
        "projector_consumption": 518
    },
    "occupancy_level": 64,
    "temperature": 19,
    "time_of_day": "Morning",
    "day_of_week": "Thursday",
    "holiday": false,
    "total_consumption": 15791,
    "peak_load": 16009,
    "break_time_consumption": 15791
}