{
    "timestamp": "2020-07-29T00:00:00",
    "floor_data": [
        {
            "floor": "Classroom 1",
            "fan_consumption": 654,
            "light_consumption": 660,
            "total_floor_consumption": 1858
        },
        {
            "floor": "Classroom 2",
            "fan_consumption": 654,
            "light_consumption": 636,
            "total_floor_consumption": 1873
        },
        {
            "floor": "Workroom 1",
            "fan_consumption": 309,
            "light_consumption": 357,
            "total_floor_consumption": 915
        },
        {
            "floor": "Workroom 2",
            "fan_consumption": 321,
            "light_consumption": 309,
            "total_floor_consumption": 849
        },
        {
            "floor": "Lab 1",
            "fan_consumption": 872,
            "light_consumption": 960,
            "total_floor_consumption": 4022
        },
        {
            "floor": "Lab 2",
            "fan_consumption": 872,
            "light_consumption": 880,
            "total_floor_consumption": 4602
        }
    ],
    "shared_equipment": {
        "computer_consumption": 412,
        "projector_consumption": 505
    },
    "occupancy_level": 60,
    "temperature": 18,
    "time_of_day": "Morning",
    "day_of_week": "Wednesday",
    "holiday": false,
    "total_consumption": 15036,
    "peak_load": 15451,
    "break_time_consumption": 15036
}