{
    "timestamp": "2020-10-02T00:00:00",
    "floor_data": [
        {
            "floor": "Classroom 1",
            "fan_consumption": 690,
            "light_consumption": 648,
            "total_floor_consumption": 1874
        },
        {
            "floor": "Classroom 2",
            "fan_consumption": 654,
            "light_consumption": 696,
            "total_floor_consumption": 1925
        },
        {
            "floor": "Workroom 1",
            "fan_consumption": 354,
            "light_consumption": 303,
            "total_floor_consumption": 921
        },
        {
            "floor": "Workroom 2",
            "fan_consumption": 360,
            "light_consumption": 357,
            "total_floor_consumption": 972
        },
        {
            "floor": "Lab 1",
            "fan_consumption": 808,
            "light_consumption": 832,
            "total_floor_consumption": 4280
        },
        {
            "floor": "Lab 2",
            "fan_consumption": 816,
            "light_consumption": 800,
            "total_floor_consumption": 3896
        }
    ],
    "shared_equipment": {
        "computer_consumption": 334,
        "projector_consumption": 584
    },
    "occupancy_level": 87,
    "temperature": 20,
    "time_of_day": "Morning",
    "day_of_week": "Friday",
    "holiday": false,
    "total_consumption": 14786,
    "peak_load": 14990,
    "break_time_consumption": 14786
}