{
    "timestamp": "2020-06-22T00:00:00",
    "floor_data": [
        {
            "floor": "Classroom 1",
            "fan_consumption": 672,
            "light_consumption": 672,
            "total_floor_consumption": 1899
        },
        {
            "floor": "Classroom 2",
            "fan_consumption": 690,
            "light_consumption": 714,
            "total_floor_consumption": 1986
        },
        {
            "floor": "Workroom 1",
            "fan_consumption": 342,
            "light_consumption": 354,
            "total_floor_consumption": 915
        },
        {
            "floor": "Workroom 2",
            "fan_consumption": 321,
            "light_consumption": 306,
            "total_floor_consumption": 837
        },
        {
            "floor": "Lab 1",
            "fan_consumption": 952,
            "light_consumption": 824,
            "total_floor_consumption": 4056
        },
        {
            "floor": "Lab 2",
            "fan_consumption": 888,
            "light_consumption": 840,
            "total_floor_consumption": 3888
        }
    ],
    "shared_equipment": {
        "computer_consumption": 393,
        "projector_consumption": 534
    },
    "occupancy_level": 81,
    "temperature": 20,
    "time_of_day": "Morning",
    "day_of_week": "Monday",
    "holiday": false,
    "total_consumption": 14508,
    "peak_load": 14710,
    "break_time_consumption": 14508
}