{
    "timestamp": "2020-02-09T00:00:00",
    "floor_data": [
        {
            "floor": "Classroom 1",
            "fan_consumption": 654,
            "light_consumption": 720,
            "total_floor_consumption": 1894
        },
        {
            "floor": "Classroom 2",
            "fan_consumption": 624,
            "light_consumption": 642,
            "total_floor_consumption": 1853
        },
        {
            "floor": "Workroom 1",
            "fan_consumption": 345,
            "light_consumption": 354,
            "total_floor_consumption": 975
        },
        {
            "floor": "Workroom 2",
            "fan_consumption": 351,
            "light_consumption": 321,
            "total_floor_consumption": 951
        },
        {
            "floor": "Lab 1",
            "fan_consumption": 888,
            "light_consumption": 936,
            "total_floor_consumption": 4614
        },
        {
            "floor": "Lab 2",
            "fan_consumption": 928,
            "light_consumption": 920,
            "total_floor_consumption": 4308
        }
    ],
    "shared_equipment": {
        "computer_consumption": 438,
        "projector_consumption": 553
    },
    "occupancy_level": 68,
    "temperature": 22,
    "time_of_day": "Morning",
    "day_of_week": "Sunday",
    "holiday": true,
    "total_consumption": 15586,
    "peak_load": 15995,
    "break_time_consumption": 15586
}