{
    "timestamp": "2020-11-03T00:00:00",
    "floor_data": [
        {
            "floor": "Classroom 1",
            "fan_consumption": 642,
            "light_consumption": 660,
            "total_floor_consumption": 1817
        },
        {
            "floor": "Classroom 2",
            "fan_consumption": 690,
            "light_consumption": 672,
            "total_floor_consumption": 1883
        },
        {
            "floor": "Workroom 1",
            "fan_consumption": 300,
            "light_consumption": 324,
            "total_floor_consumption": 873
        },
        {
            "floor": "Workroom 2",
            "fan_consumption": 345,
            "light_consumption": 330,
            "total_floor_consumption": 936
        },
        {
            "floor": "Lab 1",
            "fan_consumption": 904,
            "light_consumption": 936,
            "total_floor_consumption": 4540
        },
        {
            "floor": "Lab 2",
            "fan_consumption": 904,
            "light_consumption": 840,
            "total_floor_consumption": 4294
        }
    ],
    "shared_equipment": {
        "computer_consumption": 388,
        "projector_consumption": 549
    },
    "occupancy_level": 71,
    "temperature": 26,
    "time_of_day": "Morning",
    "day_of_week": "Tuesday",
    "holiday": false,
    "total_consumption": 15280,
    "peak_load": 15651,
    "break_time_consumption": 15280
}