{
    "timestamp": "2020-02-28T00:00:00",
    "floor_data": [
        {
            "floor": "Classroom 1",
            "fan_consumption": 714,
            "light_consumption": 654,
            "total_floor_consumption": 1954
        },
        {
            "floor": "Classroom 2",
            "fan_consumption": 678,
            "light_consumption": 720,
            "total_floor_consumption": 1938
        },
        {
            "floor": "Workroom 1",
            "fan_consumption": 342,
            "light_consumption": 339,
            "total_floor_consumption": 927
        },
        {
            "floor": "Workroom 2",
            "fan_consumption": 327,
            "light_consumption": 351,
            "total_floor_consumption": 912
        },
        {
            "floor": "Lab 1",
            "fan_consumption": 960,
            "light_consumption": 896,
            "total_floor_consumption": 4316
        },
        {
            "floor": "Lab 2",
            "fan_consumption": 936,
            "light_consumption": 856,
            "total_floor_consumption": 4402
        }
    ],
    "shared_equipment": {
        "computer_consumption": 376,
        "projector_consumption": 593
    },
    "occupancy_level": 88,
    "temperature": 24,
    "time_of_day": "Morning",
    "day_of_week": "Friday",
    "holiday": false,
    "total_consumption": 15418,
    "peak_load": 15639,
    "break_time_consumption": 15418
}