{
    "timestamp": "2020-01-15T00:00:00",
    "floor_data": [
        {
            "floor": "Classroom 1",
            "fan_consumption": 630,
            "light_consumption": 684,
            "total_floor_consumption": 1823
        },
        {
            "floor": "Classroom 2",
            "fan_consumption": 684,
            "light_consumption": 684,
            "total_floor_consumption": 1932
        },
        {
            "floor": "Workroom 1",
            "fan_consumption": 315,
            "light_consumption": 321,
            "total_floor_consumption": 855
        },
        {
            "floor": "Workroom 2",
            "fan_consumption": 351,
            "light_consumption": 306,
            "total_floor_consumption": 924
        },
        {
            "floor": "Lab 1",
            "fan_consumption": 832,
            "light_consumption": 824,
            "total_floor_consumption": 4506
        },
        {
            "floor": "Lab 2",
            "fan_consumption": 912,
            "light_consumption": 856,
            "total_floor_consumption": 4648
        }
    ],
    "shared_equipment": {
        "computer_consumption": 491,
        "projector_consumption": 569
    },
    "occupancy_level": 75,
    "temperature": 25,
    "time_of_day": "Morning",
    "day_of_week": "Wednesday",
    "holiday": false,
    "total_consumption": 15748,
    "peak_load": 16231,
    "break_time_consumption": 15748
}