{
    "timestamp": "2020-05-09T00:00:00",
    "floor_data": [
        {
            "floor": "Classroom 1",
            "fan_consumption": 654,
            "light_consumption": 654,
            "total_floor_consumption": 1842
        },
        {
            "floor": "Classroom 2",
            "fan_consumption": 720,
            "light_consumption": 636,
            "total_floor_consumption": 1953
        },
        {
            "floor": "Workroom 1",
            "fan_consumption": 345,
            "light_consumption": 330,
            "total_floor_consumption": 915
        },
        {
            "floor": "Workroom 2",
            "fan_consumption": 315,
            "light_consumption": 360,
            "total_floor_consumption": 936
        },
        {
            "floor": "Lab 1",
            "fan_consumption": 912,
            "light_consumption": 848,
            "total_floor_consumption": 4100
        },
        {
            "floor": "Lab 2",
            "fan_consumption": 936,
            "light_consumption": 920,
            "total_floor_consumption": 4136
        }
    ],
    "shared_equipment": {
        "computer_consumption": 325,
        "projector_consumption": 503
    },
    "occupancy_level": 94,
    "temperature": 28,
    "time_of_day": "Morning",
    "day_of_week": "Saturday",
    "holiday": true,
    "total_consumption": 14710,
    "peak_load": 15188,
    "break_time_consumption": 14710
}