{
    "timestamp": "2020-03-02T00:00:00",
    "floor_data": [
        {
            "floor": "Classroom 1",
            "fan_consumption": 708,
            "light_consumption": 612,
            "total_floor_consumption": 1876
        },
        {
            "floor": "Classroom 2",
            "fan_consumption": 600,
            "light_consumption": 630,
            "total_floor_consumption": 1735
        },
        {
            "floor": "Workroom 1",
            "fan_consumption": 321,
            "light_consumption": 315,
            "total_floor_consumption": 921
        },
        {
            "floor": "Workroom 2",
            "fan_consumption": 354,
            "light_consumption": 348,
            "total_floor_consumption": 912
        },
        {
            "floor": "Lab 1",
            "fan_consumption": 816,
            "light_consumption": 856,
            "total_floor_consumption": 4342
        },
        {
            "floor": "Lab 2",
            "fan_consumption": 960,
            "light_consumption": 904,
            "total_floor_consumption": 4804
        }
    ],
    "shared_equipment": {
        "computer_consumption": 431,
        "projector_consumption": 527
    },
    "occupancy_level": 85,
    "temperature": 22,
    "time_of_day": "Morning",
    "day_of_week": "Monday",
    "holiday": false,
    "total_consumption": 15548,
    "peak_load": 15952,
    "break_time_consumption": 15548
}