{
    "timestamp": "2020-02-25T00:00:00",
    "floor_data": [
        {
            "floor": "Classroom 1",
            "fan_consumption": 648,
            "light_consumption": 720,
            "total_floor_consumption": 1912
        },
        {
            "floor": "Classroom 2",
            "fan_consumption": 660,
            "light_consumption": 702,
            "total_floor_consumption": 1934
        },
        {
            "floor": "Workroom 1",
            "fan_consumption": 318,
            "light_consumption": 339,
            "total_floor_consumption": 906
        },
        {
            "floor": "Workroom 2",
            "fan_consumption": 336,
            "light_consumption": 330,
            "total_floor_consumption": 936
        },
        {
            "floor": "Lab 1",
            "fan_consumption": 896,
            "light_consumption": 920,
            "total_floor_consumption": 4066
        },
        {
            "floor": "Lab 2",
            "fan_consumption": 808,
            "light_consumption": 816,
            "total_floor_consumption": 4444
        }
    ],
    "shared_equipment": {
        "computer_consumption": 300,
        "projector_consumption": 565
    },
    "occupancy_level": 75,
    "temperature": 24,
    "time_of_day": "Morning",
    "day_of_week": "Tuesday",
    "holiday": false,
    "total_consumption": 15063,
    "peak_load": 15559,
    "break_time_consumption": 15063
}