{
    "timestamp": "2020-04-12T00:00:00",
    "floor_data": [
        {
            "floor": "Classroom 1",
            "fan_consumption": 708,
            "light_consumption": 714,
            "total_floor_consumption": 1995
        },
        {
            "floor": "Classroom 2",
            "fan_consumption": 624,
            "light_consumption": 702,
            "total_floor_consumption": 1859
        },
        {
            "floor": "Workroom 1",
            "fan_consumption": 351,
            "light_consumption": 354,
            "total_floor_consumption": 999
        },
        {
            "floor": "Workroom 2",
            "fan_consumption": 324,
            "light_consumption": 333,
            "total_floor_consumption": 936
        },
        {
            "floor": "Lab 1",
            "fan_consumption": 824,
            "light_consumption": 944,
            "total_floor_consumption": 4228
        },
        {
            "floor": "Lab 2",
            "fan_consumption": 832,
            "light_consumption": 848,
            "total_floor_consumption": 4200
        }
    ],
    "shared_equipment": {
        "computer_consumption": 320,
        "projector_consumption": 585
    },
    "occupancy_level": 83,
    "temperature": 25,
    "time_of_day": "Morning",
    "day_of_week": "Sunday",
    "holiday": true,
    "total_consumption": 15122,
    "peak_load": 15588,
    "break_time_consumption": 15122
}