{
    "timestamp": "2020-12-31T00:00:00",
    "floor_data": [
        {
            "floor": "Classroom 1",
            "fan_consumption": 708,
            "light_consumption": 708,
            "total_floor_consumption": 1926
        },
        {
            "floor": "Classroom 2",
            "fan_consumption": 720,
            "light_consumption": 666,
            "total_floor_consumption": 1895
        },
        {
            "floor": "Workroom 1",
            "fan_consumption": 339,
            "light_consumption": 315,
            "total_floor_consumption": 921
        },
        {
            "floor": "Workroom 2",
            "fan_consumption": 303,
            "light_consumption": 306,
            "total_floor_consumption": 831
        },
        {
            "floor": "Lab 1",
            "fan_consumption": 904,
            "light_consumption": 936,
            "total_floor_consumption": 4150
        },
        {
            "floor": "Lab 2",
            "fan_consumption": 872,
            "light_consumption": 848,
            "total_floor_consumption": 4390
        }
    ],
    "shared_equipment": {
        "computer_consumption": 355,
        "projector_consumption": 575
    },
    "occupancy_level": 71,
    "temperature": 28,
    "time_of_day": "Morning",
    "day_of_week": "Thursday",
    "holiday": false,
    "total_consumption": 15043,
    "peak_load": 15282,
    "break_time_consumption": 15043
}