{
    "timestamp": "2020-07-07T00:00:00",
    "floor_data": [
        {
            "floor": "Classroom 1",
            "fan_consumption": 690,
            "light_consumption": 702,
            "total_floor_consumption": 1919
        },
        {
            "floor": "Classroom 2",
            "fan_consumption": 696,
            "light_consumption": 600,
            "total_floor_consumption": 1859
        },
        {
            "floor": "Workroom 1",
            "fan_consumption": 357,
            "light_consumption": 357,
            "total_floor_consumption": 954
        },
        {
            "floor": "Workroom 2",
            "fan_consumption": 300,
            "light_consumption": 342,
            "total_floor_consumption": 933
        },
        {
            "floor": "Lab 1",
            "fan_consumption": 912,
            "light_consumption": 928,
            "total_floor_consumption": 4720
        },
        {
            "floor": "Lab 2",
            "fan_consumption": 904,
            "light_consumption": 880,
            "total_floor_consumption": 4214
        }
    ],
    "shared_equipment": {
        "computer_consumption": 420,
        "projector_consumption": 590
    },
    "occupancy_level": 75,
    "temperature": 20,
    "time_of_day": "Morning",
    "day_of_week": "Tuesday",
    "holiday": false,
    "total_consumption": 15609,
    "peak_load": 15925,
    "break_time_consumption": 15609
}