{
    "timestamp": "2020-07-03T00:00:00",
    "floor_data": [
        {
            "floor": "Classroom 1",
            "fan_consumption": 666,
            "light_consumption": 696,
            "total_floor_consumption": 1891
        },
        {
            "floor": "Classroom 2",
            "fan_consumption": 636,
            "light_consumption": 660,
            "total_floor_consumption": 1864
        },
        {
            "floor": "Workroom 1",
            "fan_consumption": 333,
            "light_consumption": 309,
            "total_floor_consumption": 852
        },
        {
            "floor": "Workroom 2",
            "fan_consumption": 324,
            "light_consumption": 360,
            "total_floor_consumption": 927
        },
        {
            "floor": "Lab 1",
            "fan_consumption": 952,
            "light_consumption": 816,
            "total_floor_consumption": 4378
        },
        {
            "floor": "Lab 2",
            "fan_consumption": 808,
            "light_consumption": 944,
            "total_floor_consumption": 4002
        }
    ],
    "shared_equipment": {
        "computer_consumption": 483,
        "projector_consumption": 573
    },
    "occupancy_level": 93,
    "temperature": 24,
    "time_of_day": "Morning",
    "day_of_week": "Friday",
    "holiday": false,
    "total_consumption": 14970,
    "peak_load": 15445,
    "break_time_consumption": 14970
}