{
    "timestamp": "2020-09-27T00:00:00",
    "floor_data": [
        {
            "floor": "Classroom 1",
            "fan_consumption": 714,
            "light_consumption": 618,
            "total_floor_consumption": 1910
        },
        {
            "floor": "Classroom 2",
            "fan_consumption": 612,
            "light_consumption": 666,
            "total_floor_consumption": 1830
        },
        {
            "floor": "Workroom 1",
            "fan_consumption": 360,
            "light_consumption": 327,
            "total_floor_consumption": 927
        },
        {
            "floor": "Workroom 2",
            "fan_consumption": 348,
            "light_consumption": 354,
            "total_floor_consumption": 918
        },
        {
            "floor": "Lab 1",
            "fan_consumption": 832,
            "light_consumption": 952,
            "total_floor_consumption": 4094
        },
        {
            "floor": "Lab 2",
            "fan_consumption": 824,
            "light_consumption": 880,
            "total_floor_consumption": 4164
        }
    ],
    "shared_equipment": {
        "computer_consumption": 482,
        "projector_consumption": 568
    },
    "occupancy_level": 87,
    "temperature": 23,
    "time_of_day": "Morning",
    "day_of_week": "Sunday",
    "holiday": true,
    "total_consumption": 14893,
    "peak_load": 15114,
    "break_time_consumption": 14893
}