{
    "timestamp": "2020-11-18T00:00:00",
    "floor_data": [
        {
            "floor": "Classroom 1",
            "fan_consumption": 702,
            "light_consumption": 684,
            "total_floor_consumption": 1946
        },
        {
            "floor": "Classroom 2",
            "fan_consumption": 636,
            "light_consumption": 708,
            "total_floor_consumption": 1915
        },
        {
            "floor": "Workroom 1",
            "fan_consumption": 351,
            "light_consumption": 360,
            "total_floor_consumption": 921
        },
        {
            "floor": "Workroom 2",
            "fan_consumption": 357,
            "light_consumption": 324,
            "total_floor_consumption": 933
        },
        {
            "floor": "Lab 1",
            "fan_consumption": 896,
            "light_consumption": 944,
            "total_floor_consumption": 3970
        },
        {
            "floor": "Lab 2",
            "fan_consumption": 920,
            "light_consumption": 904,
            "total_floor_consumption": 4314
        }
    ],
    "shared_equipment": {
        "computer_consumption": 333,
        "projector_consumption": 520
    },
    "occupancy_level": 75,
    "temperature": 19,
    "time_of_day": "Morning",
    "day_of_week": "Wednesday",
    "holiday": false,
    "total_consumption": 14852,
    "peak_load": 15226,
    "break_time_consumption": 14852
}