{
    "timestamp": "2020-05-19T00:00:00",
    "floor_data": [
        {
            "floor": "Classroom 1",
            "fan_consumption": 660,
            "light_consumption": 624,
            "total_floor_consumption": 1792
        },
        {
            "floor": "Classroom 2",
            "fan_consumption": 624,
            "light_consumption": 630,
            "total_floor_consumption": 1764
        },
        {
            "floor": "Workroom 1",
            "fan_consumption": 354,
            "light_consumption": 360,
            "total_floor_consumption": 1011
        },
        {
            "floor": "Workroom 2",
            "fan_consumption": 351,
            "light_consumption": 354,
            "total_floor_consumption": 966
        },
        {
            "floor": "Lab 1",
            "fan_consumption": 808,
            "light_consumption": 880,
            "total_floor_consumption": 4298
        },
        {
            "floor": "Lab 2",
            "fan_consumption": 808,
            "light_consumption": 808,
            "total_floor_consumption": 3836
        }
    ],
    "shared_equipment": {
        "computer_consumption": 453,
        "projector_consumption": 599
    },
    "occupancy_level": 74,
    "temperature": 28,
    "time_of_day": "Morning",
    "day_of_week": "Tuesday",
    "holiday": false,
    "total_consumption": 14719,
    "peak_load": 15112,
    "break_time_consumption": 14719
}