{
    "timestamp": "2020-09-06T00:00:00",
    "floor_data": [
        {
            "floor": "Classroom 1",
            "fan_consumption": 624,
            "light_consumption": 660,
            "total_floor_consumption": 1824
        },
        {
            "floor": "Classroom 2",
            "fan_consumption": 684,
            "light_consumption": 618,
            "total_floor_consumption": 1858
        },
        {
            "floor": "Workroom 1",
            "fan_consumption": 330,
            "light_consumption": 324,
            "total_floor_consumption": 867
        },
        {
            "floor": "Workroom 2",
            "fan_consumption": 306,
            "light_consumption": 336,
            "total_floor_consumption": 852
        },
        {
            "floor": "Lab 1",
            "fan_consumption": 920,
            "light_consumption": 848,
            "total_floor_consumption": 4048
        },
        {
            "floor": "Lab 2",
            "fan_consumption": 808,
            "light_consumption": 912,
            "total_floor_consumption": 3940
        }
    ],
    "shared_equipment": {
        "computer_consumption": 497,
        "projector_consumption": 513
    },
    "occupancy_level": 67,
    "temperature": 26,
    "time_of_day": "Morning",
    "day_of_week": "Sunday",
    "holiday": true,
    "total_consumption": 14399,
    "peak_load": 14722,
    "break_time_consumption": 14399
}