{
    "timestamp": "2020-05-07T00:00:00",
    "floor_data": [
        {
            "floor": "Classroom 1",
            "fan_consumption": 666,
            "light_consumption": 618,
            "total_floor_consumption": 1878
        },
        {
            "floor": "Classroom 2",
            "fan_consumption": 618,
            "light_consumption": 630,
            "total_floor_consumption": 1752
        },
        {
            "floor": "Workroom 1",
            "fan_consumption": 339,
            "light_consumption": 300,
            "total_floor_consumption": 927
        },
        {
            "floor": "Workroom 2",
            "fan_consumption": 339,
            "light_consumption": 312,
            "total_floor_consumption": 864
        },
        {
            "floor": "Lab 1",
            "fan_consumption": 800,
            "light_consumption": 920,
            "total_floor_consumption": 4060
        },
        {
            "floor": "Lab 2",
            "fan_consumption": 832,
            "light_consumption": 896,
            "total_floor_consumption": 4308
        }
    ],
    "shared_equipment": {
        "computer_consumption": 490,
        "projector_consumption": 579
    },
    "occupancy_level": 93,
    "temperature": 21,
    "time_of_day": "Morning",
    "day_of_week": "Thursday",
    "holiday": false,
    "total_consumption": 14858,
    "peak_load": 15151,
    "break_time_consumption": 14858
}