{
    "timestamp": "2020-01-31T00:00:00",
    "floor_data": [
        {
            "floor": "Classroom 1",
            "fan_consumption": 684,
            "light_consumption": 696,
            "total_floor_consumption": 1916
        },
        {
            "floor": "Classroom 2",
            "fan_consumption": 612,
            "light_consumption": 654,
            "total_floor_consumption": 1841
        },
        {
            "floor": "Workroom 1",
            "fan_consumption": 339,
            "light_consumption": 312,
            "total_floor_consumption": 915
        },
        {
            "floor": "Workroom 2",
            "fan_consumption": 312,
            "light_consumption": 348,
            "total_floor_consumption": 945
        },
        {
            "floor": "Lab 1",
            "fan_consumption": 952,
            "light_consumption": 808,
            "total_floor_consumption": 3860
        },
        {
            "floor": "Lab 2",
            "fan_consumption": 928,
            "light_consumption": 936,
            "total_floor_consumption": 4234
        }
    ],
    "shared_equipment": {
        "computer_consumption": 493,
        "projector_consumption": 551
    },
    "occupancy_level": 78,
    "temperature": 23,
    "time_of_day": "Morning",
    "day_of_week": "Friday",
    "holiday": false,
    "total_consumption": 14755,
    "peak_load": 15236,
    "break_time_consumption": 14755
}