{
    "timestamp": "2020-01-23T00:00:00",
    "floor_data": [
        {
            "floor": "Classroom 1",
            "fan_consumption": 690,
            "light_consumption": 654,
            "total_floor_consumption": 1940
        },
        {
            "floor": "Classroom 2",
            "fan_consumption": 720,
            "light_consumption": 660,
            "total_floor_consumption": 1940
        },
        {
            "floor": "Workroom 1",
            "fan_consumption": 351,
            "light_consumption": 348,
            "total_floor_consumption": 942
        },
        {
            "floor": "Workroom 2",
            "fan_consumption": 303,
            "light_consumption": 306,
            "total_floor_consumption": 885
        },
        {
            "floor": "Lab 1",
            "fan_consumption": 872,
            "light_consumption": 896,
            "total_floor_consumption": 4258
        },
        {
            "floor": "Lab 2",
            "fan_consumption": 816,
            "light_consumption": 816,
            "total_floor_consumption": 4332
        }
    ],
    "shared_equipment": {
        "computer_consumption": 407,
        "projector_consumption": 518
    },
    "occupancy_level": 78,
    "temperature": 27,
    "time_of_day": "Morning",
    "day_of_week": "Thursday",
    "holiday": false,
    "total_consumption": 15222,
    "peak_load": 15501,
    "break_time_consumption": 15222
}