{
    "timestamp": "2020-11-04T00:00:00",
    "floor_data": [
        {
            "floor": "Classroom 1",
            "fan_consumption": 642,
            "light_consumption": 684,
            "total_floor_consumption": 1898
        },
        {
            "floor": "Classroom 2",
            "fan_consumption": 660,
            "light_consumption": 708,
            "total_floor_consumption": 1884
        },
        {
            "floor": "Workroom 1",
            "fan_consumption": 330,
            "light_consumption": 336,
            "total_floor_consumption": 945
        },
        {
            "floor": "Workroom 2",
            "fan_consumption": 300,
            "light_consumption": 339,
            "total_floor_consumption": 855
        },
        {
            "floor": "Lab 1",
            "fan_consumption": 872,
            "light_consumption": 864,
            "total_floor_consumption": 4076
        },
        {
            "floor": "Lab 2",
            "fan_consumption": 848,
            "light_consumption": 856,
            "total_floor_consumption": 4164
        }
    ],
    "shared_equipment": {
        "computer_consumption": 393,
        "projector_consumption": 538
    },
    "occupancy_level": 65,
    "temperature": 24,
    "time_of_day": "Morning",
    "day_of_week": "Wednesday",
    "holiday": false,
    "total_consumption": 14753,
    "peak_load": 14990,
    "break_time_consumption": 14753
}