{
    "timestamp": "2020-09-28T00:00:00",
    "floor_data": [
        {
            "floor": "Classroom 1",
            "fan_consumption": 636,
            "light_consumption": 702,
            "total_floor_consumption": 1873
        },
        {
            "floor": "Classroom 2",
            "fan_consumption": 654,
            "light_consumption": 684,
            "total_floor_consumption": 1886
        },
        {
            "floor": "Workroom 1",
            "fan_consumption": 357,
            "light_consumption": 333,
            "total_floor_consumption": 906
        },
        {
            "floor": "Workroom 2",
            "fan_consumption": 321,
            "light_consumption": 306,
            "total_floor_consumption": 849
        },
        {
            "floor": "Lab 1",
            "fan_consumption": 816,
            "light_consumption": 912,
            "total_floor_consumption": 4548
        },
        {
            "floor": "Lab 2",
            "fan_consumption": 928,
            "light_consumption": 840,
            "total_floor_consumption": 4378
        }
    ],
    "shared_equipment": {
        "computer_consumption": 439,
        "projector_consumption": 585
    },
    "occupancy_level": 79,
    "temperature": 24,
    "time_of_day": "Morning",
    "day_of_week": "Monday",
    "holiday": false,
    "total_consumption": 15464,
    "peak_load": 15748,
    "break_time_consumption": 15464
}