{
    "timestamp": "2020-07-12T00:00:00",
    "floor_data": [
        {
            "floor": "Classroom 1",
            "fan_consumption": 630,
            "light_consumption": 654,
            "total_floor_consumption": 1794
        },
        {
            "floor": "Classroom 2",
            "fan_consumption": 642,
            "light_consumption": 660,
            "total_floor_consumption": 1901
        },
        {
            "floor": "Workroom 1",
            "fan_consumption": 309,
            "light_consumption": 348,
            "total_floor_consumption": 903
        },
        {
            "floor": "Workroom 2",
            "fan_consumption": 309,
            "light_consumption": 336,
            "total_floor_consumption": 924
        },
        {
            "floor": "Lab 1",
            "fan_consumption": 928,
            "light_consumption": 880,
            "total_floor_consumption": 4718
        },
        {
            "floor": "Lab 2",
            "fan_consumption": 824,
            "light_consumption": 952,
            "total_floor_consumption": 4476
        }
    ],
    "shared_equipment": {
        "computer_consumption": 482,
        "projector_consumption": 507
    },
    "occupancy_level": 96,
    "temperature": 22,
    "time_of_day": "Morning",
    "day_of_week": "Sunday",
    "holiday": true,
    "total_consumption": 15705,
    "peak_load": 16183,
    "break_time_consumption": 15705
}