{
    "timestamp": "2020-05-08T00:00:00",
    "floor_data": [
        {
            "floor": "Classroom 1",
            "fan_consumption": 660,
            "light_consumption": 666,
            "total_floor_consumption": 1889
        },
        {
            "floor": "Classroom 2",
            "fan_consumption": 606,
            "light_consumption": 600,
            "total_floor_consumption": 1724
        },
        {
            "floor": "Workroom 1",
            "fan_consumption": 330,
            "light_consumption": 357,
            "total_floor_consumption": 942
        },
        {
            "floor": "Workroom 2",
            "fan_consumption": 357,
            "light_consumption": 324,
            "total_floor_consumption": 933
        },
        {
            "floor": "Lab 1",
            "fan_consumption": 896,
            "light_consumption": 832,
            "total_floor_consumption": 4008
        },
        {
            "floor": "Lab 2",
            "fan_consumption": 944,
            "light_consumption": 880,
            "total_floor_consumption": 4224
        }
    ],
    "shared_equipment": {
        "computer_consumption": 491,
        "projector_consumption": 531
    },
    "occupancy_level": 71,
    "temperature": 26,
    "time_of_day": "Morning",
    "day_of_week": "Friday",
    "holiday": false,
    "total_consumption": 14742,
    "peak_load": 15069,
    "break_time_consumption": 14742
}