{
    "timestamp": "2020-12-01T00:00:00",
    "floor_data": [
        {
            "floor": "Classroom 1",
            "fan_consumption": 714,
            "light_consumption": 606,
            "total_floor_consumption": 1850
        },
        {
            "floor": "Classroom 2",
            "fan_consumption": 606,
            "light_consumption": 606,
            "total_floor_consumption": 1785
        },
        {
            "floor": "Workroom 1",
            "fan_consumption": 357,
            "light_consumption": 306,
            "total_floor_consumption": 879
        },
        {
            "floor": "Workroom 2",
            "fan_consumption": 348,
            "light_consumption": 315,
            "total_floor_consumption": 915
        },
        {
            "floor": "Lab 1",
            "fan_consumption": 832,
            "light_consumption": 896,
            "total_floor_consumption": 4548
        },
        {
            "floor": "Lab 2",
            "fan_consumption": 840,
            "light_consumption": 840,
            "total_floor_consumption": 4680
        }
    ],
    "shared_equipment": {
        "computer_consumption": 388,
        "projector_consumption": 599
    },
    "occupancy_level": 93,
    "temperature": 26,
    "time_of_day": "Morning",
    "day_of_week": "Tuesday",
    "holiday": false,
    "total_consumption": 15644,
    "peak_load": 16069,
    "break_time_consumption": 15644
}