{
    "timestamp": "2020-04-18T00:00:00",
    "floor_data": [
        {
            "floor": "Classroom 1",
            "fan_consumption": 618,
            "light_consumption": 618,
            "total_floor_consumption": 1752
        },
        {
            "floor": "Classroom 2",
            "fan_consumption": 642,
            "light_consumption": 636,
            "total_floor_consumption": 1821
        },
        {
            "floor": "Workroom 1",
            "fan_consumption": 306,
            "light_consumption": 357,
            "total_floor_consumption": 897
        },
        {
            "floor": "Workroom 2",
            "fan_consumption": 324,
            "light_consumption": 306,
            "total_floor_consumption": 876
        },
        {
            "floor": "Lab 1",
            "fan_consumption": 912,
            "light_consumption": 808,
            "total_floor_consumption": 4630
        },
        {
            "floor": "Lab 2",
            "fan_consumption": 912,
            "light_consumption": 936,
            "total_floor_consumption": 3978
        }
    ],
    "shared_equipment": {
        "computer_consumption": 494,
        "projector_consumption": 529
    },
    "occupancy_level": 87,
    "temperature": 23,
    "time_of_day": "Morning",
    "day_of_week": "Saturday",
    "holiday": true,
    "total_consumption": 14977,
    "peak_load": 15345,
    "break_time_consumption": 14977
}