{
    "timestamp": "2020-01-14T00:00:00",
    "floor_data": [
        {
            "floor": "Classroom 1",
            "fan_consumption": 630,
            "light_consumption": 612,
            "total_floor_consumption": 1798
        },
        {
            "floor": "Classroom 2",
            "fan_consumption": 654,
            "light_consumption": 714,
            "total_floor_consumption": 1914
        },
        {
            "floor": "Workroom 1",
            "fan_consumption": 342,
            "light_consumption": 300,
            "total_floor_consumption": 897
        },
        {
            "floor": "Workroom 2",
            "fan_consumption": 345,
            "light_consumption": 339,
            "total_floor_consumption": 969
        },
        {
            "floor": "Lab 1",
            "fan_consumption": 864,
            "light_consumption": 864,
            "total_floor_consumption": 4098
        },
        {
            "floor": "Lab 2",
            "fan_consumption": 872,
            "light_consumption": 928,
            "total_floor_consumption": 4500
        }
    ],
    "shared_equipment": {
        "computer_consumption": 442,
        "projector_consumption": 569
    },
    "occupancy_level": 96,
    "temperature": 27,
    "time_of_day": "Morning",
    "day_of_week": "Tuesday",
    "holiday": false,
    "total_consumption": 15187,
    "peak_load": 15390,
    "break_time_consumption": 15187
}