{
    "timestamp": "2020-01-19T00:00:00",
    "floor_data": [
        {
            "floor": "Classroom 1",
            "fan_consumption": 684,
            "light_consumption": 612,
            "total_floor_consumption": 1888
        },
        {
            "floor": "Classroom 2",
            "fan_consumption": 618,
            "light_consumption": 600,
            "total_floor_consumption": 1799
        },
        {
            "floor": "Workroom 1",
            "fan_consumption": 309,
            "light_consumption": 354,
            "total_floor_consumption": 957
        },
        {
            "floor": "Workroom 2",
            "fan_consumption": 357,
            "light_consumption": 303,
            "total_floor_consumption": 903
        },
        {
            "floor": "Lab 1",
            "fan_consumption": 904,
            "light_consumption": 960,
            "total_floor_consumption": 4204
        },
        {
            "floor": "Lab 2",
            "fan_consumption": 944,
            "light_consumption": 952,
            "total_floor_consumption": 4626
        }
    ],
    "shared_equipment": {
        "computer_consumption": 428,
        "projector_consumption": 562
    },
    "occupancy_level": 95,
    "temperature": 26,
    "time_of_day": "Morning",
    "day_of_week": "Sunday",
    "holiday": true,
    "total_consumption": 15367,
    "peak_load": 15849,
    "break_time_consumption": 15367
}