{
    "timestamp": "2020-02-24T00:00:00",
    "floor_data": [
        {
            "floor": "Classroom 1",
            "fan_consumption": 672,
            "light_consumption": 606,
            "total_floor_consumption": 1783
        },
        {
            "floor": "Classroom 2",
            "fan_consumption": 618,
            "light_consumption": 696,
            "total_floor_consumption": 1825
        },
        {
            "floor": "Workroom 1",
            "fan_consumption": 309,
            "light_consumption": 303,
            "total_floor_consumption": 867
        },
        {
            "floor": "Workroom 2",
            "fan_consumption": 327,
            "light_consumption": 303,
            "total_floor_consumption": 924
        },
        {
            "floor": "Lab 1",
            "fan_consumption": 952,
            "light_consumption": 912,
            "total_floor_consumption": 4174
        },
        {
            "floor": "Lab 2",
            "fan_consumption": 928,
            "light_consumption": 800,
            "total_floor_consumption": 3888
        }
    ],
    "shared_equipment": {
        "computer_consumption": 365,
        "projector_consumption": 513
    },
    "occupancy_level": 76,
    "temperature": 25,
    "time_of_day": "Morning",
    "day_of_week": "Monday",
    "holiday": false,
    "total_consumption": 14339,
    "peak_load": 14587,
    "break_time_consumption": 14339
}