{
    "timestamp": "2020-04-27T00:00:00",
    "floor_data": [
        {
            "floor": "Classroom 1",
            "fan_consumption": 606,
            "light_consumption": 708,
            "total_floor_consumption": 1861
        },
        {
            "floor": "Classroom 2",
            "fan_consumption": 630,
            "light_consumption": 654,
            "total_floor_consumption": 1833
        },
        {
            "floor": "Workroom 1",
            "fan_consumption": 330,
            "light_consumption": 327,
            "total_floor_consumption": 921
        },
        {
            "floor": "Workroom 2",
            "fan_consumption": 360,
            "light_consumption": 336,
            "total_floor_consumption": 969
        },
        {
            "floor": "Lab 1",
            "fan_consumption": 880,
            "light_consumption": 896,
            "total_floor_consumption": 4176
        },
        {
            "floor": "Lab 2",
            "fan_consumption": 824,
            "light_consumption": 936,
            "total_floor_consumption": 4160
        }
    ],
    "shared_equipment": {
        "computer_consumption": 334,
        "projector_consumption": 563
    },
    "occupancy_level": 77,
    "temperature": 19,
    "time_of_day": "Morning",
    "day_of_week": "Monday",
    "holiday": false,
    "total_consumption": 14817,
    "peak_load": 15029,
    "break_time_consumption": 14817
}