{
    "timestamp": "2020-05-26T00:00:00",
    "floor_data": [
        {
            "floor": "Classroom 1",
            "fan_consumption": 618,
            "light_consumption": 666,
            "total_floor_consumption": 1878
        },
        {
            "floor": "Classroom 2",
            "fan_consumption": 678,
            "light_consumption": 648,
            "total_floor_consumption": 1923
        },
        {
            "floor": "Workroom 1",
            "fan_consumption": 321,
            "light_consumption": 333,
            "total_floor_consumption": 870
        },
        {
            "floor": "Workroom 2",
            "fan_consumption": 345,
            "light_consumption": 342,
            "total_floor_consumption": 984
        },
        {
            "floor": "Lab 1",
            "fan_consumption": 936,
            "light_consumption": 880,
            "total_floor_consumption": 4786
        },
        {
            "floor": "Lab 2",
            "fan_consumption": 824,
            "light_consumption": 824,
            "total_floor_consumption": 4318
        }
    ],
    "shared_equipment": {
        "computer_consumption": 436,
        "projector_consumption": 522
    },
    "occupancy_level": 65,
    "temperature": 23,
    "time_of_day": "Morning",
    "day_of_week": "Tuesday",
    "holiday": false,
    "total_consumption": 15717,
    "peak_load": 16019,
    "break_time_consumption": 15717
}