{
    "timestamp": "2020-12-27T00:00:00",
    "floor_data": [
        {
            "floor": "Classroom 1",
            "fan_consumption": 612,
            "light_consumption": 648,
            "total_floor_consumption": 1770
        },
        {
            "floor": "Classroom 2",
            "fan_consumption": 648,
            "light_consumption": 630,
            "total_floor_consumption": 1856
        },
        {
            "floor": "Workroom 1",
            "fan_consumption": 309,
            "light_consumption": 303,
            "total_floor_consumption": 882
        },
        {
            "floor": "Workroom 2",
            "fan_consumption": 321,
            "light_consumption": 309,
            "total_floor_consumption": 870
        },
        {
            "floor": "Lab 1",
            "fan_consumption": 808,
            "light_consumption": 872,
            "total_floor_consumption": 4620
        },
        {
            "floor": "Lab 2",
            "fan_consumption": 888,
            "light_consumption": 952,
            "total_floor_consumption": 4030
        }
    ],
    "shared_equipment": {
        "computer_consumption": 328,
        "projector_consumption": 586
    },
    "occupancy_level": 96,
    "temperature": 25,
    "time_of_day": "Morning",
    "day_of_week": "Sunday",
    "holiday": true,
    "total_consumption": 14942,
    "peak_load": 15158,
    "break_time_consumption": 14942
}