{
    "timestamp": "2020-11-27T00:00:00",
    "floor_data": [
        {
            "floor": "Classroom 1",
            "fan_consumption": 630,
            "light_consumption": 600,
            "total_floor_consumption": 1747
        },
        {
            "floor": "Classroom 2",
            "fan_consumption": 672,
            "light_consumption": 714,
            "total_floor_consumption": 1901
        },
        {
            "floor": "Workroom 1",
            "fan_consumption": 315,
            "light_consumption": 360,
            "total_floor_consumption": 906
        },
        {
            "floor": "Workroom 2",
            "fan_consumption": 318,
            "light_consumption": 312,
            "total_floor_consumption": 900
        },
        {
            "floor": "Lab 1",
            "fan_consumption": 944,
            "light_consumption": 840,
            "total_floor_consumption": 4454
        },
        {
            "floor": "Lab 2",
            "fan_consumption": 808,
            "light_consumption": 880,
            "total_floor_consumption": 4538
        }
    ],
    "shared_equipment": {
        "computer_consumption": 422,
        "projector_consumption": 535
    },
    "occupancy_level": 78,
    "temperature": 21,
    "time_of_day": "Morning",
    "day_of_week": "Friday",
    "holiday": false,
    "total_consumption": 15403,
    "peak_load": 15696,
    "break_time_consumption": 15403
}