{
    "timestamp": "2020-10-29T00:00:00",
    "floor_data": [
        {
            "floor": "Classroom 1",
            "fan_consumption": 672,
            "light_consumption": 600,
            "total_floor_consumption": 1819
        },
        {
            "floor": "Classroom 2",
            "fan_consumption": 678,
            "light_consumption": 636,
            "total_floor_consumption": 1822
        },
        {
            "floor": "Workroom 1",
            "fan_consumption": 348,
            "light_consumption": 354,
            "total_floor_consumption": 1002
        },
        {
            "floor": "Workroom 2",
            "fan_consumption": 348,
            "light_consumption": 348,
            "total_floor_consumption": 993
        },
        {
            "floor": "Lab 1",
            "fan_consumption": 880,
            "light_consumption": 864,
            "total_floor_consumption": 3874
        },
        {
            "floor": "Lab 2",
            "fan_consumption": 888,
            "light_consumption": 832,
            "total_floor_consumption": 4120
        }
    ],
    "shared_equipment": {
        "computer_consumption": 455,
        "projector_consumption": 574
    },
    "occupancy_level": 93,
    "temperature": 21,
    "time_of_day": "Morning",
    "day_of_week": "Thursday",
    "holiday": false,
    "total_consumption": 14659,
    "peak_load": 14864,
    "break_time_consumption": 14659
}