{
    "timestamp": "2020-03-20T00:00:00",
    "floor_data": [
        {
            "floor": "Classroom 1",
            "fan_consumption": 654,
            "light_consumption": 654,
            "total_floor_consumption": 1877
        },
        {
            "floor": "Classroom 2",
            "fan_consumption": 630,
            "light_consumption": 654,
            "total_floor_consumption": 1850
        },
        {
            "floor": "Workroom 1",
            "fan_consumption": 318,
            "light_consumption": 327,
            "total_floor_consumption": 894
        },
        {
            "floor": "Workroom 2",
            "fan_consumption": 360,
            "light_consumption": 315,
            "total_floor_consumption": 912
        },
        {
            "floor": "Lab 1",
            "fan_consumption": 880,
            "light_consumption": 840,
            "total_floor_consumption": 3970
        },
        {
            "floor": "Lab 2",
            "fan_consumption": 960,
            "light_consumption": 816,
            "total_floor_consumption": 3996
        }
    ],
    "shared_equipment": {
        "computer_consumption": 366,
        "projector_consumption": 574
    },
    "occupancy_level": 89,
    "temperature": 23,
    "time_of_day": "Morning",
    "day_of_week": "Friday",
    "holiday": false,
    "total_consumption": 14439,
    "peak_load": 14648,
    "break_time_consumption": 14439
}