{
    "timestamp": "2020-02-06T00:00:00",
    "floor_data": [
        {
            "floor": "Classroom 1",
            "fan_consumption": 606,
            "light_consumption": 702,
            "total_floor_consumption": 1817
        },
        {
            "floor": "Classroom 2",
            "fan_consumption": 630,
            "light_consumption": 702,
            "total_floor_consumption": 1932
        },
        {
            "floor": "Workroom 1",
            "fan_consumption": 303,
            "light_consumption": 360,
            "total_floor_consumption": 948
        },
        {
            "floor": "Workroom 2",
            "fan_consumption": 339,
            "light_consumption": 333,
            "total_floor_consumption": 912
        },
        {
            "floor": "Lab 1",
            "fan_consumption": 904,
            "light_consumption": 856,
            "total_floor_consumption": 4520
        },
        {
            "floor": "Lab 2",
            "fan_consumption": 872,
            "light_consumption": 952,
            "total_floor_consumption": 4644
        }
    ],
    "shared_equipment": {
        "computer_consumption": 365,
        "projector_consumption": 529
    },
    "occupancy_level": 81,
    "temperature": 26,
    "time_of_day": "Morning",
    "day_of_week": "Thursday",
    "holiday": false,
    "total_consumption": 15667,
    "peak_load": 15893,
    "break_time_consumption": 15667
}