{
    "timestamp": "2020-05-01T00:00:00",
    "floor_data": [
        {
            "floor": "Classroom 1",
            "fan_consumption": 678,
            "light_consumption": 690,
            "total_floor_consumption": 1932
        },
        {
            "floor": "Classroom 2",
            "fan_consumption": 708,
            "light_consumption": 612,
            "total_floor_consumption": 1877
        },
        {
            "floor": "Workroom 1",
            "fan_consumption": 342,
            "light_consumption": 318,
            "total_floor_consumption": 912
        },
        {
            "floor": "Workroom 2",
            "fan_consumption": 336,
            "light_consumption": 336,
            "total_floor_consumption": 939
        },
        {
            "floor": "Lab 1",
            "fan_consumption": 936,
            "light_consumption": 960,
            "total_floor_consumption": 4326
        },
        {
            "floor": "Lab 2",
            "fan_consumption": 824,
            "light_consumption": 896,
            "total_floor_consumption": 4120
        }
    ],
    "shared_equipment": {
        "computer_consumption": 496,
        "projector_consumption": 585
    },
    "occupancy_level": 62,
    "temperature": 23,
    "time_of_day": "Morning",
    "day_of_week": "Friday",
    "holiday": false,
    "total_consumption": 15187,
    "peak_load": 15399,
    "break_time_consumption": 15187
}