{
    "timestamp": "2020-08-05T00:00:00",
    "floor_data": [
        {
            "floor": "Classroom 1",
            "fan_consumption": 702,
            "light_consumption": 666,
            "total_floor_consumption": 1885
        },
        {
            "floor": "Classroom 2",
            "fan_consumption": 708,
            "light_consumption": 606,
            "total_floor_consumption": 1842
        },
        {
            "floor": "Workroom 1",
            "fan_consumption": 348,
            "light_consumption": 348,
            "total_floor_consumption": 942
        },
        {
            "floor": "Workroom 2",
            "fan_consumption": 324,
            "light_consumption": 327,
            "total_floor_consumption": 945
        },
        {
            "floor": "Lab 1",
            "fan_consumption": 840,
            "light_consumption": 808,
            "total_floor_consumption": 4228
        },
        {
            "floor": "Lab 2",
            "fan_consumption": 928,
            "light_consumption": 928,
            "total_floor_consumption": 4346
        }
    ],
    "shared_equipment": {
        "computer_consumption": 401,
        "projector_consumption": 540
    },
    "occupancy_level": 80,
    "temperature": 27,
    "time_of_day": "Morning",
    "day_of_week": "Wednesday",
    "holiday": false,
    "total_consumption": 15129,
    "peak_load": 15518,
    "break_time_consumption": 15129
}