{
    "timestamp": "2020-12-20T00:00:00",
    "floor_data": [
        {
            "floor": "Classroom 1",
            "fan_consumption": 606,
            "light_consumption": 636,
            "total_floor_consumption": 1812
        },
        {
            "floor": "Classroom 2",
            "fan_consumption": 630,
            "light_consumption": 636,
            "total_floor_consumption": 1804
        },
        {
            "floor": "Workroom 1",
            "fan_consumption": 300,
            "light_consumption": 303,
            "total_floor_consumption": 840
        },
        {
            "floor": "Workroom 2",
            "fan_consumption": 327,
            "light_consumption": 342,
            "total_floor_consumption": 945
        },
        {
            "floor": "Lab 1",
            "fan_consumption": 928,
            "light_consumption": 816,
            "total_floor_consumption": 4624
        },
        {
            "floor": "Lab 2",
            "fan_consumption": 872,
            "light_consumption": 824,
            "total_floor_consumption": 4336
        }
    ],
    "shared_equipment": {
        "computer_consumption": 486,
        "projector_consumption": 590
    },
    "occupancy_level": 92,
    "temperature": 24,
    "time_of_day": "Morning",
    "day_of_week": "Sunday",
    "holiday": true,
    "total_consumption": 15437,
    "peak_load": 15916,
    "break_time_consumption": 15437
}