{
    "timestamp": "2020-10-24T00:00:00",
    "floor_data": [
        {
            "floor": "Classroom 1",
            "fan_consumption": 612,
            "light_consumption": 654,
            "total_floor_consumption": 1786
        },
        {
            "floor": "Classroom 2",
            "fan_consumption": 666,
            "light_consumption": 630,
            "total_floor_consumption": 1852
        },
        {
            "floor": "Workroom 1",
            "fan_consumption": 336,
            "light_consumption": 357,
            "total_floor_consumption": 915
        },
        {
            "floor": "Workroom 2",
            "fan_consumption": 315,
            "light_consumption": 324,
            "total_floor_consumption": 906
        },
        {
            "floor": "Lab 1",
            "fan_consumption": 832,
            "light_consumption": 904,
            "total_floor_consumption": 4466
        },
        {
            "floor": "Lab 2",
            "fan_consumption": 944,
            "light_consumption": 848,
            "total_floor_consumption": 3952
        }
    ],
    "shared_equipment": {
        "computer_consumption": 402,
        "projector_consumption": 511
    },
    "occupancy_level": 93,
    "temperature": 21,
    "time_of_day": "Morning",
    "day_of_week": "Saturday",
    "holiday": true,
    "total_consumption": 14790,
    "peak_load": 15159,
    "break_time_consumption": 14790
}