{
    "timestamp": "2020-12-28T00:00:00",
    "floor_data": [
        {
            "floor": "Classroom 1",
            "fan_consumption": 618,
            "light_consumption": 660,
            "total_floor_consumption": 1866
        },
        {
            "floor": "Classroom 2",
            "fan_consumption": 714,
            "light_consumption": 696,
            "total_floor_consumption": 1986
        },
        {
            "floor": "Workroom 1",
            "fan_consumption": 309,
            "light_consumption": 315,
            "total_floor_consumption": 921
        },
        {
            "floor": "Workroom 2",
            "fan_consumption": 315,
            "light_consumption": 360,
            "total_floor_consumption": 936
        },
        {
            "floor": "Lab 1",
            "fan_consumption": 912,
            "light_consumption": 824,
            "total_floor_consumption": 4706
        },
        {
            "floor": "Lab 2",
            "fan_consumption": 912,
            "light_consumption": 936,
            "total_floor_consumption": 4158
        }
    ],
    "shared_equipment": {
        "computer_consumption": 440,
        "projector_consumption": 592
    },
    "occupancy_level": 83,
    "temperature": 23,
    "time_of_day": "Morning",
    "day_of_week": "Monday",
    "holiday": false,
    "total_consumption": 15605,
    "peak_load": 16025,
    "break_time_consumption": 15605
}