{
    "timestamp": "2020-05-05T00:00:00",
    "floor_data": [
        {
            "floor": "Classroom 1",
            "fan_consumption": 618,
            "light_consumption": 630,
            "total_floor_consumption": 1827
        },
        {
            "floor": "Classroom 2",
            "fan_consumption": 618,
            "light_consumption": 600,
            "total_floor_consumption": 1784
        },
        {
            "floor": "Workroom 1",
            "fan_consumption": 309,
            "light_consumption": 330,
            "total_floor_consumption": 852
        },
        {
            "floor": "Workroom 2",
            "fan_consumption": 300,
            "light_consumption": 336,
            "total_floor_consumption": 864
        },
        {
            "floor": "Lab 1",
            "fan_consumption": 944,
            "light_consumption": 888,
            "total_floor_consumption": 4832
        },
        {
            "floor": "Lab 2",
            "fan_consumption": 936,
            "light_consumption": 848,
            "total_floor_consumption": 4514
        }
    ],
    "shared_equipment": {
        "computer_consumption": 358,
        "projector_consumption": 592
    },
    "occupancy_level": 81,
    "temperature": 21,
    "time_of_day": "Morning",
    "day_of_week": "Tuesday",
    "holiday": false,
    "total_consumption": 15623,
    "peak_load": 15914,
    "break_time_consumption": 15623
}