{
    "timestamp": "2020-10-30T00:00:00",
    "floor_data": [
        {
            "floor": "Classroom 1",
            "fan_consumption": 720,
            "light_consumption": 612,
            "total_floor_consumption": 1929
        },
        {
            "floor": "Classroom 2",
            "fan_consumption": 630,
            "light_consumption": 720,
            "total_floor_consumption": 1923
        },
        {
            "floor": "Workroom 1",
            "fan_consumption": 333,
            "light_consumption": 300,
            "total_floor_consumption": 891
        },
        {
            "floor": "Workroom 2",
            "fan_consumption": 342,
            "light_consumption": 345,
            "total_floor_consumption": 966
        },
        {
            "floor": "Lab 1",
            "fan_consumption": 912,
            "light_consumption": 880,
            "total_floor_consumption": 4762
        },
        {
            "floor": "Lab 2",
            "fan_consumption": 848,
            "light_consumption": 832,
            "total_floor_consumption": 4470
        }
    ],
    "shared_equipment": {
        "computer_consumption": 435,
        "projector_consumption": 514
    },
    "occupancy_level": 81,
    "temperature": 27,
    "time_of_day": "Morning",
    "day_of_week": "Friday",
    "holiday": false,
    "total_consumption": 15890,
    "peak_load": 16254,
    "break_time_consumption": 15890
}