{
    "timestamp": "2020-11-25T00:00:00",
    "floor_data": [
        {
            "floor": "Classroom 1",
            "fan_consumption": 702,
            "light_consumption": 708,
            "total_floor_consumption": 1932
        },
        {
            "floor": "Classroom 2",
            "fan_consumption": 660,
            "light_consumption": 720,
            "total_floor_consumption": 1915
        },
        {
            "floor": "Workroom 1",
            "fan_consumption": 318,
            "light_consumption": 345,
            "total_floor_consumption": 954
        },
        {
            "floor": "Workroom 2",
            "fan_consumption": 342,
            "light_consumption": 300,
            "total_floor_consumption": 882
        },
        {
            "floor": "Lab 1",
            "fan_consumption": 824,
            "light_consumption": 904,
            "total_floor_consumption": 4398
        },
        {
            "floor": "Lab 2",
            "fan_consumption": 912,
            "light_consumption": 928,
            "total_floor_consumption": 4120
        }
    ],
    "shared_equipment": {
        "computer_consumption": 373,
        "projector_consumption": 579
    },
    "occupancy_level": 88,
    "temperature": 21,
    "time_of_day": "Morning",
    "day_of_week": "Wednesday",
    "holiday": false,
    "total_consumption": 15153,
    "peak_load": 15554,
    "break_time_consumption": 15153
}