{
    "timestamp": "2020-02-08T00:00:00",
    "floor_data": [
        {
            "floor": "Classroom 1",
            "fan_consumption": 708,
            "light_consumption": 666,
            "total_floor_consumption": 1958
        },
        {
            "floor": "Classroom 2",
            "fan_consumption": 672,
            "light_consumption": 720,
            "total_floor_consumption": 1932
        },
        {
            "floor": "Workroom 1",
            "fan_consumption": 318,
            "light_consumption": 336,
            "total_floor_consumption": 921
        },
        {
            "floor": "Workroom 2",
            "fan_consumption": 321,
            "light_consumption": 321,
            "total_floor_consumption": 891
        },
        {
            "floor": "Lab 1",
            "fan_consumption": 896,
            "light_consumption": 848,
            "total_floor_consumption": 4234
        },
        {
            "floor": "Lab 2",
            "fan_consumption": 952,
            "light_consumption": 872,
            "total_floor_consumption": 4674
        }
    ],
    "shared_equipment": {
        "computer_consumption": 342,
        "projector_consumption": 529
    },
    "occupancy_level": 66,
    "temperature": 20,
    "time_of_day": "Morning",
    "day_of_week": "Saturday",
    "holiday": true,
    "total_consumption": 15481,
    "peak_load": 15882,
    "break_time_consumption": 15481
}