{
    "timestamp": "2020-01-01T00:00:00",
    "floor_data": [
        {
            "floor": "Classroom 1",
            "fan_consumption": 678,
            "light_consumption": 624,
            "total_floor_consumption": 1858
        },
        {
            "floor": "Classroom 2",
            "fan_consumption": 612,
            "light_consumption": 708,
            "total_floor_consumption": 1873
        },
        {
            "floor": "Workroom 1",
            "fan_consumption": 315,
            "light_consumption": 351,
            "total_floor_consumption": 885
        },
        {
            "floor": "Workroom 2",
            "fan_consumption": 318,
            "light_consumption": 318,
            "total_floor_consumption": 846
        },
        {
            "floor": "Lab 1",
            "fan_consumption": 904,
            "light_consumption": 880,
            "total_floor_consumption": 4724
        },
        {
            "floor": "Lab 2",
            "fan_consumption": 952,
            "light_consumption": 800,
            "total_floor_consumption": 4722
        }
    ],
    "shared_equipment": {
        "computer_consumption": 431,
        "projector_consumption": 553
    },
    "occupancy_level": 63,
    "temperature": 23,
    "time_of_day": "Morning",
    "day_of_week": "Wednesday",
    "holiday": false,
    "total_consumption": 15892,
    "peak_load": 16203,
    "break_time_consumption": 15892
}