{
    "timestamp": "2020-03-12T00:00:00",
    "floor_data": [
        {
            "floor": "Classroom 1",
            "fan_consumption": 654,
            "light_consumption": 600,
            "total_floor_consumption": 1780
        },
        {
            "floor": "Classroom 2",
            "fan_consumption": 600,
            "light_consumption": 696,
            "total_floor_consumption": 1869
        },
        {
            "floor": "Workroom 1",
            "fan_consumption": 324,
            "light_consumption": 357,
            "total_floor_consumption": 972
        },
        {
            "floor": "Workroom 2",
            "fan_consumption": 327,
            "light_consumption": 315,
            "total_floor_consumption": 915
        },
        {
            "floor": "Lab 1",
            "fan_consumption": 920,
            "light_consumption": 800,
            "total_floor_consumption": 4480
        },
        {
            "floor": "Lab 2",
            "fan_consumption": 872,
            "light_consumption": 912,
            "total_floor_consumption": 4484
        }
    ],
    "shared_equipment": {
        "computer_consumption": 363,
        "projector_consumption": 597
    },
    "occupancy_level": 93,
    "temperature": 19,
    "time_of_day": "Morning",
    "day_of_week": "Thursday",
    "holiday": false,
    "total_consumption": 15460,
    "peak_load": 15842,
    "break_time_consumption": 15460
}