{
    "timestamp": "2020-11-21T00:00:00",
    "floor_data": [
        {
            "floor": "Classroom 1",
            "fan_consumption": 714,
            "light_consumption": 696,
            "total_floor_consumption": 1945
        },
        {
            "floor": "Classroom 2",
            "fan_consumption": 672,
            "light_consumption": 720,
            "total_floor_consumption": 1976
        },
        {
            "floor": "Workroom 1",
            "fan_consumption": 324,
            "light_consumption": 321,
            "total_floor_consumption": 900
        },
        {
            "floor": "Workroom 2",
            "fan_consumption": 312,
            "light_consumption": 324,
            "total_floor_consumption": 870
        },
        {
            "floor": "Lab 1",
            "fan_consumption": 800,
            "light_consumption": 840,
            "total_floor_consumption": 4550
        },
        {
            "floor": "Lab 2",
            "fan_consumption": 872,
            "light_consumption": 944,
            "total_floor_consumption": 4336
        }
    ],
    "shared_equipment": {
        "computer_consumption": 329,
        "projector_consumption": 577
    },
    "occupancy_level": 78,
    "temperature": 19,
    "time_of_day": "Morning",
    "day_of_week": "Saturday",
    "holiday": true,
    "total_consumption": 15483,
    "peak_load": 15839,
    "break_time_consumption": 15483
}