{
    "timestamp": "2020-08-22T00:00:00",
    "floor_data": [
        {
            "floor": "Classroom 1",
            "fan_consumption": 606,
            "light_consumption": 600,
            "total_floor_consumption": 1783
        },
        {
            "floor": "Classroom 2",
            "fan_consumption": 648,
            "light_consumption": 600,
            "total_floor_consumption": 1794
        },
        {
            "floor": "Workroom 1",
            "fan_consumption": 324,
            "light_consumption": 309,
            "total_floor_consumption": 846
        },
        {
            "floor": "Workroom 2",
            "fan_consumption": 303,
            "light_consumption": 348,
            "total_floor_consumption": 927
        },
        {
            "floor": "Lab 1",
            "fan_consumption": 912,
            "light_consumption": 928,
            "total_floor_consumption": 4840
        },
        {
            "floor": "Lab 2",
            "fan_consumption": 928,
            "light_consumption": 960,
            "total_floor_consumption": 4048
        }
    ],
    "shared_equipment": {
        "computer_consumption": 338,
        "projector_consumption": 559
    },
    "occupancy_level": 75,
    "temperature": 23,
    "time_of_day": "Morning",
    "day_of_week": "Saturday",
    "holiday": true,
    "total_consumption": 15135,
    "peak_load": 15456,
    "break_time_consumption": 15135
}