{
    "timestamp": "2020-02-27T00:00:00",
    "floor_data": [
        {
            "floor": "Classroom 1",
            "fan_consumption": 690,
            "light_consumption": 672,
            "total_floor_consumption": 1925
        },
        {
            "floor": "Classroom 2",
            "fan_consumption": 714,
            "light_consumption": 720,
            "total_floor_consumption": 1952
        },
        {
            "floor": "Workroom 1",
            "fan_consumption": 348,
            "light_consumption": 357,
            "total_floor_consumption": 930
        },
        {
            "floor": "Workroom 2",
            "fan_consumption": 357,
            "light_consumption": 303,
            "total_floor_consumption": 891
        },
        {
            "floor": "Lab 1",
            "fan_consumption": 848,
            "light_consumption": 920,
            "total_floor_consumption": 3898
        },
        {
            "floor": "Lab 2",
            "fan_consumption": 864,
            "light_consumption": 824,
            "total_floor_consumption": 3818
        }
    ],
    "shared_equipment": {
        "computer_consumption": 481,
        "projector_consumption": 571
    },
    "occupancy_level": 97,
    "temperature": 22,
    "time_of_day": "Morning",
    "day_of_week": "Thursday",
    "holiday": false,
    "total_consumption": 14466,
    "peak_load": 14779,
    "break_time_consumption": 14466
}