{
    "timestamp": "2020-01-22T00:00:00",
    "floor_data": [
        {
            "floor": "Classroom 1",
            "fan_consumption": 690,
            "light_consumption": 654,
            "total_floor_consumption": 1914
        },
        {
            "floor": "Classroom 2",
            "fan_consumption": 660,
            "light_consumption": 672,
            "total_floor_consumption": 1927
        },
        {
            "floor": "Workroom 1",
            "fan_consumption": 312,
            "light_consumption": 306,
            "total_floor_consumption": 882
        },
        {
            "floor": "Workroom 2",
            "fan_consumption": 348,
            "light_consumption": 324,
            "total_floor_consumption": 918
        },
        {
            "floor": "Lab 1",
            "fan_consumption": 920,
            "light_consumption": 904,
            "total_floor_consumption": 4044
        },
        {
            "floor": "Lab 2",
            "fan_consumption": 800,
            "light_consumption": 952,
            "total_floor_consumption": 4482
        }
    ],
    "shared_equipment": {
        "computer_consumption": 428,
        "projector_consumption": 522
    },
    "occupancy_level": 65,
    "temperature": 18,
    "time_of_day": "Morning",
    "day_of_week": "Wednesday",
    "holiday": false,
    "total_consumption": 15117,
    "peak_load": 15328,
    "break_time_consumption": 15117
}