{
    "timestamp": "2020-03-11T00:00:00",
    "floor_data": [
        {
            "floor": "Classroom 1",
            "fan_consumption": 648,
            "light_consumption": 714,
            "total_floor_consumption": 1912
        },
        {
            "floor": "Classroom 2",
            "fan_consumption": 612,
            "light_consumption": 612,
            "total_floor_consumption": 1802
        },
        {
            "floor": "Workroom 1",
            "fan_consumption": 318,
            "light_consumption": 354,
            "total_floor_consumption": 882
        },
        {
            "floor": "Workroom 2",
            "fan_consumption": 351,
            "light_consumption": 312,
            "total_floor_consumption": 918
        },
        {
            "floor": "Lab 1",
            "fan_consumption": 920,
            "light_consumption": 952,
            "total_floor_consumption": 4092
        },
        {
            "floor": "Lab 2",
            "fan_consumption": 920,
            "light_consumption": 808,
            "total_floor_consumption": 4218
        }
    ],
    "shared_equipment": {
        "computer_consumption": 433,
        "projector_consumption": 549
    },
    "occupancy_level": 64,
    "temperature": 23,
    "time_of_day": "Morning",
    "day_of_week": "Wednesday",
    "holiday": false,
    "total_consumption": 14806,
    "peak_load": 15011,
    "break_time_consumption": 14806
}