{
    "timestamp": "2020-07-26T00:00:00",
    "floor_data": [
        {
            "floor": "Classroom 1",
            "fan_consumption": 702,
            "light_consumption": 684,
            "total_floor_consumption": 1970
        },
        {
            "floor": "Classroom 2",
            "fan_consumption": 636,
            "light_consumption": 708,
            "total_floor_consumption": 1918
        },
        {
            "floor": "Workroom 1",
            "fan_consumption": 336,
            "light_consumption": 360,
            "total_floor_consumption": 930
        },
        {
            "floor": "Workroom 2",
            "fan_consumption": 345,
            "light_consumption": 306,
            "total_floor_consumption": 903
        },
        {
            "floor": "Lab 1",
            "fan_consumption": 808,
            "light_consumption": 824,
            "total_floor_consumption": 4422
        },
        {
            "floor": "Lab 2",
            "fan_consumption": 936,
            "light_consumption": 928,
            "total_floor_consumption": 4114
        }
    ],
    "shared_equipment": {
        "computer_consumption": 425,
        "projector_consumption": 567
    },
    "occupancy_level": 86,
    "temperature": 25,
    "time_of_day": "Morning",
    "day_of_week": "Sunday",
    "holiday": true,
    "total_consumption": 15249,
    "peak_load": 15737,
    "break_time_consumption": 15249
}