{
    "timestamp": "2020-07-21T00:00:00",
    "floor_data": [
        {
            "floor": "Classroom 1",
            "fan_consumption": 612,
            "light_consumption": 648,
            "total_floor_consumption": 1841
        },
        {
            "floor": "Classroom 2",
            "fan_consumption": 666,
            "light_consumption": 684,
            "total_floor_consumption": 1878
        },
        {
            "floor": "Workroom 1",
            "fan_consumption": 306,
            "light_consumption": 327,
            "total_floor_consumption": 870
        },
        {
            "floor": "Workroom 2",
            "fan_consumption": 303,
            "light_consumption": 330,
            "total_floor_consumption": 849
        },
        {
            "floor": "Lab 1",
            "fan_consumption": 888,
            "light_consumption": 824,
            "total_floor_consumption": 4382
        },
        {
            "floor": "Lab 2",
            "fan_consumption": 896,
            "light_consumption": 832,
            "total_floor_consumption": 4038
        }
    ],
    "shared_equipment": {
        "computer_consumption": 479,
        "projector_consumption": 585
    },
    "occupancy_level": 99,
    "temperature": 18,
    "time_of_day": "Morning",
    "day_of_week": "Tuesday",
    "holiday": false,
    "total_consumption": 14922,
    "peak_load": 15244,
    "break_time_consumption": 14922
}