{
    "timestamp": "2020-09-14T00:00:00",
    "floor_data": [
        {
            "floor": "Classroom 1",
            "fan_consumption": 618,
            "light_consumption": 714,
            "total_floor_consumption": 1835
        },
        {
            "floor": "Classroom 2",
            "fan_consumption": 714,
            "light_consumption": 654,
            "total_floor_consumption": 1931
        },
        {
            "floor": "Workroom 1",
            "fan_consumption": 342,
            "light_consumption": 318,
            "total_floor_consumption": 942
        },
        {
            "floor": "Workroom 2",
            "fan_consumption": 348,
            "light_consumption": 360,
            "total_floor_consumption": 957
        },
        {
            "floor": "Lab 1",
            "fan_consumption": 960,
            "light_consumption": 800,
            "total_floor_consumption": 4340
        },
        {
            "floor": "Lab 2",
            "fan_consumption": 936,
            "light_consumption": 936,
            "total_floor_consumption": 4722
        }
    ],
    "shared_equipment": {
        "computer_consumption": 420,
        "projector_consumption": 572
    },
    "occupancy_level": 87,
    "temperature": 26,
    "time_of_day": "Morning",
    "day_of_week": "Monday",
    "holiday": false,
    "total_consumption": 15719,
    "peak_load": 16216,
    "break_time_consumption": 15719
}