{
    "timestamp": "2020-02-10T00:00:00",
    "floor_data": [
        {
            "floor": "Classroom 1",
            "fan_consumption": 696,
            "light_consumption": 660,
            "total_floor_consumption": 1951
        },
        {
            "floor": "Classroom 2",
            "fan_consumption": 642,
            "light_consumption": 708,
            "total_floor_consumption": 1927
        },
        {
            "floor": "Workroom 1",
            "fan_consumption": 333,
            "light_consumption": 339,
            "total_floor_consumption": 918
        },
        {
            "floor": "Workroom 2",
            "fan_consumption": 324,
            "light_consumption": 348,
            "total_floor_consumption": 912
        },
        {
            "floor": "Lab 1",
            "fan_consumption": 936,
            "light_consumption": 920,
            "total_floor_consumption": 4016
        },
        {
            "floor": "Lab 2",
            "fan_consumption": 824,
            "light_consumption": 944,
            "total_floor_consumption": 4468
        }
    ],
    "shared_equipment": {
        "computer_consumption": 301,
        "projector_consumption": 524
    },
    "occupancy_level": 86,
    "temperature": 27,
    "time_of_day": "Morning",
    "day_of_week": "Monday",
    "holiday": false,
    "total_consumption": 15017,
    "peak_load": 15257,
    "break_time_consumption": 15017
}