{
    "timestamp": "2020-05-30T00:00:00",
    "floor_data": [
        {
            "floor": "Classroom 1",
            "fan_consumption": 702,
            "light_consumption": 642,
            "total_floor_consumption": 1864
        },
        {
            "floor": "Classroom 2",
            "fan_consumption": 702,
            "light_consumption": 618,
            "total_floor_consumption": 1879
        },
        {
            "floor": "Workroom 1",
            "fan_consumption": 321,
            "light_consumption": 336,
            "total_floor_consumption": 954
        },
        {
            "floor": "Workroom 2",
            "fan_consumption": 321,
            "light_consumption": 342,
            "total_floor_consumption": 945
        },
        {
            "floor": "Lab 1",
            "fan_consumption": 912,
            "light_consumption": 872,
            "total_floor_consumption": 4664
        },
        {
            "floor": "Lab 2",
            "fan_consumption": 832,
            "light_consumption": 832,
            "total_floor_consumption": 3974
        }
    ],
    "shared_equipment": {
        "computer_consumption": 369,
        "projector_consumption": 550
    },
    "occupancy_level": 93,
    "temperature": 18,
    "time_of_day": "Morning",
    "day_of_week": "Saturday",
    "holiday": true,
    "total_consumption": 15199,
    "peak_load": 15673,
    "break_time_consumption": 15199
}