{
    "timestamp": "2020-05-31T00:00:00",
    "floor_data": [
        {
            "floor": "Classroom 1",
            "fan_consumption": 666,
            "light_consumption": 684,
            "total_floor_consumption": 1936
        },
        {
            "floor": "Classroom 2",
            "fan_consumption": 618,
            "light_consumption": 606,
            "total_floor_consumption": 1771
        },
        {
            "floor": "Workroom 1",
            "fan_consumption": 321,
            "light_consumption": 333,
            "total_floor_consumption": 930
        },
        {
            "floor": "Workroom 2",
            "fan_consumption": 345,
            "light_consumption": 336,
            "total_floor_consumption": 891
        },
        {
            "floor": "Lab 1",
            "fan_consumption": 824,
            "light_consumption": 952,
            "total_floor_consumption": 3996
        },
        {
            "floor": "Lab 2",
            "fan_consumption": 920,
            "light_consumption": 816,
            "total_floor_consumption": 4646
        }
    ],
    "shared_equipment": {
        "computer_consumption": 303,
        "projector_consumption": 583
    },
    "occupancy_level": 77,
    "temperature": 21,
    "time_of_day": "Morning",
    "day_of_week": "Sunday",
    "holiday": true,
    "total_consumption": 15056,
    "peak_load": 15512,
    "break_time_consumption": 15056
}