{
    "timestamp": "2020-07-14T00:00:00",
    "floor_data": [
        {
            "floor": "Classroom 1",
            "fan_consumption": 714,
            "light_consumption": 672,
            "total_floor_consumption": 1893
        },
        {
            "floor": "Classroom 2",
            "fan_consumption": 642,
            "light_consumption": 630,
            "total_floor_consumption": 1788
        },
        {
            "floor": "Workroom 1",
            "fan_consumption": 348,
            "light_consumption": 303,
            "total_floor_consumption": 888
        },
        {
            "floor": "Workroom 2",
            "fan_consumption": 339,
            "light_consumption": 318,
            "total_floor_consumption": 891
        },
        {
            "floor": "Lab 1",
            "fan_consumption": 816,
            "light_consumption": 944,
            "total_floor_consumption": 3860
        },
        {
            "floor": "Lab 2",
            "fan_consumption": 960,
            "light_consumption": 944,
            "total_floor_consumption": 4424
        }
    ],
    "shared_equipment": {
        "computer_consumption": 378,
        "projector_consumption": 551
    },
    "occupancy_level": 99,
    "temperature": 21,
    "time_of_day": "Morning",
    "day_of_week": "Tuesday",
    "holiday": false,
    "total_consumption": 14673,
    "peak_load": 15144,
    "break_time_consumption": 14673
}