{
    "timestamp": "2020-10-01T00:00:00",
    "floor_data": [
        {
            "floor": "Classroom 1",
            "fan_consumption": 684,
            "light_consumption": 642,
            "total_floor_consumption": 1842
        },
        {
            "floor": "Classroom 2",
            "fan_consumption": 696,
            "light_consumption": 702,
            "total_floor_consumption": 1988
        },
        {
            "floor": "Workroom 1",
            "fan_consumption": 336,
            "light_consumption": 345,
            "total_floor_consumption": 951
        },
        {
            "floor": "Workroom 2",
            "fan_consumption": 306,
            "light_consumption": 354,
            "total_floor_consumption": 942
        },
        {
            "floor": "Lab 1",
            "fan_consumption": 896,
            "light_consumption": 960,
            "total_floor_consumption": 4286
        },
        {
            "floor": "Lab 2",
            "fan_consumption": 952,
            "light_consumption": 800,
            "total_floor_consumption": 4392
        }
    ],
    "shared_equipment": {
        "computer_consumption": 307,
        "projector_consumption": 588
    },
    "occupancy_level": 67,
    "temperature": 25,
    "time_of_day": "Morning",
    "day_of_week": "Thursday",
    "holiday": false,
    "total_consumption": 15296,
    "peak_load": 15638,
    "break_time_consumption": 15296
}