{
    "timestamp": "2020-09-23T00:00:00",
    "floor_data": [
        {
            "floor": "Classroom 1",
            "fan_consumption": 618,
            "light_consumption": 618,
            "total_floor_consumption": 1753
        },
        {
            "floor": "Classroom 2",
            "fan_consumption": 600,
            "light_consumption": 606,
            "total_floor_consumption": 1739
        },
        {
            "floor": "Workroom 1",
            "fan_consumption": 333,
            "light_consumption": 303,
            "total_floor_consumption": 855
        },
        {
            "floor": "Workroom 2",
            "fan_consumption": 312,
            "light_consumption": 336,
            "total_floor_consumption": 894
        },
        {
            "floor": "Lab 1",
            "fan_consumption": 816,
            "light_consumption": 856,
            "total_floor_consumption": 4372
        },
        {
            "floor": "Lab 2",
            "fan_consumption": 864,
            "light_consumption": 800,
            "total_floor_consumption": 4214
        }
    ],
    "shared_equipment": {
        "computer_consumption": 482,
        "projector_consumption": 574
    },
    "occupancy_level": 98,
    "temperature": 20,
    "time_of_day": "Morning",
    "day_of_week": "Wednesday",
    "holiday": false,
    "total_consumption": 14883,
    "peak_load": 15137,
    "break_time_consumption": 14883
}