{
    "timestamp": "2020-10-23T00:00:00",
    "floor_data": [
        {
            "floor": "Classroom 1",
            "fan_consumption": 648,
            "light_consumption": 630,
            "total_floor_consumption": 1795
        },
        {
            "floor": "Classroom 2",
            "fan_consumption": 606,
            "light_consumption": 678,
            "total_floor_consumption": 1875
        },
        {
            "floor": "Workroom 1",
            "fan_consumption": 321,
            "light_consumption": 327,
            "total_floor_consumption": 921
        },
        {
            "floor": "Workroom 2",
            "fan_consumption": 339,
            "light_consumption": 360,
            "total_floor_consumption": 954
        },
        {
            "floor": "Lab 1",
            "fan_consumption": 824,
            "light_consumption": 864,
            "total_floor_consumption": 3908
        },
        {
            "floor": "Lab 2",
            "fan_consumption": 960,
            "light_consumption": 952,
            "total_floor_consumption": 4162
        }
    ],
    "shared_equipment": {
        "computer_consumption": 486,
        "projector_consumption": 570
    },
    "occupancy_level": 81,
    "temperature": 25,
    "time_of_day": "Morning",
    "day_of_week": "Friday",
    "holiday": false,
    "total_consumption": 14671,
    "peak_load": 15148,
    "break_time_consumption": 14671
}