{
    "timestamp": "2020-04-02T00:00:00",
    "floor_data": [
        {
            "floor": "Classroom 1",
            "fan_consumption": 642,
            "light_consumption": 696,
            "total_floor_consumption": 1892
        },
        {
            "floor": "Classroom 2",
            "fan_consumption": 624,
            "light_consumption": 720,
            "total_floor_consumption": 1860
        },
        {
            "floor": "Workroom 1",
            "fan_consumption": 309,
            "light_consumption": 351,
            "total_floor_consumption": 951
        },
        {
            "floor": "Workroom 2",
            "fan_consumption": 312,
            "light_consumption": 300,
            "total_floor_consumption": 912
        },
        {
            "floor": "Lab 1",
            "fan_consumption": 872,
            "light_consumption": 816,
            "total_floor_consumption": 3848
        },
        {
            "floor": "Lab 2",
            "fan_consumption": 920,
            "light_consumption": 872,
            "total_floor_consumption": 4012
        }
    ],
    "shared_equipment": {
        "computer_consumption": 418,
        "projector_consumption": 552
    },
    "occupancy_level": 75,
    "temperature": 22,
    "time_of_day": "Morning",
    "day_of_week": "Thursday",
    "holiday": false,
    "total_consumption": 14445,
    "peak_load": 14834,
    "break_time_consumption": 14445
}