{
    "timestamp": "2020-09-12T00:00:00",
    "floor_data": [
        {
            "floor": "Classroom 1",
            "fan_consumption": 690,
            "light_consumption": 696,
            "total_floor_consumption": 1957
        },
        {
            "floor": "Classroom 2",
            "fan_consumption": 684,
            "light_consumption": 684,
            "total_floor_consumption": 1868
        },
        {
            "floor": "Workroom 1",
            "fan_consumption": 345,
            "light_consumption": 339,
            "total_floor_consumption": 969
        },
        {
            "floor": "Workroom 2",
            "fan_consumption": 303,
            "light_consumption": 345,
            "total_floor_consumption": 882
        },
        {
            "floor": "Lab 1",
            "fan_consumption": 888,
            "light_consumption": 832,
            "total_floor_consumption": 4660
        },
        {
            "floor": "Lab 2",
            "fan_consumption": 856,
            "light_consumption": 960,
            "total_floor_consumption": 4606
        }
    ],
    "shared_equipment": {
        "computer_consumption": 370,
        "projector_consumption": 561
    },
    "occupancy_level": 73,
    "temperature": 18,
    "time_of_day": "Morning",
    "day_of_week": "Saturday",
    "holiday": true,
    "total_consumption": 15873,
    "peak_load": 16338,
    "break_time_consumption": 15873
}