{
    "timestamp": "2020-12-17T00:00:00",
    "floor_data": [
        {
            "floor": "Classroom 1",
            "fan_consumption": 606,
            "light_consumption": 720,
            "total_floor_consumption": 1840
        },
        {
            "floor": "Classroom 2",
            "fan_consumption": 642,
            "light_consumption": 684,
            "total_floor_consumption": 1872
        },
        {
            "floor": "Workroom 1",
            "fan_consumption": 351,
            "light_consumption": 330,
            "total_floor_consumption": 891
        },
        {
            "floor": "Workroom 2",
            "fan_consumption": 321,
            "light_consumption": 330,
            "total_floor_consumption": 867
        },
        {
            "floor": "Lab 1",
            "fan_consumption": 928,
            "light_consumption": 936,
            "total_floor_consumption": 4234
        },
        {
            "floor": "Lab 2",
            "fan_consumption": 840,
            "light_consumption": 920,
            "total_floor_consumption": 4610
        }
    ],
    "shared_equipment": {
        "computer_consumption": 390,
        "projector_consumption": 596
    },
    "occupancy_level": 90,
    "temperature": 22,
    "time_of_day": "Morning",
    "day_of_week": "Thursday",
    "holiday": false,
    "total_consumption": 15300,
    "peak_load": 15601,
    "break_time_consumption": 15300
}