{
    "timestamp": "2020-10-28T00:00:00",
    "floor_data": [
        {
            "floor": "Classroom 1",
            "fan_consumption": 648,
            "light_consumption": 720,
            "total_floor_consumption": 1883
        },
        {
            "floor": "Classroom 2",
            "fan_consumption": 708,
            "light_consumption": 618,
            "total_floor_consumption": 1832
        },
        {
            "floor": "Workroom 1",
            "fan_consumption": 357,
            "light_consumption": 357,
            "total_floor_consumption": 987
        },
        {
            "floor": "Workroom 2",
            "fan_consumption": 321,
            "light_consumption": 312,
            "total_floor_consumption": 870
        },
        {
            "floor": "Lab 1",
            "fan_consumption": 824,
            "light_consumption": 888,
            "total_floor_consumption": 4562
        },
        {
            "floor": "Lab 2",
            "fan_consumption": 880,
            "light_consumption": 864,
            "total_floor_consumption": 4684
        }
    ],
    "shared_equipment": {
        "computer_consumption": 412,
        "projector_consumption": 530
    },
    "occupancy_level": 68,
    "temperature": 24,
    "time_of_day": "Morning",
    "day_of_week": "Wednesday",
    "holiday": false,
    "total_consumption": 15760,
    "peak_load": 16000,
    "break_time_consumption": 15760
}