{
    "timestamp": "2020-01-08T00:00:00",
    "floor_data": [
        {
            "floor": "Classroom 1",
            "fan_consumption": 642,
            "light_consumption": 678,
            "total_floor_consumption": 1872
        },
        {
            "floor": "Classroom 2",
            "fan_consumption": 702,
            "light_consumption": 642,
            "total_floor_consumption": 1854
        },
        {
            "floor": "Workroom 1",
            "fan_consumption": 360,
            "light_consumption": 303,
            "total_floor_consumption": 888
        },
        {
            "floor": "Workroom 2",
            "fan_consumption": 312,
            "light_consumption": 303,
            "total_floor_consumption": 858
        },
        {
            "floor": "Lab 1",
            "fan_consumption": 872,
            "light_consumption": 832,
            "total_floor_consumption": 4704
        },
        {
            "floor": "Lab 2",
            "fan_consumption": 888,
            "light_consumption": 928,
            "total_floor_consumption": 4276
        }
    ],
    "shared_equipment": {
        "computer_consumption": 318,
        "projector_consumption": 513
    },
    "occupancy_level": 78,
    "temperature": 22,
    "time_of_day": "Morning",
    "day_of_week": "Wednesday",
    "holiday": false,
    "total_consumption": 15283,
    "peak_load": 15493,
    "break_time_consumption": 15283
}