{
    "timestamp": "2020-06-23T00:00:00",
    "floor_data": [
        {
            "floor": "Classroom 1",
            "fan_consumption": 702,
            "light_consumption": 660,
            "total_floor_consumption": 1905
        },
        {
            "floor": "Classroom 2",
            "fan_consumption": 612,
            "light_consumption": 654,
            "total_floor_consumption": 1775
        },
        {
            "floor": "Workroom 1",
            "fan_consumption": 327,
            "light_consumption": 321,
            "total_floor_consumption": 858
        },
        {
            "floor": "Workroom 2",
            "fan_consumption": 360,
            "light_consumption": 342,
            "total_floor_consumption": 966
        },
        {
            "floor": "Lab 1",
            "fan_consumption": 840,
            "light_consumption": 864,
            "total_floor_consumption": 4224
        },
        {
            "floor": "Lab 2",
            "fan_consumption": 864,
            "light_consumption": 904,
            "total_floor_consumption": 4078
        }
    ],
    "shared_equipment": {
        "computer_consumption": 413,
        "projector_consumption": 545
    },
    "occupancy_level": 64,
    "temperature": 21,
    "time_of_day": "Morning",
    "day_of_week": "Tuesday",
    "holiday": false,
    "total_consumption": 14764,
    "peak_load": 15166,
    "break_time_consumption": 14764
}