{
    "timestamp": "2020-09-21T00:00:00",
    "floor_data": [
        {
            "floor": "Classroom 1",
            "fan_consumption": 714,
            "light_consumption": 660,
            "total_floor_consumption": 1887
        },
        {
            "floor": "Classroom 2",
            "fan_consumption": 642,
            "light_consumption": 624,
            "total_floor_consumption": 1797
        },
        {
            "floor": "Workroom 1",
            "fan_consumption": 330,
            "light_consumption": 351,
            "total_floor_consumption": 960
        },
        {
            "floor": "Workroom 2",
            "fan_consumption": 345,
            "light_consumption": 315,
            "total_floor_consumption": 930
        },
        {
            "floor": "Lab 1",
            "fan_consumption": 944,
            "light_consumption": 864,
            "total_floor_consumption": 4178
        },
        {
            "floor": "Lab 2",
            "fan_consumption": 840,
            "light_consumption": 824,
            "total_floor_consumption": 4184
        }
    ],
    "shared_equipment": {
        "computer_consumption": 433,
        "projector_consumption": 574
    },
    "occupancy_level": 63,
    "temperature": 19,
    "time_of_day": "Morning",
    "day_of_week": "Monday",
    "holiday": false,
    "total_consumption": 14943,
    "peak_load": 15210,
    "break_time_consumption": 14943
}