{
    "timestamp": "2020-07-09T00:00:00",
    "floor_data": [
        {
            "floor": "Classroom 1",
            "fan_consumption": 684,
            "light_consumption": 600,
            "total_floor_consumption": 1809
        },
        {
            "floor": "Classroom 2",
            "fan_consumption": 606,
            "light_consumption": 702,
            "total_floor_consumption": 1881
        },
        {
            "floor": "Workroom 1",
            "fan_consumption": 315,
            "light_consumption": 303,
            "total_floor_consumption": 912
        },
        {
            "floor": "Workroom 2",
            "fan_consumption": 354,
            "light_consumption": 339,
            "total_floor_consumption": 918
        },
        {
            "floor": "Lab 1",
            "fan_consumption": 928,
            "light_consumption": 816,
            "total_floor_consumption": 4204
        },
        {
            "floor": "Lab 2",
            "fan_consumption": 824,
            "light_consumption": 856,
            "total_floor_consumption": 3930
        }
    ],
    "shared_equipment": {
        "computer_consumption": 339,
        "projector_consumption": 597
    },
    "occupancy_level": 99,
    "temperature": 27,
    "time_of_day": "Morning",
    "day_of_week": "Thursday",
    "holiday": false,
    "total_consumption": 14590,
    "peak_load": 14975,
    "break_time_consumption": 14590
}