{
    "timestamp": "2020-04-01T00:00:00",
    "floor_data": [
        {
            "floor": "Classroom 1",
            "fan_consumption": 720,
            "light_consumption": 684,
            "total_floor_consumption": 1939
        },
        {
            "floor": "Classroom 2",
            "fan_consumption": 630,
            "light_consumption": 648,
            "total_floor_consumption": 1782
        },
        {
            "floor": "Workroom 1",
            "fan_consumption": 321,
            "light_consumption": 351,
            "total_floor_consumption": 924
        },
        {
            "floor": "Workroom 2",
            "fan_consumption": 315,
            "light_consumption": 312,
            "total_floor_consumption": 909
        },
        {
            "floor": "Lab 1",
            "fan_consumption": 960,
            "light_consumption": 856,
            "total_floor_consumption": 4096
        },
        {
            "floor": "Lab 2",
            "fan_consumption": 816,
            "light_consumption": 824,
            "total_floor_consumption": 4580
        }
    ],
    "shared_equipment": {
        "computer_consumption": 443,
        "projector_consumption": 527
    },
    "occupancy_level": 71,
    "temperature": 22,
    "time_of_day": "Morning",
    "day_of_week": "Wednesday",
    "holiday": false,
    "total_consumption": 15200,
    "peak_load": 15637,
    "break_time_consumption": 15200
}