{
    "timestamp": "2020-01-12T00:00:00",
    "floor_data": [
        {
            "floor": "Classroom 1",
            "fan_consumption": 642,
            "light_consumption": 654,
            "total_floor_consumption": 1878
        },
        {
            "floor": "Classroom 2",
            "fan_consumption": 702,
            "light_consumption": 600,
            "total_floor_consumption": 1826
        },
        {
            "floor": "Workroom 1",
            "fan_consumption": 354,
            "light_consumption": 351,
            "total_floor_consumption": 936
        },
        {
            "floor": "Workroom 2",
            "fan_consumption": 309,
            "light_consumption": 345,
            "total_floor_consumption": 888
        },
        {
            "floor": "Lab 1",
            "fan_consumption": 928,
            "light_consumption": 904,
            "total_floor_consumption": 4292
        },
        {
            "floor": "Lab 2",
            "fan_consumption": 928,
            "light_consumption": 888,
            "total_floor_consumption": 3946
        }
    ],
    "shared_equipment": {
        "computer_consumption": 473,
        "projector_consumption": 523
    },
    "occupancy_level": 90,
    "temperature": 26,
    "time_of_day": "Morning",
    "day_of_week": "Sunday",
    "holiday": true,
    "total_consumption": 14762,
    "peak_load": 15015,
    "break_time_consumption": 14762
}