{
    "timestamp": "2020-12-22T00:00:00",
    "floor_data": [
        {
            "floor": "Classroom 1",
            "fan_consumption": 600,
            "light_consumption": 702,
            "total_floor_consumption": 1870
        },
        {
            "floor": "Classroom 2",
            "fan_consumption": 702,
            "light_consumption": 612,
            "total_floor_consumption": 1907
        },
        {
            "floor": "Workroom 1",
            "fan_consumption": 345,
            "light_consumption": 303,
            "total_floor_consumption": 912
        },
        {
            "floor": "Workroom 2",
            "fan_consumption": 333,
            "light_consumption": 324,
            "total_floor_consumption": 957
        },
        {
            "floor": "Lab 1",
            "fan_consumption": 904,
            "light_consumption": 928,
            "total_floor_consumption": 4442
        },
        {
            "floor": "Lab 2",
            "fan_consumption": 800,
            "light_consumption": 960,
            "total_floor_consumption": 3980
        }
    ],
    "shared_equipment": {
        "computer_consumption": 429,
        "projector_consumption": 533
    },
    "occupancy_level": 78,
    "temperature": 20,
    "time_of_day": "Morning",
    "day_of_week": "Tuesday",
    "holiday": false,
    "total_consumption": 15030,
    "peak_load": 15238,
    "break_time_consumption": 15030
}