{
    "timestamp": "2020-08-03T00:00:00",
    "floor_data": [
        {
            "floor": "Classroom 1",
            "fan_consumption": 630,
            "light_consumption": 636,
            "total_floor_consumption": 1864
        },
        {
            "floor": "Classroom 2",
            "fan_consumption": 612,
            "light_consumption": 720,
            "total_floor_consumption": 1925
        },
        {
            "floor": "Workroom 1",
            "fan_consumption": 351,
            "light_consumption": 306,
            "total_floor_consumption": 885
        },
        {
            "floor": "Workroom 2",
            "fan_consumption": 318,
            "light_consumption": 330,
            "total_floor_consumption": 888
        },
        {
            "floor": "Lab 1",
            "fan_consumption": 808,
            "light_consumption": 880,
            "total_floor_consumption": 4388
        },
        {
            "floor": "Lab 2",
            "fan_consumption": 944,
            "light_consumption": 800,
            "total_floor_consumption": 4654
        }
    ],
    "shared_equipment": {
        "computer_consumption": 454,
        "projector_consumption": 549
    },
    "occupancy_level": 88,
    "temperature": 25,
    "time_of_day": "Morning",
    "day_of_week": "Monday",
    "holiday": false,
    "total_consumption": 15607,
    "peak_load": 15967,
    "break_time_consumption": 15607
}