{
    "timestamp": "2020-04-23T00:00:00",
    "floor_data": [
        {
            "floor": "Classroom 1",
            "fan_consumption": 648,
            "light_consumption": 654,
            "total_floor_consumption": 1851
        },
        {
            "floor": "Classroom 2",
            "fan_consumption": 636,
            "light_consumption": 630,
            "total_floor_consumption": 1811
        },
        {
            "floor": "Workroom 1",
            "fan_consumption": 351,
            "light_consumption": 318,
            "total_floor_consumption": 966
        },
        {
            "floor": "Workroom 2",
            "fan_consumption": 306,
            "light_consumption": 300,
            "total_floor_consumption": 897
        },
        {
            "floor": "Lab 1",
            "fan_consumption": 816,
            "light_consumption": 800,
            "total_floor_consumption": 4316
        },
        {
            "floor": "Lab 2",
            "fan_consumption": 920,
            "light_consumption": 872,
            "total_floor_consumption": 4582
        }
    ],
    "shared_equipment": {
        "computer_consumption": 487,
        "projector_consumption": 503
    },
    "occupancy_level": 78,
    "temperature": 24,
    "time_of_day": "Morning",
    "day_of_week": "Thursday",
    "holiday": false,
    "total_consumption": 15413,
    "peak_load": 15892,
    "break_time_consumption": 15413
}