{
    "timestamp": "2020-06-01T00:00:00",
    "floor_data": [
        {
            "floor": "Classroom 1",
            "fan_consumption": 720,
            "light_consumption": 702,
            "total_floor_consumption": 1981
        },
        {
            "floor": "Classroom 2",
            "fan_consumption": 708,
            "light_consumption": 690,
            "total_floor_consumption": 1905
        },
        {
            "floor": "Workroom 1",
            "fan_consumption": 324,
            "light_consumption": 342,
            "total_floor_consumption": 960
        },
        {
            "floor": "Workroom 2",
            "fan_consumption": 348,
            "light_consumption": 333,
            "total_floor_consumption": 930
        },
        {
            "floor": "Lab 1",
            "fan_consumption": 800,
            "light_consumption": 832,
            "total_floor_consumption": 4572
        },
        {
            "floor": "Lab 2",
            "fan_consumption": 856,
            "light_consumption": 880,
            "total_floor_consumption": 4706
        }
    ],
    "shared_equipment": {
        "computer_consumption": 432,
        "projector_consumption": 589
    },
    "occupancy_level": 91,
    "temperature": 20,
    "time_of_day": "Morning",
    "day_of_week": "Monday",
    "holiday": false,
    "total_consumption": 16075,
    "peak_load": 16420,
    "break_time_consumption": 16075
}