{
    "timestamp": "2020-06-19T00:00:00",
    "floor_data": [
        {
            "floor": "Classroom 1",
            "fan_consumption": 678,
            "light_consumption": 714,
            "total_floor_consumption": 1929
        },
        {
            "floor": "Classroom 2",
            "fan_consumption": 666,
            "light_consumption": 624,
            "total_floor_consumption": 1840
        },
        {
            "floor": "Workroom 1",
            "fan_consumption": 348,
            "light_consumption": 360,
            "total_floor_consumption": 999
        },
        {
            "floor": "Workroom 2",
            "fan_consumption": 348,
            "light_consumption": 339,
            "total_floor_consumption": 966
        },
        {
            "floor": "Lab 1",
            "fan_consumption": 872,
            "light_consumption": 808,
            "total_floor_consumption": 3780
        },
        {
            "floor": "Lab 2",
            "fan_consumption": 864,
            "light_consumption": 840,
            "total_floor_consumption": 4284
        }
    ],
    "shared_equipment": {
        "computer_consumption": 345,
        "projector_consumption": 581
    },
    "occupancy_level": 99,
    "temperature": 21,
    "time_of_day": "Morning",
    "day_of_week": "Friday",
    "holiday": false,
    "total_consumption": 14724,
    "peak_load": 15044,
    "break_time_consumption": 14724
}