{
    "timestamp": "2020-09-25T00:00:00",
    "floor_data": [
        {
            "floor": "Classroom 1",
            "fan_consumption": 624,
            "light_consumption": 714,
            "total_floor_consumption": 1898
        },
        {
            "floor": "Classroom 2",
            "fan_consumption": 702,
            "light_consumption": 720,
            "total_floor_consumption": 2008
        },
        {
            "floor": "Workroom 1",
            "fan_consumption": 339,
            "light_consumption": 324,
            "total_floor_consumption": 930
        },
        {
            "floor": "Workroom 2",
            "fan_consumption": 330,
            "light_consumption": 351,
            "total_floor_consumption": 981
        },
        {
            "floor": "Lab 1",
            "fan_consumption": 888,
            "light_consumption": 904,
            "total_floor_consumption": 4372
        },
        {
            "floor": "Lab 2",
            "fan_consumption": 808,
            "light_consumption": 832,
            "total_floor_consumption": 4010
        }
    ],
    "shared_equipment": {
        "computer_consumption": 414,
        "projector_consumption": 568
    },
    "occupancy_level": 67,
    "temperature": 22,
    "time_of_day": "Morning",
    "day_of_week": "Friday",
    "holiday": false,
    "total_consumption": 15181,
    "peak_load": 15519,
    "break_time_consumption": 15181
}