{
    "timestamp": "2020-05-02T00:00:00",
    "floor_data": [
        {
            "floor": "Classroom 1",
            "fan_consumption": 672,
            "light_consumption": 684,
            "total_floor_consumption": 1899
        },
        {
            "floor": "Classroom 2",
            "fan_consumption": 696,
            "light_consumption": 720,
            "total_floor_consumption": 1927
        },
        {
            "floor": "Workroom 1",
            "fan_consumption": 354,
            "light_consumption": 312,
            "total_floor_consumption": 924
        },
        {
            "floor": "Workroom 2",
            "fan_consumption": 357,
            "light_consumption": 360,
            "total_floor_consumption": 936
        },
        {
            "floor": "Lab 1",
            "fan_consumption": 808,
            "light_consumption": 952,
            "total_floor_consumption": 4730
        },
        {
            "floor": "Lab 2",
            "fan_consumption": 936,
            "light_consumption": 824,
            "total_floor_consumption": 4040
        }
    ],
    "shared_equipment": {
        "computer_consumption": 374,
        "projector_consumption": 535
    },
    "occupancy_level": 61,
    "temperature": 18,
    "time_of_day": "Morning",
    "day_of_week": "Saturday",
    "holiday": true,
    "total_consumption": 15365,
    "peak_load": 15602,
    "break_time_consumption": 15365
}