{
    "timestamp": "2020-05-14T00:00:00",
    "floor_data": [
        {
            "floor": "Classroom 1",
            "fan_consumption": 636,
            "light_consumption": 672,
            "total_floor_consumption": 1841
        },
        {
            "floor": "Classroom 2",
            "fan_consumption": 678,
            "light_consumption": 672,
            "total_floor_consumption": 1905
        },
        {
            "floor": "Workroom 1",
            "fan_consumption": 345,
            "light_consumption": 336,
            "total_floor_consumption": 960
        },
        {
            "floor": "Workroom 2",
            "fan_consumption": 330,
            "light_consumption": 360,
            "total_floor_consumption": 903
        },
        {
            "floor": "Lab 1",
            "fan_consumption": 904,
            "light_consumption": 928,
            "total_floor_consumption": 4592
        },
        {
            "floor": "Lab 2",
            "fan_consumption": 928,
            "light_consumption": 912,
            "total_floor_consumption": 4570
        }
    ],
    "shared_equipment": {
        "computer_consumption": 475,
        "projector_consumption": 510
    },
    "occupancy_level": 77,
    "temperature": 18,
    "time_of_day": "Morning",
    "day_of_week": "Thursday",
    "holiday": false,
    "total_consumption": 15756,
    "peak_load": 16013,
    "break_time_consumption": 15756
}