{
    "timestamp": "2020-10-12T00:00:00",
    "floor_data": [
        {
            "floor": "Classroom 1",
            "fan_consumption": 660,
            "light_consumption": 600,
            "total_floor_consumption": 1835
        },
        {
            "floor": "Classroom 2",
            "fan_consumption": 600,
            "light_consumption": 678,
            "total_floor_consumption": 1866
        },
        {
            "floor": "Workroom 1",
            "fan_consumption": 321,
            "light_consumption": 306,
            "total_floor_consumption": 900
        },
        {
            "floor": "Workroom 2",
            "fan_consumption": 336,
            "light_consumption": 345,
            "total_floor_consumption": 903
        },
        {
            "floor": "Lab 1",
            "fan_consumption": 880,
            "light_consumption": 816,
            "total_floor_consumption": 4666
        },
        {
            "floor": "Lab 2",
            "fan_consumption": 936,
            "light_consumption": 824,
            "total_floor_consumption": 4610
        }
    ],
    "shared_equipment": {
        "computer_consumption": 374,
        "projector_consumption": 566
    },
    "occupancy_level": 74,
    "temperature": 21,
    "time_of_day": "Morning",
    "day_of_week": "Monday",
    "holiday": false,
    "total_consumption": 15720,
    "peak_load": 16091,
    "break_time_consumption": 15720
}