{
    "timestamp": "2020-08-26T00:00:00",
    "floor_data": [
        {
            "floor": "Classroom 1",
            "fan_consumption": 714,
            "light_consumption": 684,
            "total_floor_consumption": 1959
        },
        {
            "floor": "Classroom 2",
            "fan_consumption": 618,
            "light_consumption": 678,
            "total_floor_consumption": 1830
        },
        {
            "floor": "Workroom 1",
            "fan_consumption": 330,
            "light_consumption": 303,
            "total_floor_consumption": 918
        },
        {
            "floor": "Workroom 2",
            "fan_consumption": 315,
            "light_consumption": 318,
            "total_floor_consumption": 915
        },
        {
            "floor": "Lab 1",
            "fan_consumption": 864,
            "light_consumption": 920,
            "total_floor_consumption": 4604
        },
        {
            "floor": "Lab 2",
            "fan_consumption": 952,
            "light_consumption": 832,
            "total_floor_consumption": 4304
        }
    ],
    "shared_equipment": {
        "computer_consumption": 434,
        "projector_consumption": 527
    },
    "occupancy_level": 77,
    "temperature": 25,
    "time_of_day": "Morning",
    "day_of_week": "Wednesday",
    "holiday": false,
    "total_consumption": 15491,
    "peak_load": 15982,
    "break_time_consumption": 15491
}