{
    "timestamp": "2020-02-29T00:00:00",
    "floor_data": [
        {
            "floor": "Classroom 1",
            "fan_consumption": 660,
            "light_consumption": 612,
            "total_floor_consumption": 1819
        },
        {
            "floor": "Classroom 2",
            "fan_consumption": 702,
            "light_consumption": 708,
            "total_floor_consumption": 1988
        },
        {
            "floor": "Workroom 1",
            "fan_consumption": 321,
            "light_consumption": 339,
            "total_floor_consumption": 873
        },
        {
            "floor": "Workroom 2",
            "fan_consumption": 351,
            "light_consumption": 357,
            "total_floor_consumption": 921
        },
        {
            "floor": "Lab 1",
            "fan_consumption": 896,
            "light_consumption": 904,
            "total_floor_consumption": 4050
        },
        {
            "floor": "Lab 2",
            "fan_consumption": 832,
            "light_consumption": 864,
            "total_floor_consumption": 4276
        }
    ],
    "shared_equipment": {
        "computer_consumption": 496,
        "projector_consumption": 594
    },
    "occupancy_level": 79,
    "temperature": 27,
    "time_of_day": "Morning",
    "day_of_week": "Saturday",
    "holiday": true,
    "total_consumption": 15017,
    "peak_load": 15327,
    "break_time_consumption": 15017
}