{
    "timestamp": "2020-01-17T00:00:00",
    "floor_data": [
        {
            "floor": "Classroom 1",
            "fan_consumption": 618,
            "light_consumption": 702,
            "total_floor_consumption": 1859
        },
        {
            "floor": "Classroom 2",
            "fan_consumption": 618,
            "light_consumption": 636,
            "total_floor_consumption": 1780
        },
        {
            "floor": "Workroom 1",
            "fan_consumption": 312,
            "light_consumption": 360,
            "total_floor_consumption": 897
        },
        {
            "floor": "Workroom 2",
            "fan_consumption": 360,
            "light_consumption": 309,
            "total_floor_consumption": 954
        },
        {
            "floor": "Lab 1",
            "fan_consumption": 800,
            "light_consumption": 880,
            "total_floor_consumption": 4230
        },
        {
            "floor": "Lab 2",
            "fan_consumption": 840,
            "light_consumption": 904,
            "total_floor_consumption": 4084
        }
    ],
    "shared_equipment": {
        "computer_consumption": 451,
        "projector_consumption": 557
    },
    "occupancy_level": 91,
    "temperature": 25,
    "time_of_day": "Morning",
    "day_of_week": "Friday",
    "holiday": false,
    "total_consumption": 14812,
    "peak_load": 15054,
    "break_time_consumption": 14812
}