{
    "timestamp": "2020-03-06T00:00:00",
    "floor_data": [
        {
            "floor": "Classroom 1",
            "fan_consumption": 714,
            "light_consumption": 612,
            "total_floor_consumption": 1849
        },
        {
            "floor": "Classroom 2",
            "fan_consumption": 612,
            "light_consumption": 624,
            "total_floor_consumption": 1811
        },
        {
            "floor": "Workroom 1",
            "fan_consumption": 336,
            "light_consumption": 309,
            "total_floor_consumption": 891
        },
        {
            "floor": "Workroom 2",
            "fan_consumption": 342,
            "light_consumption": 339,
            "total_floor_consumption": 921
        },
        {
            "floor": "Lab 1",
            "fan_consumption": 912,
            "light_consumption": 920,
            "total_floor_consumption": 4532
        },
        {
            "floor": "Lab 2",
            "fan_consumption": 952,
            "light_consumption": 904,
            "total_floor_consumption": 4706
        }
    ],
    "shared_equipment": {
        "computer_consumption": 351,
        "projector_consumption": 519
    },
    "occupancy_level": 77,
    "temperature": 23,
    "time_of_day": "Morning",
    "day_of_week": "Friday",
    "holiday": false,
    "total_consumption": 15580,
    "peak_load": 15840,
    "break_time_consumption": 15580
}