{
    "timestamp": "2020-01-07T00:00:00",
    "floor_data": [
        {
            "floor": "Classroom 1",
            "fan_consumption": 612,
            "light_consumption": 666,
            "total_floor_consumption": 1830
        },
        {
            "floor": "Classroom 2",
            "fan_consumption": 702,
            "light_consumption": 660,
            "total_floor_consumption": 1891
        },
        {
            "floor": "Workroom 1",
            "fan_consumption": 315,
            "light_consumption": 336,
            "total_floor_consumption": 861
        },
        {
            "floor": "Workroom 2",
            "fan_consumption": 324,
            "light_consumption": 345,
            "total_floor_consumption": 882
        },
        {
            "floor": "Lab 1",
            "fan_consumption": 928,
            "light_consumption": 904,
            "total_floor_consumption": 3932
        },
        {
            "floor": "Lab 2",
            "fan_consumption": 904,
            "light_consumption": 944,
            "total_floor_consumption": 4548
        }
    ],
    "shared_equipment": {
        "computer_consumption": 434,
        "projector_consumption": 552
    },
    "occupancy_level": 81,
    "temperature": 18,
    "time_of_day": "Morning",
    "day_of_week": "Tuesday",
    "holiday": false,
    "total_consumption": 14930,
    "peak_load": 15318,
    "break_time_consumption": 14930
}