{
    "timestamp": "2020-08-10T00:00:00",
    "floor_data": [
        {
            "floor": "Classroom 1",
            "fan_consumption": 630,
            "light_consumption": 600,
            "total_floor_consumption": 1783
        },
        {
            "floor": "Classroom 2",
            "fan_consumption": 606,
            "light_consumption": 666,
            "total_floor_consumption": 1849
        },
        {
            "floor": "Workroom 1",
            "fan_consumption": 342,
            "light_consumption": 312,
            "total_floor_consumption": 918
        },
        {
            "floor": "Workroom 2",
            "fan_consumption": 345,
            "light_consumption": 345,
            "total_floor_consumption": 903
        },
        {
            "floor": "Lab 1",
            "fan_consumption": 808,
            "light_consumption": 832,
            "total_floor_consumption": 4280
        },
        {
            "floor": "Lab 2",
            "fan_consumption": 896,
            "light_consumption": 816,
            "total_floor_consumption": 4292
        }
    ],
    "shared_equipment": {
        "computer_consumption": 493,
        "projector_consumption": 521
    },
    "occupancy_level": 99,
    "temperature": 18,
    "time_of_day": "Morning",
    "day_of_week": "Monday",
    "holiday": false,
    "total_consumption": 15039,
    "peak_load": 15490,
    "break_time_consumption": 15039
}