{
    "timestamp": "2020-07-23T00:00:00",
    "floor_data": [
        {
            "floor": "Classroom 1",
            "fan_consumption": 720,
            "light_consumption": 714,
            "total_floor_consumption": 1972
        },
        {
            "floor": "Classroom 2",
            "fan_consumption": 714,
            "light_consumption": 660,
            "total_floor_consumption": 1898
        },
        {
            "floor": "Workroom 1",
            "fan_consumption": 360,
            "light_consumption": 336,
            "total_floor_consumption": 930
        },
        {
            "floor": "Workroom 2",
            "fan_consumption": 357,
            "light_consumption": 357,
            "total_floor_consumption": 1011
        },
        {
            "floor": "Lab 1",
            "fan_consumption": 840,
            "light_consumption": 872,
            "total_floor_consumption": 4622
        },
        {
            "floor": "Lab 2",
            "fan_consumption": 888,
            "light_consumption": 848,
            "total_floor_consumption": 4586
        }
    ],
    "shared_equipment": {
        "computer_consumption": 428,
        "projector_consumption": 540
    },
    "occupancy_level": 98,
    "temperature": 28,
    "time_of_day": "Morning",
    "day_of_week": "Thursday",
    "holiday": false,
    "total_consumption": 15987,
    "peak_load": 16286,
    "break_time_consumption": 15987
}