{
    "timestamp": "2020-07-08T00:00:00",
    "floor_data": [
        {
            "floor": "Classroom 1",
            "fan_consumption": 618,
            "light_consumption": 660,
            "total_floor_consumption": 1820
        },
        {
            "floor": "Classroom 2",
            "fan_consumption": 702,
            "light_consumption": 660,
            "total_floor_consumption": 1877
        },
        {
            "floor": "Workroom 1",
            "fan_consumption": 348,
            "light_consumption": 339,
            "total_floor_consumption": 951
        },
        {
            "floor": "Workroom 2",
            "fan_consumption": 315,
            "light_consumption": 330,
            "total_floor_consumption": 927
        },
        {
            "floor": "Lab 1",
            "fan_consumption": 880,
            "light_consumption": 936,
            "total_floor_consumption": 4546
        },
        {
            "floor": "Lab 2",
            "fan_consumption": 816,
            "light_consumption": 936,
            "total_floor_consumption": 4662
        }
    ],
    "shared_equipment": {
        "computer_consumption": 431,
        "projector_consumption": 593
    },
    "occupancy_level": 69,
    "temperature": 25,
    "time_of_day": "Morning",
    "day_of_week": "Wednesday",
    "holiday": false,
    "total_consumption": 15807,
    "peak_load": 16156,
    "break_time_consumption": 15807
}