{
    "timestamp": "2020-04-13T00:00:00",
    "floor_data": [
        {
            "floor": "Classroom 1",
            "fan_consumption": 666,
            "light_consumption": 660,
            "total_floor_consumption": 1916
        },
        {
            "floor": "Classroom 2",
            "fan_consumption": 678,
            "light_consumption": 618,
            "total_floor_consumption": 1868
        },
        {
            "floor": "Workroom 1",
            "fan_consumption": 324,
            "light_consumption": 333,
            "total_floor_consumption": 957
        },
        {
            "floor": "Workroom 2",
            "fan_consumption": 339,
            "light_consumption": 342,
            "total_floor_consumption": 978
        },
        {
            "floor": "Lab 1",
            "fan_consumption": 904,
            "light_consumption": 960,
            "total_floor_consumption": 4234
        },
        {
            "floor": "Lab 2",
            "fan_consumption": 856,
            "light_consumption": 864,
            "total_floor_consumption": 4600
        }
    ],
    "shared_equipment": {
        "computer_consumption": 316,
        "projector_consumption": 587
    },
    "occupancy_level": 78,
    "temperature": 24,
    "time_of_day": "Morning",
    "day_of_week": "Monday",
    "holiday": false,
    "total_consumption": 15456,
    "peak_load": 15915,
    "break_time_consumption": 15456
}