{
    "timestamp": "2020-06-24T00:00:00",
    "floor_data": [
        {
            "floor": "Classroom 1",
            "fan_consumption": 660,
            "light_consumption": 684,
            "total_floor_consumption": 1901
        },
        {
            "floor": "Classroom 2",
            "fan_consumption": 720,
            "light_consumption": 702,
            "total_floor_consumption": 1985
        },
        {
            "floor": "Workroom 1",
            "fan_consumption": 354,
            "light_consumption": 321,
            "total_floor_consumption": 963
        },
        {
            "floor": "Workroom 2",
            "fan_consumption": 306,
            "light_consumption": 300,
            "total_floor_consumption": 885
        },
        {
            "floor": "Lab 1",
            "fan_consumption": 896,
            "light_consumption": 896,
            "total_floor_consumption": 4402
        },
        {
            "floor": "Lab 2",
            "fan_consumption": 960,
            "light_consumption": 848,
            "total_floor_consumption": 3998
        }
    ],
    "shared_equipment": {
        "computer_consumption": 302,
        "projector_consumption": 544
    },
    "occupancy_level": 75,
    "temperature": 25,
    "time_of_day": "Morning",
    "day_of_week": "Wednesday",
    "holiday": false,
    "total_consumption": 14980,
    "peak_load": 15378,
    "break_time_consumption": 14980
}