{
    "timestamp": "2020-07-10T00:00:00",
    "floor_data": [
        {
            "floor": "Classroom 1",
            "fan_consumption": 672,
            "light_consumption": 708,
            "total_floor_consumption": 1921
        },
        {
            "floor": "Classroom 2",
            "fan_consumption": 642,
            "light_consumption": 714,
            "total_floor_consumption": 1889
        },
        {
            "floor": "Workroom 1",
            "fan_consumption": 303,
            "light_consumption": 318,
            "total_floor_consumption": 855
        },
        {
            "floor": "Workroom 2",
            "fan_consumption": 312,
            "light_consumption": 339,
            "total_floor_consumption": 918
        },
        {
            "floor": "Lab 1",
            "fan_consumption": 840,
            "light_consumption": 816,
            "total_floor_consumption": 3936
        },
        {
            "floor": "Lab 2",
            "fan_consumption": 912,
            "light_consumption": 896,
            "total_floor_consumption": 4208
        }
    ],
    "shared_equipment": {
        "computer_consumption": 328,
        "projector_consumption": 555
    },
    "occupancy_level": 60,
    "temperature": 26,
    "time_of_day": "Morning",
    "day_of_week": "Friday",
    "holiday": false,
    "total_consumption": 14610,
    "peak_load": 14828,
    "break_time_consumption": 14610
}