{
    "timestamp": "2020-11-06T00:00:00",
    "floor_data": [
        {
            "floor": "Classroom 1",
            "fan_consumption": 642,
            "light_consumption": 666,
            "total_floor_consumption": 1875
        },
        {
            "floor": "Classroom 2",
            "fan_consumption": 702,
            "light_consumption": 714,
            "total_floor_consumption": 1945
        },
        {
            "floor": "Workroom 1",
            "fan_consumption": 345,
            "light_consumption": 357,
            "total_floor_consumption": 933
        },
        {
            "floor": "Workroom 2",
            "fan_consumption": 330,
            "light_consumption": 351,
            "total_floor_consumption": 897
        },
        {
            "floor": "Lab 1",
            "fan_consumption": 888,
            "light_consumption": 864,
            "total_floor_consumption": 4452
        },
        {
            "floor": "Lab 2",
            "fan_consumption": 800,
            "light_consumption": 912,
            "total_floor_consumption": 3932
        }
    ],
    "shared_equipment": {
        "computer_consumption": 414,
        "projector_consumption": 595
    },
    "occupancy_level": 100,
    "temperature": 27,
    "time_of_day": "Morning",
    "day_of_week": "Friday",
    "holiday": false,
    "total_consumption": 15043,
    "peak_load": 15469,
    "break_time_consumption": 15043
}