{
    "timestamp": "2020-10-09T00:00:00",
    "floor_data": [
        {
            "floor": "Classroom 1",
            "fan_consumption": 666,
            "light_consumption": 636,
            "total_floor_consumption": 1819
        },
        {
            "floor": "Classroom 2",
            "fan_consumption": 684,
            "light_consumption": 666,
            "total_floor_consumption": 1930
        },
        {
            "floor": "Workroom 1",
            "fan_consumption": 360,
            "light_consumption": 327,
            "total_floor_consumption": 936
        },
        {
            "floor": "Workroom 2",
            "fan_consumption": 303,
            "light_consumption": 321,
            "total_floor_consumption": 888
        },
        {
            "floor": "Lab 1",
            "fan_consumption": 808,
            "light_consumption": 816,
            "total_floor_consumption": 4054
        },
        {
            "floor": "Lab 2",
            "fan_consumption": 808,
            "light_consumption": 800,
            "total_floor_consumption": 3798
        }
    ],
    "shared_equipment": {
        "computer_consumption": 360,
        "projector_consumption": 587
    },
    "occupancy_level": 99,
    "temperature": 21,
    "time_of_day": "Morning",
    "day_of_week": "Friday",
    "holiday": false,
    "total_consumption": 14372,
    "peak_load": 14755,
    "break_time_consumption": 14372
}