{
    "timestamp": "2020-11-22T00:00:00",
    "floor_data": [
        {
            "floor": "Classroom 1",
            "fan_consumption": 678,
            "light_consumption": 648,
            "total_floor_consumption": 1833
        },
        {
            "floor": "Classroom 2",
            "fan_consumption": 666,
            "light_consumption": 684,
            "total_floor_consumption": 1949
        },
        {
            "floor": "Workroom 1",
            "fan_consumption": 309,
            "light_consumption": 309,
            "total_floor_consumption": 873
        },
        {
            "floor": "Workroom 2",
            "fan_consumption": 360,
            "light_consumption": 354,
            "total_floor_consumption": 1005
        },
        {
            "floor": "Lab 1",
            "fan_consumption": 920,
            "light_consumption": 888,
            "total_floor_consumption": 4538
        },
        {
            "floor": "Lab 2",
            "fan_consumption": 824,
            "light_consumption": 816,
            "total_floor_consumption": 4010
        }
    ],
    "shared_equipment": {
        "computer_consumption": 460,
        "projector_consumption": 550
    },
    "occupancy_level": 67,
    "temperature": 19,
    "time_of_day": "Morning",
    "day_of_week": "Sunday",
    "holiday": true,
    "total_consumption": 15218,
    "peak_load": 15484,
    "break_time_consumption": 15218
}