{
    "timestamp": "2020-01-04T00:00:00",
    "floor_data": [
        {
            "floor": "Classroom 1",
            "fan_consumption": 720,
            "light_consumption": 624,
            "total_floor_consumption": 1892
        },
        {
            "floor": "Classroom 2",
            "fan_consumption": 696,
            "light_consumption": 696,
            "total_floor_consumption": 1945
        },
        {
            "floor": "Workroom 1",
            "fan_consumption": 336,
            "light_consumption": 330,
            "total_floor_consumption": 885
        },
        {
            "floor": "Workroom 2",
            "fan_consumption": 303,
            "light_consumption": 339,
            "total_floor_consumption": 921
        },
        {
            "floor": "Lab 1",
            "fan_consumption": 872,
            "light_consumption": 864,
            "total_floor_consumption": 4496
        },
        {
            "floor": "Lab 2",
            "fan_consumption": 856,
            "light_consumption": 808,
            "total_floor_consumption": 4334
        }
    ],
    "shared_equipment": {
        "computer_consumption": 457,
        "projector_consumption": 597
    },
    "occupancy_level": 61,
    "temperature": 19,
    "time_of_day": "Morning",
    "day_of_week": "Saturday",
    "holiday": true,
    "total_consumption": 15527,
    "peak_load": 15972,
    "break_time_consumption": 15527
}