{
    "timestamp": "2020-11-11T00:00:00",
    "floor_data": [
        {
            "floor": "Classroom 1",
            "fan_consumption": 612,
            "light_consumption": 684,
            "total_floor_consumption": 1799
        },
        {
            "floor": "Classroom 2",
            "fan_consumption": 684,
            "light_consumption": 630,
            "total_floor_consumption": 1884
        },
        {
            "floor": "Workroom 1",
            "fan_consumption": 309,
            "light_consumption": 357,
            "total_floor_consumption": 906
        },
        {
            "floor": "Workroom 2",
            "fan_consumption": 360,
            "light_consumption": 360,
            "total_floor_consumption": 987
        },
        {
            "floor": "Lab 1",
            "fan_consumption": 936,
            "light_consumption": 896,
            "total_floor_consumption": 4292
        },
        {
            "floor": "Lab 2",
            "fan_consumption": 864,
            "light_consumption": 832,
            "total_floor_consumption": 4396
        }
    ],
    "shared_equipment": {
        "computer_consumption": 380,
        "projector_consumption": 508
    },
    "occupancy_level": 66,
    "temperature": 27,
    "time_of_day": "Morning",
    "day_of_week": "Wednesday",
    "holiday": false,
    "total_consumption": 15152,
    "peak_load": 15397,
    "break_time_consumption": 15152
}