{
    "timestamp": "2020-03-10T00:00:00",
    "floor_data": [
        {
            "floor": "Classroom 1",
            "fan_consumption": 612,
            "light_consumption": 660,
            "total_floor_consumption": 1788
        },
        {
            "floor": "Classroom 2",
            "fan_consumption": 696,
            "light_consumption": 618,
            "total_floor_consumption": 1895
        },
        {
            "floor": "Workroom 1",
            "fan_consumption": 351,
            "light_consumption": 339,
            "total_floor_consumption": 900
        },
        {
            "floor": "Workroom 2",
            "fan_consumption": 300,
            "light_consumption": 330,
            "total_floor_consumption": 891
        },
        {
            "floor": "Lab 1",
            "fan_consumption": 840,
            "light_consumption": 952,
            "total_floor_consumption": 4762
        },
        {
            "floor": "Lab 2",
            "fan_consumption": 872,
            "light_consumption": 952,
            "total_floor_consumption": 3954
        }
    ],
    "shared_equipment": {
        "computer_consumption": 401,
        "projector_consumption": 519
    },
    "occupancy_level": 90,
    "temperature": 22,
    "time_of_day": "Morning",
    "day_of_week": "Tuesday",
    "holiday": false,
    "total_consumption": 15110,
    "peak_load": 15514,
    "break_time_consumption": 15110
}