{
    "timestamp": "2020-07-20T00:00:00",
    "floor_data": [
        {
            "floor": "Classroom 1",
            "fan_consumption": 600,
            "light_consumption": 600,
            "total_floor_consumption": 1796
        },
        {
            "floor": "Classroom 2",
            "fan_consumption": 666,
            "light_consumption": 714,
            "total_floor_consumption": 1899
        },
        {
            "floor": "Workroom 1",
            "fan_consumption": 309,
            "light_consumption": 306,
            "total_floor_consumption": 879
        },
        {
            "floor": "Workroom 2",
            "fan_consumption": 315,
            "light_consumption": 318,
            "total_floor_consumption": 885
        },
        {
            "floor": "Lab 1",
            "fan_consumption": 904,
            "light_consumption": 960,
            "total_floor_consumption": 4534
        },
        {
            "floor": "Lab 2",
            "fan_consumption": 856,
            "light_consumption": 960,
            "total_floor_consumption": 4816
        }
    ],
    "shared_equipment": {
        "computer_consumption": 337,
        "projector_consumption": 557
    },
    "occupancy_level": 64,
    "temperature": 25,
    "time_of_day": "Morning",
    "day_of_week": "Monday",
    "holiday": false,
    "total_consumption": 15703,
    "peak_load": 15991,
    "break_time_consumption": 15703
}