{
    "timestamp": "2020-04-21T00:00:00",
    "floor_data": [
        {
            "floor": "Classroom 1",
            "fan_consumption": 672,
            "light_consumption": 714,
            "total_floor_consumption": 1887
        },
        {
            "floor": "Classroom 2",
            "fan_consumption": 612,
            "light_consumption": 624,
            "total_floor_consumption": 1813
        },
        {
            "floor": "Workroom 1",
            "fan_consumption": 339,
            "light_consumption": 348,
            "total_floor_consumption": 927
        },
        {
            "floor": "Workroom 2",
            "fan_consumption": 348,
            "light_consumption": 348,
            "total_floor_consumption": 987
        },
        {
            "floor": "Lab 1",
            "fan_consumption": 840,
            "light_consumption": 904,
            "total_floor_consumption": 3964
        },
        {
            "floor": "Lab 2",
            "fan_consumption": 888,
            "light_consumption": 928,
            "total_floor_consumption": 4726
        }
    ],
    "shared_equipment": {
        "computer_consumption": 498,
        "projector_consumption": 596
    },
    "occupancy_level": 82,
    "temperature": 25,
    "time_of_day": "Morning",
    "day_of_week": "Tuesday",
    "holiday": false,
    "total_consumption": 15398,
    "peak_load": 15738,
    "break_time_consumption": 15398
}