{
    "timestamp": "2020-06-08T00:00:00",
    "floor_data": [
        {
            "floor": "Classroom 1",
            "fan_consumption": 636,
            "light_consumption": 600,
            "total_floor_consumption": 1740
        },
        {
            "floor": "Classroom 2",
            "fan_consumption": 702,
            "light_consumption": 654,
            "total_floor_consumption": 1936
        },
        {
            "floor": "Workroom 1",
            "fan_consumption": 354,
            "light_consumption": 330,
            "total_floor_consumption": 951
        },
        {
            "floor": "Workroom 2",
            "fan_consumption": 321,
            "light_consumption": 345,
            "total_floor_consumption": 960
        },
        {
            "floor": "Lab 1",
            "fan_consumption": 888,
            "light_consumption": 856,
            "total_floor_consumption": 4684
        },
        {
            "floor": "Lab 2",
            "fan_consumption": 872,
            "light_consumption": 856,
            "total_floor_consumption": 4188
        }
    ],
    "shared_equipment": {
        "computer_consumption": 411,
        "projector_consumption": 501
    },
    "occupancy_level": 93,
    "temperature": 22,
    "time_of_day": "Morning",
    "day_of_week": "Monday",
    "holiday": false,
    "total_consumption": 15371,
    "peak_load": 15863,
    "break_time_consumption": 15371
}