{
    "timestamp": "2020-07-28T00:00:00",
    "floor_data": [
        {
            "floor": "Classroom 1",
            "fan_consumption": 618,
            "light_consumption": 666,
            "total_floor_consumption": 1820
        },
        {
            "floor": "Classroom 2",
            "fan_consumption": 696,
            "light_consumption": 678,
            "total_floor_consumption": 1957
        },
        {
            "floor": "Workroom 1",
            "fan_consumption": 348,
            "light_consumption": 348,
            "total_floor_consumption": 927
        },
        {
            "floor": "Workroom 2",
            "fan_consumption": 342,
            "light_consumption": 354,
            "total_floor_consumption": 951
        },
        {
            "floor": "Lab 1",
            "fan_consumption": 864,
            "light_consumption": 848,
            "total_floor_consumption": 4352
        },
        {
            "floor": "Lab 2",
            "fan_consumption": 864,
            "light_consumption": 864,
            "total_floor_consumption": 3948
        }
    ],
    "shared_equipment": {
        "computer_consumption": 450,
        "projector_consumption": 517
    },
    "occupancy_level": 67,
    "temperature": 27,
    "time_of_day": "Morning",
    "day_of_week": "Tuesday",
    "holiday": false,
    "total_consumption": 14922,
    "peak_load": 15196,
    "break_time_consumption": 14922
}