{
    "timestamp": "2020-10-05T00:00:00",
    "floor_data": [
        {
            "floor": "Classroom 1",
            "fan_consumption": 708,
            "light_consumption": 654,
            "total_floor_consumption": 1902
        },
        {
            "floor": "Classroom 2",
            "fan_consumption": 624,
            "light_consumption": 660,
            "total_floor_consumption": 1790
        },
        {
            "floor": "Workroom 1",
            "fan_consumption": 351,
            "light_consumption": 300,
            "total_floor_consumption": 891
        },
        {
            "floor": "Workroom 2",
            "fan_consumption": 351,
            "light_consumption": 357,
            "total_floor_consumption": 939
        },
        {
            "floor": "Lab 1",
            "fan_consumption": 808,
            "light_consumption": 920,
            "total_floor_consumption": 4188
        },
        {
            "floor": "Lab 2",
            "fan_consumption": 832,
            "light_consumption": 904,
            "total_floor_consumption": 3926
        }
    ],
    "shared_equipment": {
        "computer_consumption": 485,
        "projector_consumption": 528
    },
    "occupancy_level": 65,
    "temperature": 19,
    "time_of_day": "Morning",
    "day_of_week": "Monday",
    "holiday": false,
    "total_consumption": 14649,
    "peak_load": 14969,
    "break_time_consumption": 14649
}