{
    "timestamp": "2020-01-09T00:00:00",
    "floor_data": [
        {
            "floor": "Classroom 1",
            "fan_consumption": 630,
            "light_consumption": 600,
            "total_floor_consumption": 1785
        },
        {
            "floor": "Classroom 2",
            "fan_consumption": 636,
            "light_consumption": 720,
            "total_floor_consumption": 1954
        },
        {
            "floor": "Workroom 1",
            "fan_consumption": 315,
            "light_consumption": 306,
            "total_floor_consumption": 864
        },
        {
            "floor": "Workroom 2",
            "fan_consumption": 318,
            "light_consumption": 309,
            "total_floor_consumption": 906
        },
        {
            "floor": "Lab 1",
            "fan_consumption": 808,
            "light_consumption": 856,
            "total_floor_consumption": 4634
        },
        {
            "floor": "Lab 2",
            "fan_consumption": 832,
            "light_consumption": 936,
            "total_floor_consumption": 4768
        }
    ],
    "shared_equipment": {
        "computer_consumption": 496,
        "projector_consumption": 584
    },
    "occupancy_level": 97,
    "temperature": 18,
    "time_of_day": "Morning",
    "day_of_week": "Thursday",
    "holiday": false,
    "total_consumption": 15991,
    "peak_load": 16408,
    "break_time_consumption": 15991
}