{
    "timestamp": "2020-05-03T00:00:00",
    "floor_data": [
        {
            "floor": "Classroom 1",
            "fan_consumption": 600,
            "light_consumption": 666,
            "total_floor_consumption": 1826
        },
        {
            "floor": "Classroom 2",
            "fan_consumption": 612,
            "light_consumption": 648,
            "total_floor_consumption": 1845
        },
        {
            "floor": "Workroom 1",
            "fan_consumption": 345,
            "light_consumption": 318,
            "total_floor_consumption": 915
        },
        {
            "floor": "Workroom 2",
            "fan_consumption": 354,
            "light_consumption": 357,
            "total_floor_consumption": 984
        },
        {
            "floor": "Lab 1",
            "fan_consumption": 880,
            "light_consumption": 912,
            "total_floor_consumption": 4282
        },
        {
            "floor": "Lab 2",
            "fan_consumption": 808,
            "light_consumption": 944,
            "total_floor_consumption": 4692
        }
    ],
    "shared_equipment": {
        "computer_consumption": 402,
        "projector_consumption": 597
    },
    "occupancy_level": 86,
    "temperature": 24,
    "time_of_day": "Morning",
    "day_of_week": "Sunday",
    "holiday": true,
    "total_consumption": 15543,
    "peak_load": 15980,
    "break_time_consumption": 15543
}