{
    "timestamp": "2020-03-09T00:00:00",
    "floor_data": [
        {
            "floor": "Classroom 1",
            "fan_consumption": 636,
            "light_consumption": 636,
            "total_floor_consumption": 1813
        },
        {
            "floor": "Classroom 2",
            "fan_consumption": 636,
            "light_consumption": 672,
            "total_floor_consumption": 1852
        },
        {
            "floor": "Workroom 1",
            "fan_consumption": 309,
            "light_consumption": 348,
            "total_floor_consumption": 930
        },
        {
            "floor": "Workroom 2",
            "fan_consumption": 354,
            "light_consumption": 360,
            "total_floor_consumption": 957
        },
        {
            "floor": "Lab 1",
            "fan_consumption": 880,
            "light_consumption": 904,
            "total_floor_consumption": 4034
        },
        {
            "floor": "Lab 2",
            "fan_consumption": 944,
            "light_consumption": 888,
            "total_floor_consumption": 4802
        }
    ],
    "shared_equipment": {
        "computer_consumption": 412,
        "projector_consumption": 578
    },
    "occupancy_level": 67,
    "temperature": 25,
    "time_of_day": "Morning",
    "day_of_week": "Monday",
    "holiday": false,
    "total_consumption": 15378,
    "peak_load": 15736,
    "break_time_consumption": 15378
}