{
    "timestamp": "2020-06-29T00:00:00",
    "floor_data": [
        {
            "floor": "Classroom 1",
            "fan_consumption": 666,
            "light_consumption": 624,
            "total_floor_consumption": 1839
        },
        {
            "floor": "Classroom 2",
            "fan_consumption": 630,
            "light_consumption": 630,
            "total_floor_consumption": 1859
        },
        {
            "floor": "Workroom 1",
            "fan_consumption": 333,
            "light_consumption": 342,
            "total_floor_consumption": 942
        },
        {
            "floor": "Workroom 2",
            "fan_consumption": 330,
            "light_consumption": 351,
            "total_floor_consumption": 924
        },
        {
            "floor": "Lab 1",
            "fan_consumption": 864,
            "light_consumption": 936,
            "total_floor_consumption": 4350
        },
        {
            "floor": "Lab 2",
            "fan_consumption": 808,
            "light_consumption": 880,
            "total_floor_consumption": 4658
        }
    ],
    "shared_equipment": {
        "computer_consumption": 331,
        "projector_consumption": 531
    },
    "occupancy_level": 77,
    "temperature": 20,
    "time_of_day": "Morning",
    "day_of_week": "Monday",
    "holiday": false,
    "total_consumption": 15434,
    "peak_load": 15918,
    "break_time_consumption": 15434
}