{
    "timestamp": "2020-08-15T00:00:00",
    "floor_data": [
        {
            "floor": "Classroom 1",
            "fan_consumption": 672,
            "light_consumption": 606,
            "total_floor_consumption": 1796
        },
        {
            "floor": "Classroom 2",
            "fan_consumption": 702,
            "light_consumption": 606,
            "total_floor_consumption": 1889
        },
        {
            "floor": "Workroom 1",
            "fan_consumption": 336,
            "light_consumption": 348,
            "total_floor_consumption": 969
        },
        {
            "floor": "Workroom 2",
            "fan_consumption": 312,
            "light_consumption": 333,
            "total_floor_consumption": 882
        },
        {
            "floor": "Lab 1",
            "fan_consumption": 864,
            "light_consumption": 872,
            "total_floor_consumption": 4316
        },
        {
            "floor": "Lab 2",
            "fan_consumption": 896,
            "light_consumption": 920,
            "total_floor_consumption": 4126
        }
    ],
    "shared_equipment": {
        "computer_consumption": 466,
        "projector_consumption": 556
    },
    "occupancy_level": 79,
    "temperature": 27,
    "time_of_day": "Morning",
    "day_of_week": "Saturday",
    "holiday": true,
    "total_consumption": 15000,
    "peak_load": 15405,
    "break_time_consumption": 15000
}