{
    "timestamp": "2020-07-19T00:00:00",
    "floor_data": [
        {
            "floor": "Classroom 1",
            "fan_consumption": 696,
            "light_consumption": 690,
            "total_floor_consumption": 1975
        },
        {
            "floor": "Classroom 2",
            "fan_consumption": 630,
            "light_consumption": 630,
            "total_floor_consumption": 1767
        },
        {
            "floor": "Workroom 1",
            "fan_consumption": 342,
            "light_consumption": 360,
            "total_floor_consumption": 957
        },
        {
            "floor": "Workroom 2",
            "fan_consumption": 309,
            "light_consumption": 357,
            "total_floor_consumption": 930
        },
        {
            "floor": "Lab 1",
            "fan_consumption": 928,
            "light_consumption": 960,
            "total_floor_consumption": 4438
        },
        {
            "floor": "Lab 2",
            "fan_consumption": 800,
            "light_consumption": 848,
            "total_floor_consumption": 4558
        }
    ],
    "shared_equipment": {
        "computer_consumption": 353,
        "projector_consumption": 523
    },
    "occupancy_level": 83,
    "temperature": 20,
    "time_of_day": "Morning",
    "day_of_week": "Sunday",
    "holiday": true,
    "total_consumption": 15501,
    "peak_load": 15839,
    "break_time_consumption": 15501
}