{
    "timestamp": "2020-10-06T00:00:00",
    "floor_data": [
        {
            "floor": "Classroom 1",
            "fan_consumption": 660,
            "light_consumption": 630,
            "total_floor_consumption": 1867
        },
        {
            "floor": "Classroom 2",
            "fan_consumption": 702,
            "light_consumption": 720,
            "total_floor_consumption": 1972
        },
        {
            "floor": "Workroom 1",
            "fan_consumption": 339,
            "light_consumption": 315,
            "total_floor_consumption": 885
        },
        {
            "floor": "Workroom 2",
            "fan_consumption": 348,
            "light_consumption": 336,
            "total_floor_consumption": 948
        },
        {
            "floor": "Lab 1",
            "fan_consumption": 880,
            "light_consumption": 944,
            "total_floor_consumption": 4194
        },
        {
            "floor": "Lab 2",
            "fan_consumption": 920,
            "light_consumption": 816,
            "total_floor_consumption": 4166
        }
    ],
    "shared_equipment": {
        "computer_consumption": 404,
        "projector_consumption": 514
    },
    "occupancy_level": 93,
    "temperature": 20,
    "time_of_day": "Morning",
    "day_of_week": "Tuesday",
    "holiday": false,
    "total_consumption": 14950,
    "peak_load": 15226,
    "break_time_consumption": 14950
}