{
    "timestamp": "2020-11-29T00:00:00",
    "floor_data": [
        {
            "floor": "Classroom 1",
            "fan_consumption": 702,
            "light_consumption": 606,
            "total_floor_consumption": 1883
        },
        {
            "floor": "Classroom 2",
            "fan_consumption": 696,
            "light_consumption": 690,
            "total_floor_consumption": 1904
        },
        {
            "floor": "Workroom 1",
            "fan_consumption": 312,
            "light_consumption": 315,
            "total_floor_consumption": 909
        },
        {
            "floor": "Workroom 2",
            "fan_consumption": 303,
            "light_consumption": 333,
            "total_floor_consumption": 876
        },
        {
            "floor": "Lab 1",
            "fan_consumption": 856,
            "light_consumption": 832,
            "total_floor_consumption": 4148
        },
        {
            "floor": "Lab 2",
            "fan_consumption": 872,
            "light_consumption": 816,
            "total_floor_consumption": 4658
        }
    ],
    "shared_equipment": {
        "computer_consumption": 361,
        "projector_consumption": 572
    },
    "occupancy_level": 83,
    "temperature": 27,
    "time_of_day": "Morning",
    "day_of_week": "Sunday",
    "holiday": true,
    "total_consumption": 15311,
    "peak_load": 15717,
    "break_time_consumption": 15311
}