{
    "timestamp": "2020-03-23T00:00:00",
    "floor_data": [
        {
            "floor": "Classroom 1",
            "fan_consumption": 654,
            "light_consumption": 696,
            "total_floor_consumption": 1868
        },
        {
            "floor": "Classroom 2",
            "fan_consumption": 684,
            "light_consumption": 642,
            "total_floor_consumption": 1898
        },
        {
            "floor": "Workroom 1",
            "fan_consumption": 309,
            "light_consumption": 312,
            "total_floor_consumption": 837
        },
        {
            "floor": "Workroom 2",
            "fan_consumption": 327,
            "light_consumption": 306,
            "total_floor_consumption": 843
        },
        {
            "floor": "Lab 1",
            "fan_consumption": 800,
            "light_consumption": 864,
            "total_floor_consumption": 4184
        },
        {
            "floor": "Lab 2",
            "fan_consumption": 872,
            "light_consumption": 896,
            "total_floor_consumption": 4498
        }
    ],
    "shared_equipment": {
        "computer_consumption": 399,
        "projector_consumption": 576
    },
    "occupancy_level": 67,
    "temperature": 22,
    "time_of_day": "Morning",
    "day_of_week": "Monday",
    "holiday": false,
    "total_consumption": 15103,
    "peak_load": 15503,
    "break_time_consumption": 15103
}