{
    "timestamp": "2020-06-26T00:00:00",
    "floor_data": [
        {
            "floor": "Classroom 1",
            "fan_consumption": 666,
            "light_consumption": 714,
            "total_floor_consumption": 1918
        },
        {
            "floor": "Classroom 2",
            "fan_consumption": 708,
            "light_consumption": 714,
            "total_floor_consumption": 2015
        },
        {
            "floor": "Workroom 1",
            "fan_consumption": 327,
            "light_consumption": 339,
            "total_floor_consumption": 921
        },
        {
            "floor": "Workroom 2",
            "fan_consumption": 327,
            "light_consumption": 360,
            "total_floor_consumption": 960
        },
        {
            "floor": "Lab 1",
            "fan_consumption": 808,
            "light_consumption": 880,
            "total_floor_consumption": 4178
        },
        {
            "floor": "Lab 2",
            "fan_consumption": 856,
            "light_consumption": 832,
            "total_floor_consumption": 3878
        }
    ],
    "shared_equipment": {
        "computer_consumption": 383,
        "projector_consumption": 576
    },
    "occupancy_level": 94,
    "temperature": 20,
    "time_of_day": "Morning",
    "day_of_week": "Friday",
    "holiday": false,
    "total_consumption": 14829,
    "peak_load": 15175,
    "break_time_consumption": 14829
}