{
    "timestamp": "2020-02-15T00:00:00",
    "floor_data": [
        {
            "floor": "Classroom 1",
            "fan_consumption": 702,
            "light_consumption": 630,
            "total_floor_consumption": 1923
        },
        {
            "floor": "Classroom 2",
            "fan_consumption": 612,
            "light_consumption": 672,
            "total_floor_consumption": 1786
        },
        {
            "floor": "Workroom 1",
            "fan_consumption": 309,
            "light_consumption": 354,
            "total_floor_consumption": 930
        },
        {
            "floor": "Workroom 2",
            "fan_consumption": 300,
            "light_consumption": 330,
            "total_floor_consumption": 906
        },
        {
            "floor": "Lab 1",
            "fan_consumption": 880,
            "light_consumption": 904,
            "total_floor_consumption": 4574
        },
        {
            "floor": "Lab 2",
            "fan_consumption": 808,
            "light_consumption": 848,
            "total_floor_consumption": 4326
        }
    ],
    "shared_equipment": {
        "computer_consumption": 479,
        "projector_consumption": 504
    },
    "occupancy_level": 65,
    "temperature": 27,
    "time_of_day": "Morning",
    "day_of_week": "Saturday",
    "holiday": true,
    "total_consumption": 15428,
    "peak_load": 15865,
    "break_time_consumption": 15428
}