{
    "timestamp": "2020-11-07T00:00:00",
    "floor_data": [
        {
            "floor": "Classroom 1",
            "fan_consumption": 696,
            "light_consumption": 600,
            "total_floor_consumption": 1890
        },
        {
            "floor": "Classroom 2",
            "fan_consumption": 606,
            "light_consumption": 672,
            "total_floor_consumption": 1865
        },
        {
            "floor": "Workroom 1",
            "fan_consumption": 351,
            "light_consumption": 330,
            "total_floor_consumption": 930
        },
        {
            "floor": "Workroom 2",
            "fan_consumption": 354,
            "light_consumption": 348,
            "total_floor_consumption": 969
        },
        {
            "floor": "Lab 1",
            "fan_consumption": 928,
            "light_consumption": 800,
            "total_floor_consumption": 4428
        },
        {
            "floor": "Lab 2",
            "fan_consumption": 920,
            "light_consumption": 856,
            "total_floor_consumption": 4236
        }
    ],
    "shared_equipment": {
        "computer_consumption": 407,
        "projector_consumption": 500
    },
    "occupancy_level": 75,
    "temperature": 26,
    "time_of_day": "Morning",
    "day_of_week": "Saturday",
    "holiday": true,
    "total_consumption": 15225,
    "peak_load": 15642,
    "break_time_consumption": 15225
}