{
    "timestamp": "2020-12-26T00:00:00",
    "floor_data": [
        {
            "floor": "Classroom 1",
            "fan_consumption": 636,
            "light_consumption": 708,
            "total_floor_consumption": 1856
        },
        {
            "floor": "Classroom 2",
            "fan_consumption": 666,
            "light_consumption": 696,
            "total_floor_consumption": 1878
        },
        {
            "floor": "Workroom 1",
            "fan_consumption": 324,
            "light_consumption": 306,
            "total_floor_consumption": 918
        },
        {
            "floor": "Workroom 2",
            "fan_consumption": 315,
            "light_consumption": 315,
            "total_floor_consumption": 924
        },
        {
            "floor": "Lab 1",
            "fan_consumption": 832,
            "light_consumption": 808,
            "total_floor_consumption": 4010
        },
        {
            "floor": "Lab 2",
            "fan_consumption": 864,
            "light_consumption": 888,
            "total_floor_consumption": 4722
        }
    ],
    "shared_equipment": {
        "computer_consumption": 415,
        "projector_consumption": 596
    },
    "occupancy_level": 96,
    "temperature": 19,
    "time_of_day": "Morning",
    "day_of_week": "Saturday",
    "holiday": true,
    "total_consumption": 15319,
    "peak_load": 15562,
    "break_time_consumption": 15319
}