{
    "timestamp": "2020-12-05T00:00:00",
    "floor_data": [
        {
            "floor": "Classroom 1",
            "fan_consumption": 678,
            "light_consumption": 600,
            "total_floor_consumption": 1815
        },
        {
            "floor": "Classroom 2",
            "fan_consumption": 666,
            "light_consumption": 618,
            "total_floor_consumption": 1859
        },
        {
            "floor": "Workroom 1",
            "fan_consumption": 312,
            "light_consumption": 324,
            "total_floor_consumption": 906
        },
        {
            "floor": "Workroom 2",
            "fan_consumption": 333,
            "light_consumption": 336,
            "total_floor_consumption": 966
        },
        {
            "floor": "Lab 1",
            "fan_consumption": 848,
            "light_consumption": 816,
            "total_floor_consumption": 4304
        },
        {
            "floor": "Lab 2",
            "fan_consumption": 872,
            "light_consumption": 920,
            "total_floor_consumption": 4222
        }
    ],
    "shared_equipment": {
        "computer_consumption": 307,
        "projector_consumption": 567
    },
    "occupancy_level": 84,
    "temperature": 19,
    "time_of_day": "Morning",
    "day_of_week": "Saturday",
    "holiday": true,
    "total_consumption": 14946,
    "peak_load": 15307,
    "break_time_consumption": 14946
}