{
    "timestamp": "2020-12-13T00:00:00",
    "floor_data": [
        {
            "floor": "Classroom 1",
            "fan_consumption": 660,
            "light_consumption": 702,
            "total_floor_consumption": 1920
        },
        {
            "floor": "Classroom 2",
            "fan_consumption": 654,
            "light_consumption": 678,
            "total_floor_consumption": 1928
        },
        {
            "floor": "Workroom 1",
            "fan_consumption": 315,
            "light_consumption": 357,
            "total_floor_consumption": 918
        },
        {
            "floor": "Workroom 2",
            "fan_consumption": 327,
            "light_consumption": 360,
            "total_floor_consumption": 951
        },
        {
            "floor": "Lab 1",
            "fan_consumption": 856,
            "light_consumption": 888,
            "total_floor_consumption": 4594
        },
        {
            "floor": "Lab 2",
            "fan_consumption": 944,
            "light_consumption": 920,
            "total_floor_consumption": 3994
        }
    ],
    "shared_equipment": {
        "computer_consumption": 308,
        "projector_consumption": 586
    },
    "occupancy_level": 70,
    "temperature": 18,
    "time_of_day": "Morning",
    "day_of_week": "Sunday",
    "holiday": true,
    "total_consumption": 15199,
    "peak_load": 15488,
    "break_time_consumption": 15199
}