{
    "timestamp": "2020-11-16T00:00:00",
    "floor_data": [
        {
            "floor": "Classroom 1",
            "fan_consumption": 666,
            "light_consumption": 678,
            "total_floor_consumption": 1859
        },
        {
            "floor": "Classroom 2",
            "fan_consumption": 696,
            "light_consumption": 600,
            "total_floor_consumption": 1822
        },
        {
            "floor": "Workroom 1",
            "fan_consumption": 345,
            "light_consumption": 324,
            "total_floor_consumption": 888
        },
        {
            "floor": "Workroom 2",
            "fan_consumption": 300,
            "light_consumption": 360,
            "total_floor_consumption": 957
        },
        {
            "floor": "Lab 1",
            "fan_consumption": 912,
            "light_consumption": 856,
            "total_floor_consumption": 4498
        },
        {
            "floor": "Lab 2",
            "fan_consumption": 808,
            "light_consumption": 824,
            "total_floor_consumption": 3882
        }
    ],
    "shared_equipment": {
        "computer_consumption": 307,
        "projector_consumption": 565
    },
    "occupancy_level": 93,
    "temperature": 21,
    "time_of_day": "Morning",
    "day_of_week": "Monday",
    "holiday": false,
    "total_consumption": 14778,
    "peak_load": 14986,
    "break_time_consumption": 14778
}