{
    "timestamp": "2020-04-06T00:00:00",
    "floor_data": [
        {
            "floor": "Classroom 1",
            "fan_consumption": 630,
            "light_consumption": 714,
            "total_floor_consumption": 1858
        },
        {
            "floor": "Classroom 2",
            "fan_consumption": 666,
            "light_consumption": 642,
            "total_floor_consumption": 1847
        },
        {
            "floor": "Workroom 1",
            "fan_consumption": 315,
            "light_consumption": 345,
            "total_floor_consumption": 921
        },
        {
            "floor": "Workroom 2",
            "fan_consumption": 321,
            "light_consumption": 336,
            "total_floor_consumption": 915
        },
        {
            "floor": "Lab 1",
            "fan_consumption": 856,
            "light_consumption": 904,
            "total_floor_consumption": 4040
        },
        {
            "floor": "Lab 2",
            "fan_consumption": 920,
            "light_consumption": 912,
            "total_floor_consumption": 4742
        }
    ],
    "shared_equipment": {
        "computer_consumption": 478,
        "projector_consumption": 502
    },
    "occupancy_level": 71,
    "temperature": 18,
    "time_of_day": "Morning",
    "day_of_week": "Monday",
    "holiday": false,
    "total_consumption": 15303,
    "peak_load": 15566,
    "break_time_consumption": 15303
}