{
    "timestamp": "2020-02-21T00:00:00",
    "floor_data": [
        {
            "floor": "Classroom 1",
            "fan_consumption": 606,
            "light_consumption": 696,
            "total_floor_consumption": 1829
        },
        {
            "floor": "Classroom 2",
            "fan_consumption": 702,
            "light_consumption": 612,
            "total_floor_consumption": 1900
        },
        {
            "floor": "Workroom 1",
            "fan_consumption": 357,
            "light_consumption": 315,
            "total_floor_consumption": 927
        },
        {
            "floor": "Workroom 2",
            "fan_consumption": 330,
            "light_consumption": 327,
            "total_floor_consumption": 897
        },
        {
            "floor": "Lab 1",
            "fan_consumption": 912,
            "light_consumption": 840,
            "total_floor_consumption": 4662
        },
        {
            "floor": "Lab 2",
            "fan_consumption": 832,
            "light_consumption": 800,
            "total_floor_consumption": 4032
        }
    ],
    "shared_equipment": {
        "computer_consumption": 456,
        "projector_consumption": 597
    },
    "occupancy_level": 99,
    "temperature": 23,
    "time_of_day": "Morning",
    "day_of_week": "Friday",
    "holiday": false,
    "total_consumption": 15300,
    "peak_load": 15745,
    "break_time_consumption": 15300
}