{
    "timestamp": "2020-11-17T00:00:00",
    "floor_data": [
        {
            "floor": "Classroom 1",
            "fan_consumption": 708,
            "light_consumption": 684,
            "total_floor_consumption": 1902
        },
        {
            "floor": "Classroom 2",
            "fan_consumption": 630,
            "light_consumption": 666,
            "total_floor_consumption": 1803
        },
        {
            "floor": "Workroom 1",
            "fan_consumption": 330,
            "light_consumption": 300,
            "total_floor_consumption": 873
        },
        {
            "floor": "Workroom 2",
            "fan_consumption": 327,
            "light_consumption": 306,
            "total_floor_consumption": 909
        },
        {
            "floor": "Lab 1",
            "fan_consumption": 960,
            "light_consumption": 800,
            "total_floor_consumption": 4070
        },
        {
            "floor": "Lab 2",
            "fan_consumption": 888,
            "light_consumption": 920,
            "total_floor_consumption": 4598
        }
    ],
    "shared_equipment": {
        "computer_consumption": 301,
        "projector_consumption": 552
    },
    "occupancy_level": 91,
    "temperature": 26,
    "time_of_day": "Morning",
    "day_of_week": "Tuesday",
    "holiday": false,
    "total_consumption": 15008,
    "peak_load": 15236,
    "break_time_consumption": 15008
}