{
    "timestamp": "2020-01-26T00:00:00",
    "floor_data": [
        {
            "floor": "Classroom 1",
            "fan_consumption": 666,
            "light_consumption": 678,
            "total_floor_consumption": 1906
        },
        {
            "floor": "Classroom 2",
            "fan_consumption": 654,
            "light_consumption": 666,
            "total_floor_consumption": 1899
        },
        {
            "floor": "Workroom 1",
            "fan_consumption": 345,
            "light_consumption": 315,
            "total_floor_consumption": 957
        },
        {
            "floor": "Workroom 2",
            "fan_consumption": 342,
            "light_consumption": 300,
            "total_floor_consumption": 906
        },
        {
            "floor": "Lab 1",
            "fan_consumption": 912,
            "light_consumption": 816,
            "total_floor_consumption": 4608
        },
        {
            "floor": "Lab 2",
            "fan_consumption": 888,
            "light_consumption": 816,
            "total_floor_consumption": 4554
        }
    ],
    "shared_equipment": {
        "computer_consumption": 301,
        "projector_consumption": 512
    },
    "occupancy_level": 96,
    "temperature": 25,
    "time_of_day": "Morning",
    "day_of_week": "Sunday",
    "holiday": true,
    "total_consumption": 15643,
    "peak_load": 15855,
    "break_time_consumption": 15643
}