{
    "timestamp": "2020-09-15T00:00:00",
    "floor_data": [
        {
            "floor": "Classroom 1",
            "fan_consumption": 606,
            "light_consumption": 606,
            "total_floor_consumption": 1787
        },
        {
            "floor": "Classroom 2",
            "fan_consumption": 654,
            "light_consumption": 636,
            "total_floor_consumption": 1868
        },
        {
            "floor": "Workroom 1",
            "fan_consumption": 360,
            "light_consumption": 324,
            "total_floor_consumption": 918
        },
        {
            "floor": "Workroom 2",
            "fan_consumption": 354,
            "light_consumption": 333,
            "total_floor_consumption": 930
        },
        {
            "floor": "Lab 1",
            "fan_consumption": 936,
            "light_consumption": 912,
            "total_floor_consumption": 4788
        },
        {
            "floor": "Lab 2",
            "fan_consumption": 912,
            "light_consumption": 824,
            "total_floor_consumption": 4586
        }
    ],
    "shared_equipment": {
        "computer_consumption": 302,
        "projector_consumption": 581
    },
    "occupancy_level": 84,
    "temperature": 20,
    "time_of_day": "Morning",
    "day_of_week": "Tuesday",
    "holiday": false,
    "total_consumption": 15760,
    "peak_load": 16177,
    "break_time_consumption": 15760
}