{
    "timestamp": "2020-05-20T00:00:00",
    "floor_data": [
        {
            "floor": "Classroom 1",
            "fan_consumption": 648,
            "light_consumption": 678,
            "total_floor_consumption": 1907
        },
        {
            "floor": "Classroom 2",
            "fan_consumption": 654,
            "light_consumption": 690,
            "total_floor_consumption": 1852
        },
        {
            "floor": "Workroom 1",
            "fan_consumption": 315,
            "light_consumption": 309,
            "total_floor_consumption": 888
        },
        {
            "floor": "Workroom 2",
            "fan_consumption": 312,
            "light_consumption": 348,
            "total_floor_consumption": 930
        },
        {
            "floor": "Lab 1",
            "fan_consumption": 800,
            "light_consumption": 824,
            "total_floor_consumption": 4474
        },
        {
            "floor": "Lab 2",
            "fan_consumption": 888,
            "light_consumption": 824,
            "total_floor_consumption": 4652
        }
    ],
    "shared_equipment": {
        "computer_consumption": 383,
        "projector_consumption": 568
    },
    "occupancy_level": 88,
    "temperature": 21,
    "time_of_day": "Morning",
    "day_of_week": "Wednesday",
    "holiday": false,
    "total_consumption": 15654,
    "peak_load": 16142,
    "break_time_consumption": 15654
}