{
    "timestamp": "2020-03-22T00:00:00",
    "floor_data": [
        {
            "floor": "Classroom 1",
            "fan_consumption": 654,
            "light_consumption": 678,
            "total_floor_consumption": 1880
        },
        {
            "floor": "Classroom 2",
            "fan_consumption": 612,
            "light_consumption": 642,
            "total_floor_consumption": 1795
        },
        {
            "floor": "Workroom 1",
            "fan_consumption": 351,
            "light_consumption": 306,
            "total_floor_consumption": 942
        },
        {
            "floor": "Workroom 2",
            "fan_consumption": 333,
            "light_consumption": 330,
            "total_floor_consumption": 921
        },
        {
            "floor": "Lab 1",
            "fan_consumption": 848,
            "light_consumption": 824,
            "total_floor_consumption": 4282
        },
        {
            "floor": "Lab 2",
            "fan_consumption": 800,
            "light_consumption": 872,
            "total_floor_consumption": 4432
        }
    ],
    "shared_equipment": {
        "computer_consumption": 402,
        "projector_consumption": 579
    },
    "occupancy_level": 99,
    "temperature": 22,
    "time_of_day": "Morning",
    "day_of_week": "Sunday",
    "holiday": true,
    "total_consumption": 15233,
    "peak_load": 15681,
    "break_time_consumption": 15233
}