{
    "timestamp": "2020-12-19T00:00:00",
    "floor_data": [
        {
            "floor": "Classroom 1",
            "fan_consumption": 648,
            "light_consumption": 672,
            "total_floor_consumption": 1888
        },
        {
            "floor": "Classroom 2",
            "fan_consumption": 708,
            "light_consumption": 618,
            "total_floor_consumption": 1923
        },
        {
            "floor": "Workroom 1",
            "fan_consumption": 324,
            "light_consumption": 315,
            "total_floor_consumption": 882
        },
        {
            "floor": "Workroom 2",
            "fan_consumption": 333,
            "light_consumption": 315,
            "total_floor_consumption": 933
        },
        {
            "floor": "Lab 1",
            "fan_consumption": 864,
            "light_consumption": 896,
            "total_floor_consumption": 4760
        },
        {
            "floor": "Lab 2",
            "fan_consumption": 832,
            "light_consumption": 872,
            "total_floor_consumption": 4584
        }
    ],
    "shared_equipment": {
        "computer_consumption": 328,
        "projector_consumption": 535
    },
    "occupancy_level": 79,
    "temperature": 25,
    "time_of_day": "Morning",
    "day_of_week": "Saturday",
    "holiday": true,
    "total_consumption": 15833,
    "peak_load": 16081,
    "break_time_consumption": 15833
}