{
    "timestamp": "2020-07-25T00:00:00",
    "floor_data": [
        {
            "floor": "Classroom 1",
            "fan_consumption": 612,
            "light_consumption": 684,
            "total_floor_consumption": 1812
        },
        {
            "floor": "Classroom 2",
            "fan_consumption": 636,
            "light_consumption": 678,
            "total_floor_consumption": 1893
        },
        {
            "floor": "Workroom 1",
            "fan_consumption": 318,
            "light_consumption": 333,
            "total_floor_consumption": 927
        },
        {
            "floor": "Workroom 2",
            "fan_consumption": 312,
            "light_consumption": 357,
            "total_floor_consumption": 930
        },
        {
            "floor": "Lab 1",
            "fan_consumption": 840,
            "light_consumption": 896,
            "total_floor_consumption": 4346
        },
        {
            "floor": "Lab 2",
            "fan_consumption": 816,
            "light_consumption": 864,
            "total_floor_consumption": 4650
        }
    ],
    "shared_equipment": {
        "computer_consumption": 431,
        "projector_consumption": 527
    },
    "occupancy_level": 84,
    "temperature": 18,
    "time_of_day": "Morning",
    "day_of_week": "Saturday",
    "holiday": true,
    "total_consumption": 15516,
    "peak_load": 15961,
    "break_time_consumption": 15516
}