{
    "timestamp": "2020-10-14T00:00:00",
    "floor_data": [
        {
            "floor": "Classroom 1",
            "fan_consumption": 696,
            "light_consumption": 678,
            "total_floor_consumption": 1900
        },
        {
            "floor": "Classroom 2",
            "fan_consumption": 624,
            "light_consumption": 654,
            "total_floor_consumption": 1787
        },
        {
            "floor": "Workroom 1",
            "fan_consumption": 300,
            "light_consumption": 333,
            "total_floor_consumption": 912
        },
        {
            "floor": "Workroom 2",
            "fan_consumption": 327,
            "light_consumption": 354,
            "total_floor_consumption": 972
        },
        {
            "floor": "Lab 1",
            "fan_consumption": 816,
            "light_consumption": 816,
            "total_floor_consumption": 4302
        },
        {
            "floor": "Lab 2",
            "fan_consumption": 808,
            "light_consumption": 960,
            "total_floor_consumption": 4018
        }
    ],
    "shared_equipment": {
        "computer_consumption": 457,
        "projector_consumption": 598
    },
    "occupancy_level": 80,
    "temperature": 28,
    "time_of_day": "Morning",
    "day_of_week": "Wednesday",
    "holiday": false,
    "total_consumption": 14946,
    "peak_load": 15368,
    "break_time_consumption": 14946
}