{
    "timestamp": "2020-11-28T00:00:00",
    "floor_data": [
        {
            "floor": "Classroom 1",
            "fan_consumption": 606,
            "light_consumption": 720,
            "total_floor_consumption": 1858
        },
        {
            "floor": "Classroom 2",
            "fan_consumption": 654,
            "light_consumption": 618,
            "total_floor_consumption": 1800
        },
        {
            "floor": "Workroom 1",
            "fan_consumption": 306,
            "light_consumption": 342,
            "total_floor_consumption": 903
        },
        {
            "floor": "Workroom 2",
            "fan_consumption": 303,
            "light_consumption": 351,
            "total_floor_consumption": 921
        },
        {
            "floor": "Lab 1",
            "fan_consumption": 840,
            "light_consumption": 936,
            "total_floor_consumption": 4746
        },
        {
            "floor": "Lab 2",
            "fan_consumption": 824,
            "light_consumption": 808,
            "total_floor_consumption": 4092
        }
    ],
    "shared_equipment": {
        "computer_consumption": 350,
        "projector_consumption": 568
    },
    "occupancy_level": 74,
    "temperature": 18,
    "time_of_day": "Morning",
    "day_of_week": "Saturday",
    "holiday": true,
    "total_consumption": 15238,
    "peak_load": 15696,
    "break_time_consumption": 15238
}