{
    "timestamp": "2020-05-13T00:00:00",
    "floor_data": [
        {
            "floor": "Classroom 1",
            "fan_consumption": 690,
            "light_consumption": 600,
            "total_floor_consumption": 1846
        },
        {
            "floor": "Classroom 2",
            "fan_consumption": 630,
            "light_consumption": 666,
            "total_floor_consumption": 1810
        },
        {
            "floor": "Workroom 1",
            "fan_consumption": 348,
            "light_consumption": 354,
            "total_floor_consumption": 933
        },
        {
            "floor": "Workroom 2",
            "fan_consumption": 312,
            "light_consumption": 333,
            "total_floor_consumption": 918
        },
        {
            "floor": "Lab 1",
            "fan_consumption": 896,
            "light_consumption": 840,
            "total_floor_consumption": 4556
        },
        {
            "floor": "Lab 2",
            "fan_consumption": 928,
            "light_consumption": 864,
            "total_floor_consumption": 4102
        }
    ],
    "shared_equipment": {
        "computer_consumption": 486,
        "projector_consumption": 565
    },
    "occupancy_level": 75,
    "temperature": 25,
    "time_of_day": "Morning",
    "day_of_week": "Wednesday",
    "holiday": false,
    "total_consumption": 15216,
    "peak_load": 15692,
    "break_time_consumption": 15216
}