{
    "timestamp": "2020-08-29T00:00:00",
    "floor_data": [
        {
            "floor": "Classroom 1",
            "fan_consumption": 720,
            "light_consumption": 648,
            "total_floor_consumption": 1959
        },
        {
            "floor": "Classroom 2",
            "fan_consumption": 660,
            "light_consumption": 648,
            "total_floor_consumption": 1899
        },
        {
            "floor": "Workroom 1",
            "fan_consumption": 354,
            "light_consumption": 303,
            "total_floor_consumption": 885
        },
        {
            "floor": "Workroom 2",
            "fan_consumption": 336,
            "light_consumption": 321,
            "total_floor_consumption": 870
        },
        {
            "floor": "Lab 1",
            "fan_consumption": 952,
            "light_consumption": 904,
            "total_floor_consumption": 4346
        },
        {
            "floor": "Lab 2",
            "fan_consumption": 912,
            "light_consumption": 832,
            "total_floor_consumption": 4294
        }
    ],
    "shared_equipment": {
        "computer_consumption": 490,
        "projector_consumption": 582
    },
    "occupancy_level": 83,
    "temperature": 21,
    "time_of_day": "Morning",
    "day_of_week": "Saturday",
    "holiday": true,
    "total_consumption": 15325,
    "peak_load": 15822,
    "break_time_consumption": 15325
}