{
    "timestamp": "2020-04-15T00:00:00",
    "floor_data": [
        {
            "floor": "Classroom 1",
            "fan_consumption": 606,
            "light_consumption": 636,
            "total_floor_consumption": 1808
        },
        {
            "floor": "Classroom 2",
            "fan_consumption": 660,
            "light_consumption": 666,
            "total_floor_consumption": 1842
        },
        {
            "floor": "Workroom 1",
            "fan_consumption": 351,
            "light_consumption": 327,
            "total_floor_consumption": 945
        },
        {
            "floor": "Workroom 2",
            "fan_consumption": 318,
            "light_consumption": 336,
            "total_floor_consumption": 927
        },
        {
            "floor": "Lab 1",
            "fan_consumption": 928,
            "light_consumption": 872,
            "total_floor_consumption": 4620
        },
        {
            "floor": "Lab 2",
            "fan_consumption": 800,
            "light_consumption": 880,
            "total_floor_consumption": 4110
        }
    ],
    "shared_equipment": {
        "computer_consumption": 457,
        "projector_consumption": 541
    },
    "occupancy_level": 91,
    "temperature": 19,
    "time_of_day": "Morning",
    "day_of_week": "Wednesday",
    "holiday": false,
    "total_consumption": 15250,
    "peak_load": 15680,
    "break_time_consumption": 15250
}