{
    "timestamp": "2020-12-08T00:00:00",
    "floor_data": [
        {
            "floor": "Classroom 1",
            "fan_consumption": 636,
            "light_consumption": 606,
            "total_floor_consumption": 1828
        },
        {
            "floor": "Classroom 2",
            "fan_consumption": 666,
            "light_consumption": 666,
            "total_floor_consumption": 1841
        },
        {
            "floor": "Workroom 1",
            "fan_consumption": 345,
            "light_consumption": 357,
            "total_floor_consumption": 966
        },
        {
            "floor": "Workroom 2",
            "fan_consumption": 354,
            "light_consumption": 351,
            "total_floor_consumption": 996
        },
        {
            "floor": "Lab 1",
            "fan_consumption": 880,
            "light_consumption": 832,
            "total_floor_consumption": 3902
        },
        {
            "floor": "Lab 2",
            "fan_consumption": 952,
            "light_consumption": 856,
            "total_floor_consumption": 3998
        }
    ],
    "shared_equipment": {
        "computer_consumption": 499,
        "projector_consumption": 591
    },
    "occupancy_level": 85,
    "temperature": 18,
    "time_of_day": "Morning",
    "day_of_week": "Tuesday",
    "holiday": false,
    "total_consumption": 14621,
    "peak_load": 15073,
    "break_time_consumption": 14621
}