{
    "timestamp": "2020-12-18T00:00:00",
    "floor_data": [
        {
            "floor": "Classroom 1",
            "fan_consumption": 624,
            "light_consumption": 618,
            "total_floor_consumption": 1742
        },
        {
            "floor": "Classroom 2",
            "fan_consumption": 654,
            "light_consumption": 708,
            "total_floor_consumption": 1912
        },
        {
            "floor": "Workroom 1",
            "fan_consumption": 318,
            "light_consumption": 333,
            "total_floor_consumption": 918
        },
        {
            "floor": "Workroom 2",
            "fan_consumption": 309,
            "light_consumption": 327,
            "total_floor_consumption": 873
        },
        {
            "floor": "Lab 1",
            "fan_consumption": 848,
            "light_consumption": 848,
            "total_floor_consumption": 3826
        },
        {
            "floor": "Lab 2",
            "fan_consumption": 936,
            "light_consumption": 832,
            "total_floor_consumption": 4468
        }
    ],
    "shared_equipment": {
        "computer_consumption": 470,
        "projector_consumption": 585
    },
    "occupancy_level": 64,
    "temperature": 27,
    "time_of_day": "Morning",
    "day_of_week": "Friday",
    "holiday": false,
    "total_consumption": 14794,
    "peak_load": 15232,
    "break_time_consumption": 14794
}