{
    "timestamp": "2020-06-06T00:00:00",
    "floor_data": [
        {
            "floor": "Classroom 1",
            "fan_consumption": 684,
            "light_consumption": 618,
            "total_floor_consumption": 1813
        },
        {
            "floor": "Classroom 2",
            "fan_consumption": 630,
            "light_consumption": 624,
            "total_floor_consumption": 1776
        },
        {
            "floor": "Workroom 1",
            "fan_consumption": 306,
            "light_consumption": 336,
            "total_floor_consumption": 906
        },
        {
            "floor": "Workroom 2",
            "fan_consumption": 348,
            "light_consumption": 306,
            "total_floor_consumption": 906
        },
        {
            "floor": "Lab 1",
            "fan_consumption": 864,
            "light_consumption": 848,
            "total_floor_consumption": 3992
        },
        {
            "floor": "Lab 2",
            "fan_consumption": 952,
            "light_consumption": 832,
            "total_floor_consumption": 4304
        }
    ],
    "shared_equipment": {
        "computer_consumption": 424,
        "projector_consumption": 551
    },
    "occupancy_level": 85,
    "temperature": 23,
    "time_of_day": "Morning",
    "day_of_week": "Saturday",
    "holiday": true,
    "total_consumption": 14672,
    "peak_load": 15116,
    "break_time_consumption": 14672
}