{
    "timestamp": "2020-09-05T00:00:00",
    "floor_data": [
        {
            "floor": "Classroom 1",
            "fan_consumption": 648,
            "light_consumption": 600,
            "total_floor_consumption": 1774
        },
        {
            "floor": "Classroom 2",
            "fan_consumption": 666,
            "light_consumption": 672,
            "total_floor_consumption": 1849
        },
        {
            "floor": "Workroom 1",
            "fan_consumption": 357,
            "light_consumption": 354,
            "total_floor_consumption": 963
        },
        {
            "floor": "Workroom 2",
            "fan_consumption": 339,
            "light_consumption": 348,
            "total_floor_consumption": 981
        },
        {
            "floor": "Lab 1",
            "fan_consumption": 832,
            "light_consumption": 816,
            "total_floor_consumption": 4558
        },
        {
            "floor": "Lab 2",
            "fan_consumption": 952,
            "light_consumption": 872,
            "total_floor_consumption": 4524
        }
    ],
    "shared_equipment": {
        "computer_consumption": 486,
        "projector_consumption": 554
    },
    "occupancy_level": 73,
    "temperature": 19,
    "time_of_day": "Morning",
    "day_of_week": "Saturday",
    "holiday": true,
    "total_consumption": 15689,
    "peak_load": 16019,
    "break_time_consumption": 15689
}