{
    "timestamp": "2020-04-19T00:00:00",
    "floor_data": [
        {
            "floor": "Classroom 1",
            "fan_consumption": 708,
            "light_consumption": 612,
            "total_floor_consumption": 1847
        },
        {
            "floor": "Classroom 2",
            "fan_consumption": 642,
            "light_consumption": 678,
            "total_floor_consumption": 1882
        },
        {
            "floor": "Workroom 1",
            "fan_consumption": 312,
            "light_consumption": 339,
            "total_floor_consumption": 951
        },
        {
            "floor": "Workroom 2",
            "fan_consumption": 351,
            "light_consumption": 309,
            "total_floor_consumption": 894
        },
        {
            "floor": "Lab 1",
            "fan_consumption": 952,
            "light_consumption": 800,
            "total_floor_consumption": 3942
        },
        {
            "floor": "Lab 2",
            "fan_consumption": 808,
            "light_consumption": 928,
            "total_floor_consumption": 3866
        }
    ],
    "shared_equipment": {
        "computer_consumption": 373,
        "projector_consumption": 561
    },
    "occupancy_level": 80,
    "temperature": 24,
    "time_of_day": "Morning",
    "day_of_week": "Sunday",
    "holiday": true,
    "total_consumption": 14316,
    "peak_load": 14628,
    "break_time_consumption": 14316
}