{
    "timestamp": "2020-11-26T00:00:00",
    "floor_data": [
        {
            "floor": "Classroom 1",
            "fan_consumption": 636,
            "light_consumption": 642,
            "total_floor_consumption": 1800
        },
        {
            "floor": "Classroom 2",
            "fan_consumption": 642,
            "light_consumption": 630,
            "total_floor_consumption": 1828
        },
        {
            "floor": "Workroom 1",
            "fan_consumption": 309,
            "light_consumption": 354,
            "total_floor_consumption": 942
        },
        {
            "floor": "Workroom 2",
            "fan_consumption": 336,
            "light_consumption": 333,
            "total_floor_consumption": 915
        },
        {
            "floor": "Lab 1",
            "fan_consumption": 816,
            "light_consumption": 856,
            "total_floor_consumption": 4522
        },
        {
            "floor": "Lab 2",
            "fan_consumption": 856,
            "light_consumption": 840,
            "total_floor_consumption": 4366
        }
    ],
    "shared_equipment": {
        "computer_consumption": 305,
        "projector_consumption": 501
    },
    "occupancy_level": 89,
    "temperature": 23,
    "time_of_day": "Morning",
    "day_of_week": "Thursday",
    "holiday": false,
    "total_consumption": 15179,
    "peak_load": 15672,
    "break_time_consumption": 15179
}