{
    "timestamp": "2020-06-11T00:00:00",
    "floor_data": [
        {
            "floor": "Classroom 1",
            "fan_consumption": 612,
            "light_consumption": 690,
            "total_floor_consumption": 1868
        },
        {
            "floor": "Classroom 2",
            "fan_consumption": 654,
            "light_consumption": 678,
            "total_floor_consumption": 1918
        },
        {
            "floor": "Workroom 1",
            "fan_consumption": 309,
            "light_consumption": 318,
            "total_floor_consumption": 891
        },
        {
            "floor": "Workroom 2",
            "fan_consumption": 336,
            "light_consumption": 309,
            "total_floor_consumption": 942
        },
        {
            "floor": "Lab 1",
            "fan_consumption": 840,
            "light_consumption": 824,
            "total_floor_consumption": 4304
        },
        {
            "floor": "Lab 2",
            "fan_consumption": 840,
            "light_consumption": 808,
            "total_floor_consumption": 3748
        }
    ],
    "shared_equipment": {
        "computer_consumption": 351,
        "projector_consumption": 550
    },
    "occupancy_level": 77,
    "temperature": 18,
    "time_of_day": "Morning",
    "day_of_week": "Thursday",
    "holiday": false,
    "total_consumption": 14572,
    "peak_load": 14801,
    "break_time_consumption": 14572
}