{
    "timestamp": "2020-03-04T00:00:00",
    "floor_data": [
        {
            "floor": "Classroom 1",
            "fan_consumption": 648,
            "light_consumption": 600,
            "total_floor_consumption": 1767
        },
        {
            "floor": "Classroom 2",
            "fan_consumption": 714,
            "light_consumption": 702,
            "total_floor_consumption": 1945
        },
        {
            "floor": "Workroom 1",
            "fan_consumption": 324,
            "light_consumption": 339,
            "total_floor_consumption": 906
        },
        {
            "floor": "Workroom 2",
            "fan_consumption": 312,
            "light_consumption": 336,
            "total_floor_consumption": 945
        },
        {
            "floor": "Lab 1",
            "fan_consumption": 896,
            "light_consumption": 840,
            "total_floor_consumption": 4196
        },
        {
            "floor": "Lab 2",
            "fan_consumption": 904,
            "light_consumption": 848,
            "total_floor_consumption": 4062
        }
    ],
    "shared_equipment": {
        "computer_consumption": 424,
        "projector_consumption": 523
    },
    "occupancy_level": 99,
    "temperature": 23,
    "time_of_day": "Morning",
    "day_of_week": "Wednesday",
    "holiday": false,
    "total_consumption": 14768,
    "peak_load": 15063,
    "break_time_consumption": 14768
}