{
    "timestamp": "2020-12-30T00:00:00",
    "floor_data": [
        {
            "floor": "Classroom 1",
            "fan_consumption": 606,
            "light_consumption": 714,
            "total_floor_consumption": 1838
        },
        {
            "floor": "Classroom 2",
            "fan_consumption": 678,
            "light_consumption": 618,
            "total_floor_consumption": 1877
        },
        {
            "floor": "Workroom 1",
            "fan_consumption": 360,
            "light_consumption": 345,
            "total_floor_consumption": 978
        },
        {
            "floor": "Workroom 2",
            "fan_consumption": 312,
            "light_consumption": 315,
            "total_floor_consumption": 927
        },
        {
            "floor": "Lab 1",
            "fan_consumption": 864,
            "light_consumption": 904,
            "total_floor_consumption": 4648
        },
        {
            "floor": "Lab 2",
            "fan_consumption": 888,
            "light_consumption": 840,
            "total_floor_consumption": 3978
        }
    ],
    "shared_equipment": {
        "computer_consumption": 468,
        "projector_consumption": 514
    },
    "occupancy_level": 97,
    "temperature": 27,
    "time_of_day": "Morning",
    "day_of_week": "Wednesday",
    "holiday": false,
    "total_consumption": 15228,
    "peak_load": 15649,
    "break_time_consumption": 15228
}