{
    "timestamp": "2020-12-14T00:00:00",
    "floor_data": [
        {
            "floor": "Classroom 1",
            "fan_consumption": 690,
            "light_consumption": 600,
            "total_floor_consumption": 1881
        },
        {
            "floor": "Classroom 2",
            "fan_consumption": 720,
            "light_consumption": 642,
            "total_floor_consumption": 1877
        },
        {
            "floor": "Workroom 1",
            "fan_consumption": 315,
            "light_consumption": 345,
            "total_floor_consumption": 870
        },
        {
            "floor": "Workroom 2",
            "fan_consumption": 345,
            "light_consumption": 312,
            "total_floor_consumption": 948
        },
        {
            "floor": "Lab 1",
            "fan_consumption": 808,
            "light_consumption": 912,
            "total_floor_consumption": 4570
        },
        {
            "floor": "Lab 2",
            "fan_consumption": 920,
            "light_consumption": 888,
            "total_floor_consumption": 4238
        }
    ],
    "shared_equipment": {
        "computer_consumption": 427,
        "projector_consumption": 571
    },
    "occupancy_level": 71,
    "temperature": 23,
    "time_of_day": "Morning",
    "day_of_week": "Monday",
    "holiday": false,
    "total_consumption": 15382,
    "peak_load": 15610,
    "break_time_consumption": 15382
}