{
    "timestamp": "2020-05-23T00:00:00",
    "floor_data": [
        {
            "floor": "Classroom 1",
            "fan_consumption": 702,
            "light_consumption": 690,
            "total_floor_consumption": 1979
        },
        {
            "floor": "Classroom 2",
            "fan_consumption": 690,
            "light_consumption": 714,
            "total_floor_consumption": 1960
        },
        {
            "floor": "Workroom 1",
            "fan_consumption": 339,
            "light_consumption": 303,
            "total_floor_consumption": 918
        },
        {
            "floor": "Workroom 2",
            "fan_consumption": 330,
            "light_consumption": 354,
            "total_floor_consumption": 972
        },
        {
            "floor": "Lab 1",
            "fan_consumption": 912,
            "light_consumption": 880,
            "total_floor_consumption": 4402
        },
        {
            "floor": "Lab 2",
            "fan_consumption": 872,
            "light_consumption": 920,
            "total_floor_consumption": 4552
        }
    ],
    "shared_equipment": {
        "computer_consumption": 341,
        "projector_consumption": 505
    },
    "occupancy_level": 87,
    "temperature": 22,
    "time_of_day": "Morning",
    "day_of_week": "Saturday",
    "holiday": true,
    "total_consumption": 15629,
    "peak_load": 15966,
    "break_time_consumption": 15629
}