{
    "timestamp": "2020-11-13T00:00:00",
    "floor_data": [
        {
            "floor": "Classroom 1",
            "fan_consumption": 720,
            "light_consumption": 648,
            "total_floor_consumption": 1878
        },
        {
            "floor": "Classroom 2",
            "fan_consumption": 678,
            "light_consumption": 678,
            "total_floor_consumption": 1866
        },
        {
            "floor": "Workroom 1",
            "fan_consumption": 312,
            "light_consumption": 339,
            "total_floor_consumption": 921
        },
        {
            "floor": "Workroom 2",
            "fan_consumption": 303,
            "light_consumption": 309,
            "total_floor_consumption": 903
        },
        {
            "floor": "Lab 1",
            "fan_consumption": 856,
            "light_consumption": 848,
            "total_floor_consumption": 4194
        },
        {
            "floor": "Lab 2",
            "fan_consumption": 936,
            "light_consumption": 960,
            "total_floor_consumption": 4536
        }
    ],
    "shared_equipment": {
        "computer_consumption": 313,
        "projector_consumption": 571
    },
    "occupancy_level": 94,
    "temperature": 21,
    "time_of_day": "Morning",
    "day_of_week": "Friday",
    "holiday": false,
    "total_consumption": 15182,
    "peak_load": 15486,
    "break_time_consumption": 15182
}