{
    "timestamp": "2020-04-24T00:00:00",
    "floor_data": [
        {
            "floor": "Classroom 1",
            "fan_consumption": 606,
            "light_consumption": 636,
            "total_floor_consumption": 1824
        },
        {
            "floor": "Classroom 2",
            "fan_consumption": 702,
            "light_consumption": 648,
            "total_floor_consumption": 1913
        },
        {
            "floor": "Workroom 1",
            "fan_consumption": 300,
            "light_consumption": 345,
            "total_floor_consumption": 894
        },
        {
            "floor": "Workroom 2",
            "fan_consumption": 330,
            "light_consumption": 351,
            "total_floor_consumption": 924
        },
        {
            "floor": "Lab 1",
            "fan_consumption": 896,
            "light_consumption": 912,
            "total_floor_consumption": 4388
        },
        {
            "floor": "Lab 2",
            "fan_consumption": 936,
            "light_consumption": 928,
            "total_floor_consumption": 4504
        }
    ],
    "shared_equipment": {
        "computer_consumption": 311,
        "projector_consumption": 577
    },
    "occupancy_level": 67,
    "temperature": 24,
    "time_of_day": "Morning",
    "day_of_week": "Friday",
    "holiday": false,
    "total_consumption": 15335,
    "peak_load": 15669,
    "break_time_consumption": 15335
}