{
    "timestamp": "2020-06-03T00:00:00",
    "floor_data": [
        {
            "floor": "Classroom 1",
            "fan_consumption": 678,
            "light_consumption": 702,
            "total_floor_consumption": 1961
        },
        {
            "floor": "Classroom 2",
            "fan_consumption": 702,
            "light_consumption": 612,
            "total_floor_consumption": 1860
        },
        {
            "floor": "Workroom 1",
            "fan_consumption": 360,
            "light_consumption": 351,
            "total_floor_consumption": 936
        },
        {
            "floor": "Workroom 2",
            "fan_consumption": 348,
            "light_consumption": 342,
            "total_floor_consumption": 936
        },
        {
            "floor": "Lab 1",
            "fan_consumption": 840,
            "light_consumption": 904,
            "total_floor_consumption": 4744
        },
        {
            "floor": "Lab 2",
            "fan_consumption": 800,
            "light_consumption": 928,
            "total_floor_consumption": 4668
        }
    ],
    "shared_equipment": {
        "computer_consumption": 317,
        "projector_consumption": 571
    },
    "occupancy_level": 62,
    "temperature": 26,
    "time_of_day": "Morning",
    "day_of_week": "Wednesday",
    "holiday": false,
    "total_consumption": 15993,
    "peak_load": 16432,
    "break_time_consumption": 15993
}