{
    "timestamp": "2020-01-29T00:00:00",
    "floor_data": [
        {
            "floor": "Classroom 1",
            "fan_consumption": 708,
            "light_consumption": 618,
            "total_floor_consumption": 1852
        },
        {
            "floor": "Classroom 2",
            "fan_consumption": 720,
            "light_consumption": 684,
            "total_floor_consumption": 1978
        },
        {
            "floor": "Workroom 1",
            "fan_consumption": 306,
            "light_consumption": 309,
            "total_floor_consumption": 858
        },
        {
            "floor": "Workroom 2",
            "fan_consumption": 327,
            "light_consumption": 306,
            "total_floor_consumption": 891
        },
        {
            "floor": "Lab 1",
            "fan_consumption": 872,
            "light_consumption": 928,
            "total_floor_consumption": 4470
        },
        {
            "floor": "Lab 2",
            "fan_consumption": 952,
            "light_consumption": 864,
            "total_floor_consumption": 4306
        }
    ],
    "shared_equipment": {
        "computer_consumption": 392,
        "projector_consumption": 584
    },
    "occupancy_level": 98,
    "temperature": 20,
    "time_of_day": "Morning",
    "day_of_week": "Wednesday",
    "holiday": false,
    "total_consumption": 15331,
    "peak_load": 15588,
    "break_time_consumption": 15331
}