{
    "timestamp": "2020-11-08T00:00:00",
    "floor_data": [
        {
            "floor": "Classroom 1",
            "fan_consumption": 684,
            "light_consumption": 678,
            "total_floor_consumption": 1937
        },
        {
            "floor": "Classroom 2",
            "fan_consumption": 636,
            "light_consumption": 720,
            "total_floor_consumption": 1894
        },
        {
            "floor": "Workroom 1",
            "fan_consumption": 324,
            "light_consumption": 312,
            "total_floor_consumption": 852
        },
        {
            "floor": "Workroom 2",
            "fan_consumption": 303,
            "light_consumption": 330,
            "total_floor_consumption": 846
        },
        {
            "floor": "Lab 1",
            "fan_consumption": 952,
            "light_consumption": 920,
            "total_floor_consumption": 4062
        },
        {
            "floor": "Lab 2",
            "fan_consumption": 960,
            "light_consumption": 896,
            "total_floor_consumption": 3986
        }
    ],
    "shared_equipment": {
        "computer_consumption": 447,
        "projector_consumption": 591
    },
    "occupancy_level": 87,
    "temperature": 23,
    "time_of_day": "Morning",
    "day_of_week": "Sunday",
    "holiday": true,
    "total_consumption": 14615,
    "peak_load": 15083,
    "break_time_consumption": 14615
}