{
    "timestamp": "2020-02-03T00:00:00",
    "floor_data": [
        {
            "floor": "Classroom 1",
            "fan_consumption": 696,
            "light_consumption": 666,
            "total_floor_consumption": 1940
        },
        {
            "floor": "Classroom 2",
            "fan_consumption": 678,
            "light_consumption": 696,
            "total_floor_consumption": 1963
        },
        {
            "floor": "Workroom 1",
            "fan_consumption": 348,
            "light_consumption": 336,
            "total_floor_consumption": 924
        },
        {
            "floor": "Workroom 2",
            "fan_consumption": 321,
            "light_consumption": 303,
            "total_floor_consumption": 840
        },
        {
            "floor": "Lab 1",
            "fan_consumption": 920,
            "light_consumption": 952,
            "total_floor_consumption": 4122
        },
        {
            "floor": "Lab 2",
            "fan_consumption": 800,
            "light_consumption": 880,
            "total_floor_consumption": 4530
        }
    ],
    "shared_equipment": {
        "computer_consumption": 479,
        "projector_consumption": 561
    },
    "occupancy_level": 69,
    "temperature": 20,
    "time_of_day": "Morning",
    "day_of_week": "Monday",
    "holiday": false,
    "total_consumption": 15359,
    "peak_load": 15760,
    "break_time_consumption": 15359
}