{
    "timestamp": "2020-05-15T00:00:00",
    "floor_data": [
        {
            "floor": "Classroom 1",
            "fan_consumption": 708,
            "light_consumption": 654,
            "total_floor_consumption": 1914
        },
        {
            "floor": "Classroom 2",
            "fan_consumption": 708,
            "light_consumption": 642,
            "total_floor_consumption": 1927
        },
        {
            "floor": "Workroom 1",
            "fan_consumption": 336,
            "light_consumption": 336,
            "total_floor_consumption": 888
        },
        {
            "floor": "Workroom 2",
            "fan_consumption": 312,
            "light_consumption": 339,
            "total_floor_consumption": 864
        },
        {
            "floor": "Lab 1",
            "fan_consumption": 952,
            "light_consumption": 896,
            "total_floor_consumption": 4308
        },
        {
            "floor": "Lab 2",
            "fan_consumption": 888,
            "light_consumption": 952,
            "total_floor_consumption": 4060
        }
    ],
    "shared_equipment": {
        "computer_consumption": 462,
        "projector_consumption": 591
    },
    "occupancy_level": 85,
    "temperature": 19,
    "time_of_day": "Morning",
    "day_of_week": "Friday",
    "holiday": false,
    "total_consumption": 15014,
    "peak_load": 15226,
    "break_time_consumption": 15014
}