{
    "timestamp": "2020-06-27T00:00:00",
    "floor_data": [
        {
            "floor": "Classroom 1",
            "fan_consumption": 642,
            "light_consumption": 642,
            "total_floor_consumption": 1857
        },
        {
            "floor": "Classroom 2",
            "fan_consumption": 630,
            "light_consumption": 654,
            "total_floor_consumption": 1805
        },
        {
            "floor": "Workroom 1",
            "fan_consumption": 321,
            "light_consumption": 330,
            "total_floor_consumption": 870
        },
        {
            "floor": "Workroom 2",
            "fan_consumption": 321,
            "light_consumption": 342,
            "total_floor_consumption": 936
        },
        {
            "floor": "Lab 1",
            "fan_consumption": 960,
            "light_consumption": 960,
            "total_floor_consumption": 4200
        },
        {
            "floor": "Lab 2",
            "fan_consumption": 936,
            "light_consumption": 928,
            "total_floor_consumption": 4504
        }
    ],
    "shared_equipment": {
        "computer_consumption": 378,
        "projector_consumption": 588
    },
    "occupancy_level": 67,
    "temperature": 21,
    "time_of_day": "Morning",
    "day_of_week": "Saturday",
    "holiday": true,
    "total_consumption": 15138,
    "peak_load": 15434,
    "break_time_consumption": 15138
}