{
    "timestamp": "2020-04-03T00:00:00",
    "floor_data": [
        {
            "floor": "Classroom 1",
            "fan_consumption": 654,
            "light_consumption": 678,
            "total_floor_consumption": 1853
        },
        {
            "floor": "Classroom 2",
            "fan_consumption": 624,
            "light_consumption": 684,
            "total_floor_consumption": 1894
        },
        {
            "floor": "Workroom 1",
            "fan_consumption": 321,
            "light_consumption": 336,
            "total_floor_consumption": 933
        },
        {
            "floor": "Workroom 2",
            "fan_consumption": 345,
            "light_consumption": 342,
            "total_floor_consumption": 897
        },
        {
            "floor": "Lab 1",
            "fan_consumption": 800,
            "light_consumption": 944,
            "total_floor_consumption": 4354
        },
        {
            "floor": "Lab 2",
            "fan_consumption": 960,
            "light_consumption": 856,
            "total_floor_consumption": 4186
        }
    ],
    "shared_equipment": {
        "computer_consumption": 401,
        "projector_consumption": 508
    },
    "occupancy_level": 75,
    "temperature": 27,
    "time_of_day": "Morning",
    "day_of_week": "Friday",
    "holiday": false,
    "total_consumption": 15026,
    "peak_load": 15346,
    "break_time_consumption": 15026
}