{
    "timestamp": "2020-10-17T00:00:00",
    "floor_data": [
        {
            "floor": "Classroom 1",
            "fan_consumption": 690,
            "light_consumption": 684,
            "total_floor_consumption": 1875
        },
        {
            "floor": "Classroom 2",
            "fan_consumption": 648,
            "light_consumption": 702,
            "total_floor_consumption": 1938
        },
        {
            "floor": "Workroom 1",
            "fan_consumption": 318,
            "light_consumption": 348,
            "total_floor_consumption": 960
        },
        {
            "floor": "Workroom 2",
            "fan_consumption": 342,
            "light_consumption": 339,
            "total_floor_consumption": 933
        },
        {
            "floor": "Lab 1",
            "fan_consumption": 832,
            "light_consumption": 960,
            "total_floor_consumption": 4432
        },
        {
            "floor": "Lab 2",
            "fan_consumption": 952,
            "light_consumption": 800,
            "total_floor_consumption": 4452
        }
    ],
    "shared_equipment": {
        "computer_consumption": 382,
        "projector_consumption": 536
    },
    "occupancy_level": 95,
    "temperature": 18,
    "time_of_day": "Morning",
    "day_of_week": "Saturday",
    "holiday": true,
    "total_consumption": 15508,
    "peak_load": 15738,
    "break_time_consumption": 15508
}