{
    "timestamp": "2020-10-10T00:00:00",
    "floor_data": [
        {
            "floor": "Classroom 1",
            "fan_consumption": 624,
            "light_consumption": 606,
            "total_floor_consumption": 1792
        },
        {
            "floor": "Classroom 2",
            "fan_consumption": 606,
            "light_consumption": 702,
            "total_floor_consumption": 1903
        },
        {
            "floor": "Workroom 1",
            "fan_consumption": 348,
            "light_consumption": 303,
            "total_floor_consumption": 888
        },
        {
            "floor": "Workroom 2",
            "fan_consumption": 321,
            "light_consumption": 327,
            "total_floor_consumption": 867
        },
        {
            "floor": "Lab 1",
            "fan_consumption": 936,
            "light_consumption": 936,
            "total_floor_consumption": 4602
        },
        {
            "floor": "Lab 2",
            "fan_consumption": 840,
            "light_consumption": 944,
            "total_floor_consumption": 4394
        }
    ],
    "shared_equipment": {
        "computer_consumption": 395,
        "projector_consumption": 538
    },
    "occupancy_level": 84,
    "temperature": 18,
    "time_of_day": "Morning",
    "day_of_week": "Saturday",
    "holiday": true,
    "total_consumption": 15379,
    "peak_load": 15746,
    "break_time_consumption": 15379
}