{
    "timestamp": "2020-02-26T00:00:00",
    "floor_data": [
        {
            "floor": "Classroom 1",
            "fan_consumption": 702,
            "light_consumption": 600,
            "total_floor_consumption": 1875
        },
        {
            "floor": "Classroom 2",
            "fan_consumption": 684,
            "light_consumption": 630,
            "total_floor_consumption": 1890
        },
        {
            "floor": "Workroom 1",
            "fan_consumption": 348,
            "light_consumption": 357,
            "total_floor_consumption": 987
        },
        {
            "floor": "Workroom 2",
            "fan_consumption": 336,
            "light_consumption": 336,
            "total_floor_consumption": 906
        },
        {
            "floor": "Lab 1",
            "fan_consumption": 928,
            "light_consumption": 920,
            "total_floor_consumption": 4848
        },
        {
            "floor": "Lab 2",
            "fan_consumption": 888,
            "light_consumption": 848,
            "total_floor_consumption": 3836
        }
    ],
    "shared_equipment": {
        "computer_consumption": 439,
        "projector_consumption": 573
    },
    "occupancy_level": 73,
    "temperature": 28,
    "time_of_day": "Morning",
    "day_of_week": "Wednesday",
    "holiday": false,
    "total_consumption": 15354,
    "peak_load": 15733,
    "break_time_consumption": 15354
}