{
    "timestamp": "2020-05-22T00:00:00",
    "floor_data": [
        {
            "floor": "Classroom 1",
            "fan_consumption": 678,
            "light_consumption": 618,
            "total_floor_consumption": 1824
        },
        {
            "floor": "Classroom 2",
            "fan_consumption": 612,
            "light_consumption": 660,
            "total_floor_consumption": 1790
        },
        {
            "floor": "Workroom 1",
            "fan_consumption": 336,
            "light_consumption": 336,
            "total_floor_consumption": 933
        },
        {
            "floor": "Workroom 2",
            "fan_consumption": 354,
            "light_consumption": 357,
            "total_floor_consumption": 1008
        },
        {
            "floor": "Lab 1",
            "fan_consumption": 816,
            "light_consumption": 816,
            "total_floor_consumption": 4332
        },
        {
            "floor": "Lab 2",
            "fan_consumption": 960,
            "light_consumption": 912,
            "total_floor_consumption": 4242
        }
    ],
    "shared_equipment": {
        "computer_consumption": 363,
        "projector_consumption": 501
    },
    "occupancy_level": 90,
    "temperature": 28,
    "time_of_day": "Morning",
    "day_of_week": "Friday",
    "holiday": false,
    "total_consumption": 14993,
    "peak_load": 15286,
    "break_time_consumption": 14993
}