{
    "timestamp": "2020-09-11T00:00:00",
    "floor_data": [
        {
            "floor": "Classroom 1",
            "fan_consumption": 600,
            "light_consumption": 630,
            "total_floor_consumption": 1794
        },
        {
            "floor": "Classroom 2",
            "fan_consumption": 720,
            "light_consumption": 600,
            "total_floor_consumption": 1858
        },
        {
            "floor": "Workroom 1",
            "fan_consumption": 327,
            "light_consumption": 333,
            "total_floor_consumption": 936
        },
        {
            "floor": "Workroom 2",
            "fan_consumption": 345,
            "light_consumption": 345,
            "total_floor_consumption": 966
        },
        {
            "floor": "Lab 1",
            "fan_consumption": 960,
            "light_consumption": 952,
            "total_floor_consumption": 4402
        },
        {
            "floor": "Lab 2",
            "fan_consumption": 800,
            "light_consumption": 864,
            "total_floor_consumption": 4124
        }
    ],
    "shared_equipment": {
        "computer_consumption": 371,
        "projector_consumption": 513
    },
    "occupancy_level": 68,
    "temperature": 21,
    "time_of_day": "Morning",
    "day_of_week": "Friday",
    "holiday": false,
    "total_consumption": 14964,
    "peak_load": 15261,
    "break_time_consumption": 14964
}