{
    "timestamp": "2020-02-17T00:00:00",
    "floor_data": [
        {
            "floor": "Classroom 1",
            "fan_consumption": 630,
            "light_consumption": 606,
            "total_floor_consumption": 1822
        },
        {
            "floor": "Classroom 2",
            "fan_consumption": 720,
            "light_consumption": 654,
            "total_floor_consumption": 1914
        },
        {
            "floor": "Workroom 1",
            "fan_consumption": 360,
            "light_consumption": 324,
            "total_floor_consumption": 945
        },
        {
            "floor": "Workroom 2",
            "fan_consumption": 300,
            "light_consumption": 327,
            "total_floor_consumption": 909
        },
        {
            "floor": "Lab 1",
            "fan_consumption": 880,
            "light_consumption": 864,
            "total_floor_consumption": 3844
        },
        {
            "floor": "Lab 2",
            "fan_consumption": 888,
            "light_consumption": 920,
            "total_floor_consumption": 4688
        }
    ],
    "shared_equipment": {
        "computer_consumption": 331,
        "projector_consumption": 587
    },
    "occupancy_level": 69,
    "temperature": 26,
    "time_of_day": "Morning",
    "day_of_week": "Monday",
    "holiday": false,
    "total_consumption": 15040,
    "peak_load": 15461,
    "break_time_consumption": 15040
}