{
    "timestamp": "2020-11-05T00:00:00",
    "floor_data": [
        {
            "floor": "Classroom 1",
            "fan_consumption": 648,
            "light_consumption": 672,
            "total_floor_consumption": 1840
        },
        {
            "floor": "Classroom 2",
            "fan_consumption": 624,
            "light_consumption": 690,
            "total_floor_consumption": 1830
        },
        {
            "floor": "Workroom 1",
            "fan_consumption": 342,
            "light_consumption": 315,
            "total_floor_consumption": 897
        },
        {
            "floor": "Workroom 2",
            "fan_consumption": 321,
            "light_consumption": 345,
            "total_floor_consumption": 888
        },
        {
            "floor": "Lab 1",
            "fan_consumption": 928,
            "light_consumption": 880,
            "total_floor_consumption": 4418
        },
        {
            "floor": "Lab 2",
            "fan_consumption": 936,
            "light_consumption": 832,
            "total_floor_consumption": 4708
        }
    ],
    "shared_equipment": {
        "computer_consumption": 486,
        "projector_consumption": 573
    },
    "occupancy_level": 81,
    "temperature": 26,
    "time_of_day": "Morning",
    "day_of_week": "Thursday",
    "holiday": false,
    "total_consumption": 15640,
    "peak_load": 15878,
    "break_time_consumption": 15640
}