{
    "timestamp": "2020-11-10T00:00:00",
    "floor_data": [
        {
            "floor": "Classroom 1",
            "fan_consumption": 612,
            "light_consumption": 684,
            "total_floor_consumption": 1798
        },
        {
            "floor": "Classroom 2",
            "fan_consumption": 684,
            "light_consumption": 702,
            "total_floor_consumption": 1886
        },
        {
            "floor": "Workroom 1",
            "fan_consumption": 333,
            "light_consumption": 312,
            "total_floor_consumption": 945
        },
        {
            "floor": "Workroom 2",
            "fan_consumption": 303,
            "light_consumption": 351,
            "total_floor_consumption": 936
        },
        {
            "floor": "Lab 1",
            "fan_consumption": 856,
            "light_consumption": 952,
            "total_floor_consumption": 4058
        },
        {
            "floor": "Lab 2",
            "fan_consumption": 920,
            "light_consumption": 936,
            "total_floor_consumption": 4106
        }
    ],
    "shared_equipment": {
        "computer_consumption": 361,
        "projector_consumption": 543
    },
    "occupancy_level": 97,
    "temperature": 25,
    "time_of_day": "Morning",
    "day_of_week": "Tuesday",
    "holiday": false,
    "total_consumption": 14633,
    "peak_load": 15086,
    "break_time_consumption": 14633
}