{
    "timestamp": "2020-04-14T00:00:00",
    "floor_data": [
        {
            "floor": "Classroom 1",
            "fan_consumption": 642,
            "light_consumption": 720,
            "total_floor_consumption": 1921
        },
        {
            "floor": "Classroom 2",
            "fan_consumption": 636,
            "light_consumption": 606,
            "total_floor_consumption": 1784
        },
        {
            "floor": "Workroom 1",
            "fan_consumption": 354,
            "light_consumption": 360,
            "total_floor_consumption": 927
        },
        {
            "floor": "Workroom 2",
            "fan_consumption": 315,
            "light_consumption": 312,
            "total_floor_consumption": 873
        },
        {
            "floor": "Lab 1",
            "fan_consumption": 928,
            "light_consumption": 856,
            "total_floor_consumption": 4574
        },
        {
            "floor": "Lab 2",
            "fan_consumption": 936,
            "light_consumption": 936,
            "total_floor_consumption": 4632
        }
    ],
    "shared_equipment": {
        "computer_consumption": 345,
        "projector_consumption": 541
    },
    "occupancy_level": 95,
    "temperature": 23,
    "time_of_day": "Morning",
    "day_of_week": "Tuesday",
    "holiday": false,
    "total_consumption": 15597,
    "peak_load": 16023,
    "break_time_consumption": 15597
}