{
    "timestamp": "2020-07-01T00:00:00",
    "floor_data": [
        {
            "floor": "Classroom 1",
            "fan_consumption": 702,
            "light_consumption": 618,
            "total_floor_consumption": 1909
        },
        {
            "floor": "Classroom 2",
            "fan_consumption": 720,
            "light_consumption": 600,
            "total_floor_consumption": 1885
        },
        {
            "floor": "Workroom 1",
            "fan_consumption": 327,
            "light_consumption": 339,
            "total_floor_consumption": 909
        },
        {
            "floor": "Workroom 2",
            "fan_consumption": 357,
            "light_consumption": 330,
            "total_floor_consumption": 948
        },
        {
            "floor": "Lab 1",
            "fan_consumption": 824,
            "light_consumption": 952,
            "total_floor_consumption": 4236
        },
        {
            "floor": "Lab 2",
            "fan_consumption": 856,
            "light_consumption": 800,
            "total_floor_consumption": 4326
        }
    ],
    "shared_equipment": {
        "computer_consumption": 374,
        "projector_consumption": 548
    },
    "occupancy_level": 79,
    "temperature": 20,
    "time_of_day": "Morning",
    "day_of_week": "Wednesday",
    "holiday": false,
    "total_consumption": 15135,
    "peak_load": 15457,
    "break_time_consumption": 15135
}