{
    "timestamp": "2020-03-19T00:00:00",
    "floor_data": [
        {
            "floor": "Classroom 1",
            "fan_consumption": 606,
            "light_consumption": 720,
            "total_floor_consumption": 1827
        },
        {
            "floor": "Classroom 2",
            "fan_consumption": 648,
            "light_consumption": 720,
            "total_floor_consumption": 1958
        },
        {
            "floor": "Workroom 1",
            "fan_consumption": 303,
            "light_consumption": 348,
            "total_floor_consumption": 948
        },
        {
            "floor": "Workroom 2",
            "fan_consumption": 303,
            "light_consumption": 312,
            "total_floor_consumption": 858
        },
        {
            "floor": "Lab 1",
            "fan_consumption": 856,
            "light_consumption": 928,
            "total_floor_consumption": 4334
        },
        {
            "floor": "Lab 2",
            "fan_consumption": 960,
            "light_consumption": 872,
            "total_floor_consumption": 4142
        }
    ],
    "shared_equipment": {
        "computer_consumption": 393,
        "projector_consumption": 536
    },
    "occupancy_level": 64,
    "temperature": 25,
    "time_of_day": "Morning",
    "day_of_week": "Thursday",
    "holiday": false,
    "total_consumption": 14996,
    "peak_load": 15324,
    "break_time_consumption": 14996
}