{
    "timestamp": "2020-05-17T00:00:00",
    "floor_data": [
        {
            "floor": "Classroom 1",
            "fan_consumption": 696,
            "light_consumption": 642,
            "total_floor_consumption": 1898
        },
        {
            "floor": "Classroom 2",
            "fan_consumption": 606,
            "light_consumption": 672,
            "total_floor_consumption": 1795
        },
        {
            "floor": "Workroom 1",
            "fan_consumption": 339,
            "light_consumption": 345,
            "total_floor_consumption": 936
        },
        {
            "floor": "Workroom 2",
            "fan_consumption": 312,
            "light_consumption": 348,
            "total_floor_consumption": 930
        },
        {
            "floor": "Lab 1",
            "fan_consumption": 856,
            "light_consumption": 960,
            "total_floor_consumption": 4096
        },
        {
            "floor": "Lab 2",
            "fan_consumption": 872,
            "light_consumption": 856,
            "total_floor_consumption": 4278
        }
    ],
    "shared_equipment": {
        "computer_consumption": 325,
        "projector_consumption": 522
    },
    "occupancy_level": 96,
    "temperature": 26,
    "time_of_day": "Morning",
    "day_of_week": "Sunday",
    "holiday": true,
    "total_consumption": 14780,
    "peak_load": 15189,
    "break_time_consumption": 14780
}