{
    "timestamp": "2020-07-15T00:00:00",
    "floor_data": [
        {
            "floor": "Classroom 1",
            "fan_consumption": 684,
            "light_consumption": 696,
            "total_floor_consumption": 1959
        },
        {
            "floor": "Classroom 2",
            "fan_consumption": 696,
            "light_consumption": 672,
            "total_floor_consumption": 1961
        },
        {
            "floor": "Workroom 1",
            "fan_consumption": 357,
            "light_consumption": 342,
            "total_floor_consumption": 987
        },
        {
            "floor": "Workroom 2",
            "fan_consumption": 303,
            "light_consumption": 318,
            "total_floor_consumption": 879
        },
        {
            "floor": "Lab 1",
            "fan_consumption": 848,
            "light_consumption": 944,
            "total_floor_consumption": 4282
        },
        {
            "floor": "Lab 2",
            "fan_consumption": 864,
            "light_consumption": 888,
            "total_floor_consumption": 4602
        }
    ],
    "shared_equipment": {
        "computer_consumption": 403,
        "projector_consumption": 558
    },
    "occupancy_level": 84,
    "temperature": 20,
    "time_of_day": "Morning",
    "day_of_week": "Wednesday",
    "holiday": false,
    "total_consumption": 15631,
    "peak_load": 15917,
    "break_time_consumption": 15631
}