{
    "timestamp": "2020-01-13T00:00:00",
    "floor_data": [
        {
            "floor": "Classroom 1",
            "fan_consumption": 720,
            "light_consumption": 720,
            "total_floor_consumption": 1962
        },
        {
            "floor": "Classroom 2",
            "fan_consumption": 612,
            "light_consumption": 690,
            "total_floor_consumption": 1850
        },
        {
            "floor": "Workroom 1",
            "fan_consumption": 339,
            "light_consumption": 357,
            "total_floor_consumption": 966
        },
        {
            "floor": "Workroom 2",
            "fan_consumption": 318,
            "light_consumption": 321,
            "total_floor_consumption": 867
        },
        {
            "floor": "Lab 1",
            "fan_consumption": 808,
            "light_consumption": 904,
            "total_floor_consumption": 3812
        },
        {
            "floor": "Lab 2",
            "fan_consumption": 848,
            "light_consumption": 864,
            "total_floor_consumption": 4172
        }
    ],
    "shared_equipment": {
        "computer_consumption": 344,
        "projector_consumption": 520
    },
    "occupancy_level": 67,
    "temperature": 24,
    "time_of_day": "Morning",
    "day_of_week": "Monday",
    "holiday": false,
    "total_consumption": 14493,
    "peak_load": 14769,
    "break_time_consumption": 14493
}