{
    "timestamp": "2020-04-17T00:00:00",
    "floor_data": [
        {
            "floor": "Classroom 1",
            "fan_consumption": 636,
            "light_consumption": 654,
            "total_floor_consumption": 1808
        },
        {
            "floor": "Classroom 2",
            "fan_consumption": 630,
            "light_consumption": 702,
            "total_floor_consumption": 1862
        },
        {
            "floor": "Workroom 1",
            "fan_consumption": 330,
            "light_consumption": 315,
            "total_floor_consumption": 903
        },
        {
            "floor": "Workroom 2",
            "fan_consumption": 330,
            "light_consumption": 345,
            "total_floor_consumption": 930
        },
        {
            "floor": "Lab 1",
            "fan_consumption": 896,
            "light_consumption": 872,
            "total_floor_consumption": 4498
        },
        {
            "floor": "Lab 2",
            "fan_consumption": 904,
            "light_consumption": 816,
            "total_floor_consumption": 4180
        }
    ],
    "shared_equipment": {
        "computer_consumption": 308,
        "projector_consumption": 572
    },
    "occupancy_level": 93,
    "temperature": 28,
    "time_of_day": "Morning",
    "day_of_week": "Friday",
    "holiday": false,
    "total_consumption": 15061,
    "peak_load": 15280,
    "break_time_consumption": 15061
}