{
    "timestamp": "2020-08-11T00:00:00",
    "floor_data": [
        {
            "floor": "Classroom 1",
            "fan_consumption": 654,
            "light_consumption": 672,
            "total_floor_consumption": 1837
        },
        {
            "floor": "Classroom 2",
            "fan_consumption": 630,
            "light_consumption": 714,
            "total_floor_consumption": 1857
        },
        {
            "floor": "Workroom 1",
            "fan_consumption": 336,
            "light_consumption": 339,
            "total_floor_consumption": 939
        },
        {
            "floor": "Workroom 2",
            "fan_consumption": 354,
            "light_consumption": 306,
            "total_floor_consumption": 948
        },
        {
            "floor": "Lab 1",
            "fan_consumption": 872,
            "light_consumption": 848,
            "total_floor_consumption": 4480
        },
        {
            "floor": "Lab 2",
            "fan_consumption": 960,
            "light_consumption": 832,
            "total_floor_consumption": 4582
        }
    ],
    "shared_equipment": {
        "computer_consumption": 498,
        "projector_consumption": 554
    },
    "occupancy_level": 78,
    "temperature": 20,
    "time_of_day": "Morning",
    "day_of_week": "Tuesday",
    "holiday": false,
    "total_consumption": 15695,
    "peak_load": 16029,
    "break_time_consumption": 15695
}