{
    "timestamp": "2020-04-05T00:00:00",
    "floor_data": [
        {
            "floor": "Classroom 1",
            "fan_consumption": 648,
            "light_consumption": 666,
            "total_floor_consumption": 1905
        },
        {
            "floor": "Classroom 2",
            "fan_consumption": 618,
            "light_consumption": 606,
            "total_floor_consumption": 1729
        },
        {
            "floor": "Workroom 1",
            "fan_consumption": 354,
            "light_consumption": 345,
            "total_floor_consumption": 954
        },
        {
            "floor": "Workroom 2",
            "fan_consumption": 327,
            "light_consumption": 348,
            "total_floor_consumption": 891
        },
        {
            "floor": "Lab 1",
            "fan_consumption": 872,
            "light_consumption": 816,
            "total_floor_consumption": 3848
        },
        {
            "floor": "Lab 2",
            "fan_consumption": 824,
            "light_consumption": 896,
            "total_floor_consumption": 4150
        }
    ],
    "shared_equipment": {
        "computer_consumption": 472,
        "projector_consumption": 576
    },
    "occupancy_level": 90,
    "temperature": 28,
    "time_of_day": "Morning",
    "day_of_week": "Sunday",
    "holiday": true,
    "total_consumption": 14525,
    "peak_load": 14822,
    "break_time_consumption": 14525
}