{
    "timestamp": "2020-06-20T00:00:00",
    "floor_data": [
        {
            "floor": "Classroom 1",
            "fan_consumption": 648,
            "light_consumption": 696,
            "total_floor_consumption": 1917
        },
        {
            "floor": "Classroom 2",
            "fan_consumption": 660,
            "light_consumption": 654,
            "total_floor_consumption": 1873
        },
        {
            "floor": "Workroom 1",
            "fan_consumption": 333,
            "light_consumption": 336,
            "total_floor_consumption": 915
        },
        {
            "floor": "Workroom 2",
            "fan_consumption": 318,
            "light_consumption": 336,
            "total_floor_consumption": 885
        },
        {
            "floor": "Lab 1",
            "fan_consumption": 936,
            "light_consumption": 832,
            "total_floor_consumption": 4708
        },
        {
            "floor": "Lab 2",
            "fan_consumption": 952,
            "light_consumption": 952,
            "total_floor_consumption": 4424
        }
    ],
    "shared_equipment": {
        "computer_consumption": 405,
        "projector_consumption": 565
    },
    "occupancy_level": 75,
    "temperature": 26,
    "time_of_day": "Morning",
    "day_of_week": "Saturday",
    "holiday": true,
    "total_consumption": 15692,
    "peak_load": 16066,
    "break_time_consumption": 15692
}