{
    "timestamp": "2020-01-27T00:00:00",
    "floor_data": [
        {
            "floor": "Classroom 1",
            "fan_consumption": 678,
            "light_consumption": 636,
            "total_floor_consumption": 1820
        },
        {
            "floor": "Classroom 2",
            "fan_consumption": 666,
            "light_consumption": 708,
            "total_floor_consumption": 1878
        },
        {
            "floor": "Workroom 1",
            "fan_consumption": 360,
            "light_consumption": 312,
            "total_floor_consumption": 960
        },
        {
            "floor": "Workroom 2",
            "fan_consumption": 306,
            "light_consumption": 300,
            "total_floor_consumption": 873
        },
        {
            "floor": "Lab 1",
            "fan_consumption": 872,
            "light_consumption": 832,
            "total_floor_consumption": 4674
        },
        {
            "floor": "Lab 2",
            "fan_consumption": 912,
            "light_consumption": 856,
            "total_floor_consumption": 4288
        }
    ],
    "shared_equipment": {
        "computer_consumption": 362,
        "projector_consumption": 578
    },
    "occupancy_level": 98,
    "temperature": 25,
    "time_of_day": "Morning",
    "day_of_week": "Monday",
    "holiday": false,
    "total_consumption": 15433,
    "peak_load": 15664,
    "break_time_consumption": 15433
}