{
    "timestamp": "2020-11-15T00:00:00",
    "floor_data": [
        {
            "floor": "Classroom 1",
            "fan_consumption": 648,
            "light_consumption": 672,
            "total_floor_consumption": 1885
        },
        {
            "floor": "Classroom 2",
            "fan_consumption": 684,
            "light_consumption": 600,
            "total_floor_consumption": 1787
        },
        {
            "floor": "Workroom 1",
            "fan_consumption": 339,
            "light_consumption": 327,
            "total_floor_consumption": 912
        },
        {
            "floor": "Workroom 2",
            "fan_consumption": 303,
            "light_consumption": 309,
            "total_floor_consumption": 822
        },
        {
            "floor": "Lab 1",
            "fan_consumption": 848,
            "light_consumption": 880,
            "total_floor_consumption": 3888
        },
        {
            "floor": "Lab 2",
            "fan_consumption": 888,
            "light_consumption": 800,
            "total_floor_consumption": 4118
        }
    ],
    "shared_equipment": {
        "computer_consumption": 412,
        "projector_consumption": 560
    },
    "occupancy_level": 75,
    "temperature": 23,
    "time_of_day": "Morning",
    "day_of_week": "Sunday",
    "holiday": true,
    "total_consumption": 14384,
    "peak_load": 14784,
    "break_time_consumption": 14384
}