{
    "timestamp": "2020-09-08T00:00:00",
    "floor_data": [
        {
            "floor": "Classroom 1",
            "fan_consumption": 678,
            "light_consumption": 612,
            "total_floor_consumption": 1801
        },
        {
            "floor": "Classroom 2",
            "fan_consumption": 636,
            "light_consumption": 660,
            "total_floor_consumption": 1831
        },
        {
            "floor": "Workroom 1",
            "fan_consumption": 318,
            "light_consumption": 324,
            "total_floor_consumption": 933
        },
        {
            "floor": "Workroom 2",
            "fan_consumption": 315,
            "light_consumption": 345,
            "total_floor_consumption": 948
        },
        {
            "floor": "Lab 1",
            "fan_consumption": 832,
            "light_consumption": 920,
            "total_floor_consumption": 4152
        },
        {
            "floor": "Lab 2",
            "fan_consumption": 840,
            "light_consumption": 880,
            "total_floor_consumption": 4390
        }
    ],
    "shared_equipment": {
        "computer_consumption": 471,
        "projector_consumption": 521
    },
    "occupancy_level": 76,
    "temperature": 23,
    "time_of_day": "Morning",
    "day_of_week": "Tuesday",
    "holiday": false,
    "total_consumption": 15047,
    "peak_load": 15425,
    "break_time_consumption": 15047
}