{
    "timestamp": "2020-07-04T00:00:00",
    "floor_data": [
        {
            "floor": "Classroom 1",
            "fan_consumption": 696,
            "light_consumption": 672,
            "total_floor_consumption": 1895
        },
        {
            "floor": "Classroom 2",
            "fan_consumption": 690,
            "light_consumption": 696,
            "total_floor_consumption": 1891
        },
        {
            "floor": "Workroom 1",
            "fan_consumption": 333,
            "light_consumption": 300,
            "total_floor_consumption": 858
        },
        {
            "floor": "Workroom 2",
            "fan_consumption": 330,
            "light_consumption": 348,
            "total_floor_consumption": 909
        },
        {
            "floor": "Lab 1",
            "fan_consumption": 912,
            "light_consumption": 928,
            "total_floor_consumption": 4390
        },
        {
            "floor": "Lab 2",
            "fan_consumption": 888,
            "light_consumption": 944,
            "total_floor_consumption": 3962
        }
    ],
    "shared_equipment": {
        "computer_consumption": 385,
        "projector_consumption": 570
    },
    "occupancy_level": 70,
    "temperature": 25,
    "time_of_day": "Morning",
    "day_of_week": "Saturday",
    "holiday": true,
    "total_consumption": 14860,
    "peak_load": 15200,
    "break_time_consumption": 14860
}