{
    "timestamp": "2020-10-19T00:00:00",
    "floor_data": [
        {
            "floor": "Classroom 1",
            "fan_consumption": 708,
            "light_consumption": 708,
            "total_floor_consumption": 1937
        },
        {
            "floor": "Classroom 2",
            "fan_consumption": 660,
            "light_consumption": 636,
            "total_floor_consumption": 1874
        },
        {
            "floor": "Workroom 1",
            "fan_consumption": 309,
            "light_consumption": 300,
            "total_floor_consumption": 846
        },
        {
            "floor": "Workroom 2",
            "fan_consumption": 351,
            "light_consumption": 345,
            "total_floor_consumption": 921
        },
        {
            "floor": "Lab 1",
            "fan_consumption": 872,
            "light_consumption": 920,
            "total_floor_consumption": 4192
        },
        {
            "floor": "Lab 2",
            "fan_consumption": 952,
            "light_consumption": 960,
            "total_floor_consumption": 4462
        }
    ],
    "shared_equipment": {
        "computer_consumption": 452,
        "projector_consumption": 519
    },
    "occupancy_level": 78,
    "temperature": 26,
    "time_of_day": "Morning",
    "day_of_week": "Monday",
    "holiday": false,
    "total_consumption": 15203,
    "peak_load": 15404,
    "break_time_consumption": 15203
}