{
    "timestamp": "2020-03-08T00:00:00",
    "floor_data": [
        {
            "floor": "Classroom 1",
            "fan_consumption": 684,
            "light_consumption": 702,
            "total_floor_consumption": 1939
        },
        {
            "floor": "Classroom 2",
            "fan_consumption": 618,
            "light_consumption": 714,
            "total_floor_consumption": 1839
        },
        {
            "floor": "Workroom 1",
            "fan_consumption": 321,
            "light_consumption": 327,
            "total_floor_consumption": 936
        },
        {
            "floor": "Workroom 2",
            "fan_consumption": 330,
            "light_consumption": 360,
            "total_floor_consumption": 960
        },
        {
            "floor": "Lab 1",
            "fan_consumption": 872,
            "light_consumption": 856,
            "total_floor_consumption": 4128
        },
        {
            "floor": "Lab 2",
            "fan_consumption": 888,
            "light_consumption": 816,
            "total_floor_consumption": 4554
        }
    ],
    "shared_equipment": {
        "computer_consumption": 349,
        "projector_consumption": 598
    },
    "occupancy_level": 82,
    "temperature": 24,
    "time_of_day": "Morning",
    "day_of_week": "Sunday",
    "holiday": true,
    "total_consumption": 15303,
    "peak_load": 15650,
    "break_time_consumption": 15303
}