{
    "timestamp": "2020-07-06T00:00:00",
    "floor_data": [
        {
            "floor": "Classroom 1",
            "fan_consumption": 666,
            "light_consumption": 612,
            "total_floor_consumption": 1838
        },
        {
            "floor": "Classroom 2",
            "fan_consumption": 612,
            "light_consumption": 696,
            "total_floor_consumption": 1821
        },
        {
            "floor": "Workroom 1",
            "fan_consumption": 357,
            "light_consumption": 324,
            "total_floor_consumption": 924
        },
        {
            "floor": "Workroom 2",
            "fan_consumption": 327,
            "light_consumption": 324,
            "total_floor_consumption": 933
        },
        {
            "floor": "Lab 1",
            "fan_consumption": 856,
            "light_consumption": 904,
            "total_floor_consumption": 4610
        },
        {
            "floor": "Lab 2",
            "fan_consumption": 856,
            "light_consumption": 808,
            "total_floor_consumption": 4004
        }
    ],
    "shared_equipment": {
        "computer_consumption": 375,
        "projector_consumption": 510
    },
    "occupancy_level": 89,
    "temperature": 24,
    "time_of_day": "Morning",
    "day_of_week": "Monday",
    "holiday": false,
    "total_consumption": 15015,
    "peak_load": 15291,
    "break_time_consumption": 15015
}