{
    "timestamp": "2020-12-02T00:00:00",
    "floor_data": [
        {
            "floor": "Classroom 1",
            "fan_consumption": 696,
            "light_consumption": 606,
            "total_floor_consumption": 1846
        },
        {
            "floor": "Classroom 2",
            "fan_consumption": 624,
            "light_consumption": 600,
            "total_floor_consumption": 1738
        },
        {
            "floor": "Workroom 1",
            "fan_consumption": 327,
            "light_consumption": 321,
            "total_floor_consumption": 930
        },
        {
            "floor": "Workroom 2",
            "fan_consumption": 345,
            "light_consumption": 357,
            "total_floor_consumption": 939
        },
        {
            "floor": "Lab 1",
            "fan_consumption": 816,
            "light_consumption": 840,
            "total_floor_consumption": 4146
        },
        {
            "floor": "Lab 2",
            "fan_consumption": 832,
            "light_consumption": 816,
            "total_floor_consumption": 3928
        }
    ],
    "shared_equipment": {
        "computer_consumption": 483,
        "projector_consumption": 597
    },
    "occupancy_level": 81,
    "temperature": 28,
    "time_of_day": "Morning",
    "day_of_week": "Wednesday",
    "holiday": false,
    "total_consumption": 14607,
    "peak_load": 14832,
    "break_time_consumption": 14607
}