{
    "timestamp": "2020-09-26T00:00:00",
    "floor_data": [
        {
            "floor": "Classroom 1",
            "fan_consumption": 630,
            "light_consumption": 600,
            "total_floor_consumption": 1756
        },
        {
            "floor": "Classroom 2",
            "fan_consumption": 600,
            "light_consumption": 624,
            "total_floor_consumption": 1804
        },
        {
            "floor": "Workroom 1",
            "fan_consumption": 321,
            "light_consumption": 327,
            "total_floor_consumption": 945
        },
        {
            "floor": "Workroom 2",
            "fan_consumption": 345,
            "light_consumption": 354,
            "total_floor_consumption": 930
        },
        {
            "floor": "Lab 1",
            "fan_consumption": 888,
            "light_consumption": 856,
            "total_floor_consumption": 4144
        },
        {
            "floor": "Lab 2",
            "fan_consumption": 856,
            "light_consumption": 880,
            "total_floor_consumption": 4166
        }
    ],
    "shared_equipment": {
        "computer_consumption": 315,
        "projector_consumption": 511
    },
    "occupancy_level": 70,
    "temperature": 18,
    "time_of_day": "Morning",
    "day_of_week": "Saturday",
    "holiday": true,
    "total_consumption": 14571,
    "peak_load": 15037,
    "break_time_consumption": 14571
}