{
    "timestamp": "2020-10-18T00:00:00",
    "floor_data": [
        {
            "floor": "Classroom 1",
            "fan_consumption": 624,
            "light_consumption": 702,
            "total_floor_consumption": 1865
        },
        {
            "floor": "Classroom 2",
            "fan_consumption": 696,
            "light_consumption": 654,
            "total_floor_consumption": 1887
        },
        {
            "floor": "Workroom 1",
            "fan_consumption": 360,
            "light_consumption": 354,
            "total_floor_consumption": 990
        },
        {
            "floor": "Workroom 2",
            "fan_consumption": 360,
            "light_consumption": 345,
            "total_floor_consumption": 987
        },
        {
            "floor": "Lab 1",
            "fan_consumption": 928,
            "light_consumption": 888,
            "total_floor_consumption": 4366
        },
        {
            "floor": "Lab 2",
            "fan_consumption": 904,
            "light_consumption": 864,
            "total_floor_consumption": 3898
        }
    ],
    "shared_equipment": {
        "computer_consumption": 348,
        "projector_consumption": 525
    },
    "occupancy_level": 98,
    "temperature": 20,
    "time_of_day": "Morning",
    "day_of_week": "Sunday",
    "holiday": true,
    "total_consumption": 14866,
    "peak_load": 15097,
    "break_time_consumption": 14866
}