{
    "timestamp": "2020-04-04T00:00:00",
    "floor_data": [
        {
            "floor": "Classroom 1",
            "fan_consumption": 606,
            "light_consumption": 606,
            "total_floor_consumption": 1744
        },
        {
            "floor": "Classroom 2",
            "fan_consumption": 618,
            "light_consumption": 612,
            "total_floor_consumption": 1746
        },
        {
            "floor": "Workroom 1",
            "fan_consumption": 327,
            "light_consumption": 339,
            "total_floor_consumption": 891
        },
        {
            "floor": "Workroom 2",
            "fan_consumption": 303,
            "light_consumption": 300,
            "total_floor_consumption": 822
        },
        {
            "floor": "Lab 1",
            "fan_consumption": 912,
            "light_consumption": 904,
            "total_floor_consumption": 4696
        },
        {
            "floor": "Lab 2",
            "fan_consumption": 800,
            "light_consumption": 888,
            "total_floor_consumption": 4118
        }
    ],
    "shared_equipment": {
        "computer_consumption": 498,
        "projector_consumption": 516
    },
    "occupancy_level": 98,
    "temperature": 25,
    "time_of_day": "Morning",
    "day_of_week": "Saturday",
    "holiday": true,
    "total_consumption": 15031,
    "peak_load": 15385,
    "break_time_consumption": 15031
}