{
    "timestamp": "2020-08-04T00:00:00",
    "floor_data": [
        {
            "floor": "Classroom 1",
            "fan_consumption": 642,
            "light_consumption": 660,
            "total_floor_consumption": 1871
        },
        {
            "floor": "Classroom 2",
            "fan_consumption": 690,
            "light_consumption": 696,
            "total_floor_consumption": 1908
        },
        {
            "floor": "Workroom 1",
            "fan_consumption": 336,
            "light_consumption": 309,
            "total_floor_consumption": 864
        },
        {
            "floor": "Workroom 2",
            "fan_consumption": 351,
            "light_consumption": 345,
            "total_floor_consumption": 936
        },
        {
            "floor": "Lab 1",
            "fan_consumption": 840,
            "light_consumption": 928,
            "total_floor_consumption": 4198
        },
        {
            "floor": "Lab 2",
            "fan_consumption": 960,
            "light_consumption": 856,
            "total_floor_consumption": 4396
        }
    ],
    "shared_equipment": {
        "computer_consumption": 405,
        "projector_consumption": 544
    },
    "occupancy_level": 93,
    "temperature": 21,
    "time_of_day": "Morning",
    "day_of_week": "Tuesday",
    "holiday": false,
    "total_consumption": 15122,
    "peak_load": 15348,
    "break_time_consumption": 15122
}