{
    "timestamp": "2020-08-09T00:00:00",
    "floor_data": [
        {
            "floor": "Classroom 1",
            "fan_consumption": 708,
            "light_consumption": 696,
            "total_floor_consumption": 1937
        },
        {
            "floor": "Classroom 2",
            "fan_consumption": 630,
            "light_consumption": 714,
            "total_floor_consumption": 1879
        },
        {
            "floor": "Workroom 1",
            "fan_consumption": 324,
            "light_consumption": 339,
            "total_floor_consumption": 948
        },
        {
            "floor": "Workroom 2",
            "fan_consumption": 357,
            "light_consumption": 303,
            "total_floor_consumption": 909
        },
        {
            "floor": "Lab 1",
            "fan_consumption": 872,
            "light_consumption": 840,
            "total_floor_consumption": 4592
        },
        {
            "floor": "Lab 2",
            "fan_consumption": 912,
            "light_consumption": 952,
            "total_floor_consumption": 4534
        }
    ],
    "shared_equipment": {
        "computer_consumption": 320,
        "projector_consumption": 554
    },
    "occupancy_level": 81,
    "temperature": 23,
    "time_of_day": "Morning",
    "day_of_week": "Sunday",
    "holiday": true,
    "total_consumption": 15673,
    "peak_load": 16056,
    "break_time_consumption": 15673
}