{
    "timestamp": "2020-04-30T00:00:00",
    "floor_data": [
        {
            "floor": "Classroom 1",
            "fan_consumption": 672,
            "light_consumption": 672,
            "total_floor_consumption": 1918
        },
        {
            "floor": "Classroom 2",
            "fan_consumption": 630,
            "light_consumption": 618,
            "total_floor_consumption": 1785
        },
        {
            "floor": "Workroom 1",
            "fan_consumption": 321,
            "light_consumption": 345,
            "total_floor_consumption": 930
        },
        {
            "floor": "Workroom 2",
            "fan_consumption": 312,
            "light_consumption": 357,
            "total_floor_consumption": 945
        },
        {
            "floor": "Lab 1",
            "fan_consumption": 864,
            "light_consumption": 928,
            "total_floor_consumption": 4312
        },
        {
            "floor": "Lab 2",
            "fan_consumption": 840,
            "light_consumption": 952,
            "total_floor_consumption": 4792
        }
    ],
    "shared_equipment": {
        "computer_consumption": 374,
        "projector_consumption": 528
    },
    "occupancy_level": 95,
    "temperature": 26,
    "time_of_day": "Morning",
    "day_of_week": "Thursday",
    "holiday": false,
    "total_consumption": 15584,
    "peak_load": 15900,
    "break_time_consumption": 15584
}