{
    "timestamp": "2020-10-13T00:00:00",
    "floor_data": [
        {
            "floor": "Classroom 1",
            "fan_consumption": 660,
            "light_consumption": 612,
            "total_floor_consumption": 1866
        },
        {
            "floor": "Classroom 2",
            "fan_consumption": 648,
            "light_consumption": 678,
            "total_floor_consumption": 1839
        },
        {
            "floor": "Workroom 1",
            "fan_consumption": 327,
            "light_consumption": 354,
            "total_floor_consumption": 969
        },
        {
            "floor": "Workroom 2",
            "fan_consumption": 324,
            "light_consumption": 300,
            "total_floor_consumption": 900
        },
        {
            "floor": "Lab 1",
            "fan_consumption": 880,
            "light_consumption": 872,
            "total_floor_consumption": 4572
        },
        {
            "floor": "Lab 2",
            "fan_consumption": 816,
            "light_consumption": 904,
            "total_floor_consumption": 3970
        }
    ],
    "shared_equipment": {
        "computer_consumption": 383,
        "projector_consumption": 564
    },
    "occupancy_level": 77,
    "temperature": 20,
    "time_of_day": "Morning",
    "day_of_week": "Tuesday",
    "holiday": false,
    "total_consumption": 15063,
    "peak_load": 15505,
    "break_time_consumption": 15063
}