{
    "timestamp": "2020-08-18T00:00:00",
    "floor_data": [
        {
            "floor": "Classroom 1",
            "fan_consumption": 642,
            "light_consumption": 702,
            "total_floor_consumption": 1895
        },
        {
            "floor": "Classroom 2",
            "fan_consumption": 600,
            "light_consumption": 672,
            "total_floor_consumption": 1811
        },
        {
            "floor": "Workroom 1",
            "fan_consumption": 333,
            "light_consumption": 315,
            "total_floor_consumption": 864
        },
        {
            "floor": "Workroom 2",
            "fan_consumption": 315,
            "light_consumption": 321,
            "total_floor_consumption": 858
        },
        {
            "floor": "Lab 1",
            "fan_consumption": 936,
            "light_consumption": 808,
            "total_floor_consumption": 4354
        },
        {
            "floor": "Lab 2",
            "fan_consumption": 880,
            "light_consumption": 920,
            "total_floor_consumption": 4440
        }
    ],
    "shared_equipment": {
        "computer_consumption": 306,
        "projector_consumption": 548
    },
    "occupancy_level": 74,
    "temperature": 27,
    "time_of_day": "Morning",
    "day_of_week": "Tuesday",
    "holiday": false,
    "total_consumption": 15076,
    "peak_load": 15399,
    "break_time_consumption": 15076
}