{
    "timestamp": "2020-12-10T00:00:00",
    "floor_data": [
        {
            "floor": "Classroom 1",
            "fan_consumption": 612,
            "light_consumption": 624,
            "total_floor_consumption": 1830
        },
        {
            "floor": "Classroom 2",
            "fan_consumption": 666,
            "light_consumption": 642,
            "total_floor_consumption": 1815
        },
        {
            "floor": "Workroom 1",
            "fan_consumption": 336,
            "light_consumption": 327,
            "total_floor_consumption": 933
        },
        {
            "floor": "Workroom 2",
            "fan_consumption": 327,
            "light_consumption": 309,
            "total_floor_consumption": 909
        },
        {
            "floor": "Lab 1",
            "fan_consumption": 808,
            "light_consumption": 808,
            "total_floor_consumption": 3806
        },
        {
            "floor": "Lab 2",
            "fan_consumption": 920,
            "light_consumption": 824,
            "total_floor_consumption": 4504
        }
    ],
    "shared_equipment": {
        "computer_consumption": 496,
        "projector_consumption": 571
    },
    "occupancy_level": 81,
    "temperature": 18,
    "time_of_day": "Morning",
    "day_of_week": "Thursday",
    "holiday": false,
    "total_consumption": 14864,
    "peak_load": 15281,
    "break_time_consumption": 14864
}