{
    "timestamp": "2020-10-08T00:00:00",
    "floor_data": [
        {
            "floor": "Classroom 1",
            "fan_consumption": 642,
            "light_consumption": 702,
            "total_floor_consumption": 1878
        },
        {
            "floor": "Classroom 2",
            "fan_consumption": 600,
            "light_consumption": 702,
            "total_floor_consumption": 1830
        },
        {
            "floor": "Workroom 1",
            "fan_consumption": 309,
            "light_consumption": 342,
            "total_floor_consumption": 861
        },
        {
            "floor": "Workroom 2",
            "fan_consumption": 342,
            "light_consumption": 330,
            "total_floor_consumption": 894
        },
        {
            "floor": "Lab 1",
            "fan_consumption": 920,
            "light_consumption": 880,
            "total_floor_consumption": 4380
        },
        {
            "floor": "Lab 2",
            "fan_consumption": 920,
            "light_consumption": 888,
            "total_floor_consumption": 4268
        }
    ],
    "shared_equipment": {
        "computer_consumption": 428,
        "projector_consumption": 584
    },
    "occupancy_level": 82,
    "temperature": 21,
    "time_of_day": "Morning",
    "day_of_week": "Thursday",
    "holiday": false,
    "total_consumption": 15123,
    "peak_load": 15461,
    "break_time_consumption": 15123
}