{
    "timestamp": "2020-02-04T00:00:00",
    "floor_data": [
        {
            "floor": "Classroom 1",
            "fan_consumption": 648,
            "light_consumption": 636,
            "total_floor_consumption": 1858
        },
        {
            "floor": "Classroom 2",
            "fan_consumption": 660,
            "light_consumption": 660,
            "total_floor_consumption": 1848
        },
        {
            "floor": "Workroom 1",
            "fan_consumption": 312,
            "light_consumption": 336,
            "total_floor_consumption": 909
        },
        {
            "floor": "Workroom 2",
            "fan_consumption": 312,
            "light_consumption": 324,
            "total_floor_consumption": 936
        },
        {
            "floor": "Lab 1",
            "fan_consumption": 848,
            "light_consumption": 936,
            "total_floor_consumption": 4694
        },
        {
            "floor": "Lab 2",
            "fan_consumption": 808,
            "light_consumption": 912,
            "total_floor_consumption": 4180
        }
    ],
    "shared_equipment": {
        "computer_consumption": 401,
        "projector_consumption": 541
    },
    "occupancy_level": 63,
    "temperature": 26,
    "time_of_day": "Morning",
    "day_of_week": "Tuesday",
    "holiday": false,
    "total_consumption": 15367,
    "peak_load": 15855,
    "break_time_consumption": 15367
}