{
    "timestamp": "2020-06-16T00:00:00",
    "floor_data": [
        {
            "floor": "Classroom 1",
            "fan_consumption": 678,
            "light_consumption": 666,
            "total_floor_consumption": 1890
        },
        {
            "floor": "Classroom 2",
            "fan_consumption": 630,
            "light_consumption": 678,
            "total_floor_consumption": 1814
        },
        {
            "floor": "Workroom 1",
            "fan_consumption": 306,
            "light_consumption": 324,
            "total_floor_consumption": 879
        },
        {
            "floor": "Workroom 2",
            "fan_consumption": 351,
            "light_consumption": 321,
            "total_floor_consumption": 891
        },
        {
            "floor": "Lab 1",
            "fan_consumption": 840,
            "light_consumption": 944,
            "total_floor_consumption": 4394
        },
        {
            "floor": "Lab 2",
            "fan_consumption": 840,
            "light_consumption": 864,
            "total_floor_consumption": 3894
        }
    ],
    "shared_equipment": {
        "computer_consumption": 439,
        "projector_consumption": 573
    },
    "occupancy_level": 99,
    "temperature": 27,
    "time_of_day": "Morning",
    "day_of_week": "Tuesday",
    "holiday": false,
    "total_consumption": 14774,
    "peak_load": 15225,
    "break_time_consumption": 14774
}