{
    "timestamp": "2020-03-17T00:00:00",
    "floor_data": [
        {
            "floor": "Classroom 1",
            "fan_consumption": 612,
            "light_consumption": 612,
            "total_floor_consumption": 1743
        },
        {
            "floor": "Classroom 2",
            "fan_consumption": 690,
            "light_consumption": 720,
            "total_floor_consumption": 1949
        },
        {
            "floor": "Workroom 1",
            "fan_consumption": 330,
            "light_consumption": 321,
            "total_floor_consumption": 942
        },
        {
            "floor": "Workroom 2",
            "fan_consumption": 321,
            "light_consumption": 354,
            "total_floor_consumption": 921
        },
        {
            "floor": "Lab 1",
            "fan_consumption": 944,
            "light_consumption": 864,
            "total_floor_consumption": 4058
        },
        {
            "floor": "Lab 2",
            "fan_consumption": 848,
            "light_consumption": 904,
            "total_floor_consumption": 4512
        }
    ],
    "shared_equipment": {
        "computer_consumption": 452,
        "projector_consumption": 600
    },
    "occupancy_level": 73,
    "temperature": 23,
    "time_of_day": "Morning",
    "day_of_week": "Tuesday",
    "holiday": false,
    "total_consumption": 15177,
    "peak_load": 15677,
    "break_time_consumption": 15177
}