{
    "timestamp": "2020-08-08T00:00:00",
    "floor_data": [
        {
            "floor": "Classroom 1",
            "fan_consumption": 690,
            "light_consumption": 690,
            "total_floor_consumption": 1904
        },
        {
            "floor": "Classroom 2",
            "fan_consumption": 684,
            "light_consumption": 708,
            "total_floor_consumption": 1910
        },
        {
            "floor": "Workroom 1",
            "fan_consumption": 330,
            "light_consumption": 327,
            "total_floor_consumption": 888
        },
        {
            "floor": "Workroom 2",
            "fan_consumption": 306,
            "light_consumption": 330,
            "total_floor_consumption": 903
        },
        {
            "floor": "Lab 1",
            "fan_consumption": 904,
            "light_consumption": 800,
            "total_floor_consumption": 4104
        },
        {
            "floor": "Lab 2",
            "fan_consumption": 928,
            "light_consumption": 840,
            "total_floor_consumption": 4198
        }
    ],
    "shared_equipment": {
        "computer_consumption": 489,
        "projector_consumption": 527
    },
    "occupancy_level": 77,
    "temperature": 23,
    "time_of_day": "Morning",
    "day_of_week": "Saturday",
    "holiday": true,
    "total_consumption": 14923,
    "peak_load": 15242,
    "break_time_consumption": 14923
}