{
    "timestamp": "2020-12-25T00:00:00",
    "floor_data": [
        {
            "floor": "Classroom 1",
            "fan_consumption": 624,
            "light_consumption": 648,
            "total_floor_consumption": 1825
        },
        {
            "floor": "Classroom 2",
            "fan_consumption": 636,
            "light_consumption": 702,
            "total_floor_consumption": 1878
        },
        {
            "floor": "Workroom 1",
            "fan_consumption": 324,
            "light_consumption": 321,
            "total_floor_consumption": 861
        },
        {
            "floor": "Workroom 2",
            "fan_consumption": 306,
            "light_consumption": 351,
            "total_floor_consumption": 903
        },
        {
            "floor": "Lab 1",
            "fan_consumption": 920,
            "light_consumption": 936,
            "total_floor_consumption": 4736
        },
        {
            "floor": "Lab 2",
            "fan_consumption": 880,
            "light_consumption": 952,
            "total_floor_consumption": 4592
        }
    ],
    "shared_equipment": {
        "computer_consumption": 499,
        "projector_consumption": 593
    },
    "occupancy_level": 63,
    "temperature": 23,
    "time_of_day": "Morning",
    "day_of_week": "Friday",
    "holiday": false,
    "total_consumption": 15887,
    "peak_load": 16306,
    "break_time_consumption": 15887
}