{
    "timestamp": "2020-03-15T00:00:00",
    "floor_data": [
        {
            "floor": "Classroom 1",
            "fan_consumption": 678,
            "light_consumption": 660,
            "total_floor_consumption": 1879
        },
        {
            "floor": "Classroom 2",
            "fan_consumption": 696,
            "light_consumption": 654,
            "total_floor_consumption": 1930
        },
        {
            "floor": "Workroom 1",
            "fan_consumption": 300,
            "light_consumption": 318,
            "total_floor_consumption": 879
        },
        {
            "floor": "Workroom 2",
            "fan_consumption": 330,
            "light_consumption": 318,
            "total_floor_consumption": 933
        },
        {
            "floor": "Lab 1",
            "fan_consumption": 824,
            "light_consumption": 840,
            "total_floor_consumption": 3914
        },
        {
            "floor": "Lab 2",
            "fan_consumption": 904,
            "light_consumption": 856,
            "total_floor_consumption": 4130
        }
    ],
    "shared_equipment": {
        "computer_consumption": 314,
        "projector_consumption": 567
    },
    "occupancy_level": 89,
    "temperature": 21,
    "time_of_day": "Morning",
    "day_of_week": "Sunday",
    "holiday": true,
    "total_consumption": 14546,
    "peak_load": 14998,
    "break_time_consumption": 14546
}