{
    "timestamp": "2020-05-28T00:00:00",
    "floor_data": [
        {
            "floor": "Classroom 1",
            "fan_consumption": 600,
            "light_consumption": 642,
            "total_floor_consumption": 1772
        },
        {
            "floor": "Classroom 2",
            "fan_consumption": 714,
            "light_consumption": 624,
            "total_floor_consumption": 1851
        },
        {
            "floor": "Workroom 1",
            "fan_consumption": 321,
            "light_consumption": 348,
            "total_floor_consumption": 891
        },
        {
            "floor": "Workroom 2",
            "fan_consumption": 327,
            "light_consumption": 324,
            "total_floor_consumption": 861
        },
        {
            "floor": "Lab 1",
            "fan_consumption": 824,
            "light_consumption": 840,
            "total_floor_consumption": 3854
        },
        {
            "floor": "Lab 2",
            "fan_consumption": 952,
            "light_consumption": 960,
            "total_floor_consumption": 4612
        }
    ],
    "shared_equipment": {
        "computer_consumption": 356,
        "projector_consumption": 566
    },
    "occupancy_level": 97,
    "temperature": 19,
    "time_of_day": "Morning",
    "day_of_week": "Thursday",
    "holiday": false,
    "total_consumption": 14763,
    "peak_load": 15215,
    "break_time_consumption": 14763
}