{
    "timestamp": "2020-06-21T00:00:00",
    "floor_data": [
        {
            "floor": "Classroom 1",
            "fan_consumption": 708,
            "light_consumption": 606,
            "total_floor_consumption": 1870
        },
        {
            "floor": "Classroom 2",
            "fan_consumption": 648,
            "light_consumption": 708,
            "total_floor_consumption": 1894
        },
        {
            "floor": "Workroom 1",
            "fan_consumption": 333,
            "light_consumption": 318,
            "total_floor_consumption": 948
        },
        {
            "floor": "Workroom 2",
            "fan_consumption": 354,
            "light_consumption": 315,
            "total_floor_consumption": 933
        },
        {
            "floor": "Lab 1",
            "fan_consumption": 920,
            "light_consumption": 808,
            "total_floor_consumption": 4608
        },
        {
            "floor": "Lab 2",
            "fan_consumption": 944,
            "light_consumption": 824,
            "total_floor_consumption": 3898
        }
    ],
    "shared_equipment": {
        "computer_consumption": 441,
        "projector_consumption": 572
    },
    "occupancy_level": 64,
    "temperature": 25,
    "time_of_day": "Morning",
    "day_of_week": "Sunday",
    "holiday": true,
    "total_consumption": 15164,
    "peak_load": 15560,
    "break_time_consumption": 15164
}