{
    "timestamp": "2020-11-19T00:00:00",
    "floor_data": [
        {
            "floor": "Classroom 1",
            "fan_consumption": 690,
            "light_consumption": 624,
            "total_floor_consumption": 1841
        },
        {
            "floor": "Classroom 2",
            "fan_consumption": 708,
            "light_consumption": 696,
            "total_floor_consumption": 1936
        },
        {
            "floor": "Workroom 1",
            "fan_consumption": 318,
            "light_consumption": 309,
            "total_floor_consumption": 894
        },
        {
            "floor": "Workroom 2",
            "fan_consumption": 342,
            "light_consumption": 339,
            "total_floor_consumption": 897
        },
        {
            "floor": "Lab 1",
            "fan_consumption": 944,
            "light_consumption": 960,
            "total_floor_consumption": 4214
        },
        {
            "floor": "Lab 2",
            "fan_consumption": 808,
            "light_consumption": 880,
            "total_floor_consumption": 4508
        }
    ],
    "shared_equipment": {
        "computer_consumption": 402,
        "projector_consumption": 526
    },
    "occupancy_level": 81,
    "temperature": 21,
    "time_of_day": "Morning",
    "day_of_week": "Thursday",
    "holiday": false,
    "total_consumption": 15218,
    "peak_load": 15434,
    "break_time_consumption": 15218
}