{
    "timestamp": "2020-01-24T00:00:00",
    "floor_data": [
        {
            "floor": "Classroom 1",
            "fan_consumption": 612,
            "light_consumption": 690,
            "total_floor_consumption": 1856
        },
        {
            "floor": "Classroom 2",
            "fan_consumption": 714,
            "light_consumption": 714,
            "total_floor_consumption": 1984
        },
        {
            "floor": "Workroom 1",
            "fan_consumption": 342,
            "light_consumption": 318,
            "total_floor_consumption": 888
        },
        {
            "floor": "Workroom 2",
            "fan_consumption": 321,
            "light_consumption": 360,
            "total_floor_consumption": 903
        },
        {
            "floor": "Lab 1",
            "fan_consumption": 856,
            "light_consumption": 944,
            "total_floor_consumption": 4200
        },
        {
            "floor": "Lab 2",
            "fan_consumption": 824,
            "light_consumption": 808,
            "total_floor_consumption": 3852
        }
    ],
    "shared_equipment": {
        "computer_consumption": 463,
        "projector_consumption": 538
    },
    "occupancy_level": 94,
    "temperature": 19,
    "time_of_day": "Morning",
    "day_of_week": "Friday",
    "holiday": false,
    "total_consumption": 14684,
    "peak_load": 14989,
    "break_time_consumption": 14684
}