{
    "timestamp": "2020-06-15T00:00:00",
    "floor_data": [
        {
            "floor": "Classroom 1",
            "fan_consumption": 714,
            "light_consumption": 714,
            "total_floor_consumption": 1964
        },
        {
            "floor": "Classroom 2",
            "fan_consumption": 648,
            "light_consumption": 720,
            "total_floor_consumption": 1881
        },
        {
            "floor": "Workroom 1",
            "fan_consumption": 306,
            "light_consumption": 342,
            "total_floor_consumption": 912
        },
        {
            "floor": "Workroom 2",
            "fan_consumption": 327,
            "light_consumption": 333,
            "total_floor_consumption": 945
        },
        {
            "floor": "Lab 1",
            "fan_consumption": 808,
            "light_consumption": 880,
            "total_floor_consumption": 4568
        },
        {
            "floor": "Lab 2",
            "fan_consumption": 896,
            "light_consumption": 888,
            "total_floor_consumption": 4484
        }
    ],
    "shared_equipment": {
        "computer_consumption": 432,
        "projector_consumption": 580
    },
    "occupancy_level": 79,
    "temperature": 23,
    "time_of_day": "Morning",
    "day_of_week": "Monday",
    "holiday": false,
    "total_consumption": 15766,
    "peak_load": 16030,
    "break_time_consumption": 15766
}