{
    "timestamp": "2020-08-14T00:00:00",
    "floor_data": [
        {
            "floor": "Classroom 1",
            "fan_consumption": 696,
            "light_consumption": 630,
            "total_floor_consumption": 1875
        },
        {
            "floor": "Classroom 2",
            "fan_consumption": 648,
            "light_consumption": 720,
            "total_floor_consumption": 1930
        },
        {
            "floor": "Workroom 1",
            "fan_consumption": 324,
            "light_consumption": 345,
            "total_floor_consumption": 942
        },
        {
            "floor": "Workroom 2",
            "fan_consumption": 312,
            "light_consumption": 333,
            "total_floor_consumption": 870
        },
        {
            "floor": "Lab 1",
            "fan_consumption": 856,
            "light_consumption": 872,
            "total_floor_consumption": 4128
        },
        {
            "floor": "Lab 2",
            "fan_consumption": 816,
            "light_consumption": 936,
            "total_floor_consumption": 4302
        }
    ],
    "shared_equipment": {
        "computer_consumption": 315,
        "projector_consumption": 567
    },
    "occupancy_level": 86,
    "temperature": 26,
    "time_of_day": "Morning",
    "day_of_week": "Friday",
    "holiday": false,
    "total_consumption": 14929,
    "peak_load": 15201,
    "break_time_consumption": 14929
}