{
    "timestamp": "2020-11-12T00:00:00",
    "floor_data": [
        {
            "floor": "Classroom 1",
            "fan_consumption": 654,
            "light_consumption": 720,
            "total_floor_consumption": 1942
        },
        {
            "floor": "Classroom 2",
            "fan_consumption": 624,
            "light_consumption": 684,
            "total_floor_consumption": 1846
        },
        {
            "floor": "Workroom 1",
            "fan_consumption": 306,
            "light_consumption": 309,
            "total_floor_consumption": 912
        },
        {
            "floor": "Workroom 2",
            "fan_consumption": 315,
            "light_consumption": 327,
            "total_floor_consumption": 915
        },
        {
            "floor": "Lab 1",
            "fan_consumption": 800,
            "light_consumption": 840,
            "total_floor_consumption": 4070
        },
        {
            "floor": "Lab 2",
            "fan_consumption": 856,
            "light_consumption": 936,
            "total_floor_consumption": 3982
        }
    ],
    "shared_equipment": {
        "computer_consumption": 484,
        "projector_consumption": 571
    },
    "occupancy_level": 67,
    "temperature": 25,
    "time_of_day": "Morning",
    "day_of_week": "Thursday",
    "holiday": false,
    "total_consumption": 14722,
    "peak_load": 15082,
    "break_time_consumption": 14722
}