{
    "timestamp": "2020-01-30T00:00:00",
    "floor_data": [
        {
            "floor": "Classroom 1",
            "fan_consumption": 690,
            "light_consumption": 612,
            "total_floor_consumption": 1887
        },
        {
            "floor": "Classroom 2",
            "fan_consumption": 618,
            "light_consumption": 612,
            "total_floor_consumption": 1814
        },
        {
            "floor": "Workroom 1",
            "fan_consumption": 318,
            "light_consumption": 303,
            "total_floor_consumption": 912
        },
        {
            "floor": "Workroom 2",
            "fan_consumption": 315,
            "light_consumption": 318,
            "total_floor_consumption": 864
        },
        {
            "floor": "Lab 1",
            "fan_consumption": 824,
            "light_consumption": 904,
            "total_floor_consumption": 4638
        },
        {
            "floor": "Lab 2",
            "fan_consumption": 880,
            "light_consumption": 864,
            "total_floor_consumption": 4504
        }
    ],
    "shared_equipment": {
        "computer_consumption": 332,
        "projector_consumption": 535
    },
    "occupancy_level": 81,
    "temperature": 27,
    "time_of_day": "Morning",
    "day_of_week": "Thursday",
    "holiday": false,
    "total_consumption": 15486,
    "peak_load": 15929,
    "break_time_consumption": 15486
}