{
    "timestamp": "2020-08-30T00:00:00",
    "floor_data": [
        {
            "floor": "Classroom 1",
            "fan_consumption": 672,
            "light_consumption": 612,
            "total_floor_consumption": 1831
        },
        {
            "floor": "Classroom 2",
            "fan_consumption": 702,
            "light_consumption": 720,
            "total_floor_consumption": 1971
        },
        {
            "floor": "Workroom 1",
            "fan_consumption": 324,
            "light_consumption": 354,
            "total_floor_consumption": 933
        },
        {
            "floor": "Workroom 2",
            "fan_consumption": 357,
            "light_consumption": 360,
            "total_floor_consumption": 978
        },
        {
            "floor": "Lab 1",
            "fan_consumption": 904,
            "light_consumption": 952,
            "total_floor_consumption": 4586
        },
        {
            "floor": "Lab 2",
            "fan_consumption": 808,
            "light_consumption": 928,
            "total_floor_consumption": 4616
        }
    ],
    "shared_equipment": {
        "computer_consumption": 394,
        "projector_consumption": 571
    },
    "occupancy_level": 100,
    "temperature": 25,
    "time_of_day": "Morning",
    "day_of_week": "Sunday",
    "holiday": true,
    "total_consumption": 15880,
    "peak_load": 16129,
    "break_time_consumption": 15880
}