{
    "timestamp": "2020-10-31T00:00:00",
    "floor_data": [
        {
            "floor": "Classroom 1",
            "fan_consumption": 684,
            "light_consumption": 636,
            "total_floor_consumption": 1886
        },
        {
            "floor": "Classroom 2",
            "fan_consumption": 612,
            "light_consumption": 696,
            "total_floor_consumption": 1876
        },
        {
            "floor": "Workroom 1",
            "fan_consumption": 348,
            "light_consumption": 312,
            "total_floor_consumption": 909
        },
        {
            "floor": "Workroom 2",
            "fan_consumption": 321,
            "light_consumption": 354,
            "total_floor_consumption": 891
        },
        {
            "floor": "Lab 1",
            "fan_consumption": 816,
            "light_consumption": 928,
            "total_floor_consumption": 4144
        },
        {
            "floor": "Lab 2",
            "fan_consumption": 816,
            "light_consumption": 824,
            "total_floor_consumption": 4520
        }
    ],
    "shared_equipment": {
        "computer_consumption": 371,
        "projector_consumption": 566
    },
    "occupancy_level": 83,
    "temperature": 25,
    "time_of_day": "Morning",
    "day_of_week": "Saturday",
    "holiday": true,
    "total_consumption": 15163,
    "peak_load": 15559,
    "break_time_consumption": 15163
}