{
    "timestamp": "2020-09-07T00:00:00",
    "floor_data": [
        {
            "floor": "Classroom 1",
            "fan_consumption": 606,
            "light_consumption": 678,
            "total_floor_consumption": 1883
        },
        {
            "floor": "Classroom 2",
            "fan_consumption": 672,
            "light_consumption": 678,
            "total_floor_consumption": 1915
        },
        {
            "floor": "Workroom 1",
            "fan_consumption": 330,
            "light_consumption": 354,
            "total_floor_consumption": 894
        },
        {
            "floor": "Workroom 2",
            "fan_consumption": 303,
            "light_consumption": 354,
            "total_floor_consumption": 924
        },
        {
            "floor": "Lab 1",
            "fan_consumption": 888,
            "light_consumption": 944,
            "total_floor_consumption": 3992
        },
        {
            "floor": "Lab 2",
            "fan_consumption": 824,
            "light_consumption": 800,
            "total_floor_consumption": 4174
        }
    ],
    "shared_equipment": {
        "computer_consumption": 408,
        "projector_consumption": 512
    },
    "occupancy_level": 85,
    "temperature": 23,
    "time_of_day": "Morning",
    "day_of_week": "Monday",
    "holiday": false,
    "total_consumption": 14702,
    "peak_load": 15112,
    "break_time_consumption": 14702
}