{
    "timestamp": "2020-02-14T00:00:00",
    "floor_data": [
        {
            "floor": "Classroom 1",
            "fan_consumption": 690,
            "light_consumption": 720,
            "total_floor_consumption": 1911
        },
        {
            "floor": "Classroom 2",
            "fan_consumption": 648,
            "light_consumption": 708,
            "total_floor_consumption": 1873
        },
        {
            "floor": "Workroom 1",
            "fan_consumption": 306,
            "light_consumption": 300,
            "total_floor_consumption": 870
        },
        {
            "floor": "Workroom 2",
            "fan_consumption": 300,
            "light_consumption": 309,
            "total_floor_consumption": 858
        },
        {
            "floor": "Lab 1",
            "fan_consumption": 920,
            "light_consumption": 832,
            "total_floor_consumption": 4542
        },
        {
            "floor": "Lab 2",
            "fan_consumption": 960,
            "light_consumption": 880,
            "total_floor_consumption": 4630
        }
    ],
    "shared_equipment": {
        "computer_consumption": 357,
        "projector_consumption": 535
    },
    "occupancy_level": 83,
    "temperature": 28,
    "time_of_day": "Morning",
    "day_of_week": "Friday",
    "holiday": false,
    "total_consumption": 15576,
    "peak_load": 15875,
    "break_time_consumption": 15576
}