{
    "timestamp": "2020-11-14T00:00:00",
    "floor_data": [
        {
            "floor": "Classroom 1",
            "fan_consumption": 720,
            "light_consumption": 636,
            "total_floor_consumption": 1891
        },
        {
            "floor": "Classroom 2",
            "fan_consumption": 660,
            "light_consumption": 708,
            "total_floor_consumption": 1927
        },
        {
            "floor": "Workroom 1",
            "fan_consumption": 342,
            "light_consumption": 354,
            "total_floor_consumption": 927
        },
        {
            "floor": "Workroom 2",
            "fan_consumption": 306,
            "light_consumption": 330,
            "total_floor_consumption": 888
        },
        {
            "floor": "Lab 1",
            "fan_consumption": 824,
            "light_consumption": 936,
            "total_floor_consumption": 3920
        },
        {
            "floor": "Lab 2",
            "fan_consumption": 936,
            "light_consumption": 928,
            "total_floor_consumption": 4204
        }
    ],
    "shared_equipment": {
        "computer_consumption": 346,
        "projector_consumption": 500
    },
    "occupancy_level": 60,
    "temperature": 23,
    "time_of_day": "Morning",
    "day_of_week": "Saturday",
    "holiday": true,
    "total_consumption": 14603,
    "peak_load": 15019,
    "break_time_consumption": 14603
}