{
    "timestamp": "2020-04-28T00:00:00",
    "floor_data": [
        {
            "floor": "Classroom 1",
            "fan_consumption": 708,
            "light_consumption": 636,
            "total_floor_consumption": 1862
        },
        {
            "floor": "Classroom 2",
            "fan_consumption": 672,
            "light_consumption": 714,
            "total_floor_consumption": 1887
        },
        {
            "floor": "Workroom 1",
            "fan_consumption": 321,
            "light_consumption": 339,
            "total_floor_consumption": 879
        },
        {
            "floor": "Workroom 2",
            "fan_consumption": 339,
            "light_consumption": 333,
            "total_floor_consumption": 933
        },
        {
            "floor": "Lab 1",
            "fan_consumption": 832,
            "light_consumption": 808,
            "total_floor_consumption": 4400
        },
        {
            "floor": "Lab 2",
            "fan_consumption": 944,
            "light_consumption": 808,
            "total_floor_consumption": 3882
        }
    ],
    "shared_equipment": {
        "computer_consumption": 462,
        "projector_consumption": 500
    },
    "occupancy_level": 99,
    "temperature": 18,
    "time_of_day": "Morning",
    "day_of_week": "Tuesday",
    "holiday": false,
    "total_consumption": 14805,
    "peak_load": 15197,
    "break_time_consumption": 14805
}