{
    "timestamp": "2020-08-25T00:00:00",
    "floor_data": [
        {
            "floor": "Classroom 1",
            "fan_consumption": 618,
            "light_consumption": 630,
            "total_floor_consumption": 1842
        },
        {
            "floor": "Classroom 2",
            "fan_consumption": 714,
            "light_consumption": 678,
            "total_floor_consumption": 1979
        },
        {
            "floor": "Workroom 1",
            "fan_consumption": 300,
            "light_consumption": 321,
            "total_floor_consumption": 849
        },
        {
            "floor": "Workroom 2",
            "fan_consumption": 348,
            "light_consumption": 330,
            "total_floor_consumption": 933
        },
        {
            "floor": "Lab 1",
            "fan_consumption": 840,
            "light_consumption": 928,
            "total_floor_consumption": 4618
        },
        {
            "floor": "Lab 2",
            "fan_consumption": 808,
            "light_consumption": 904,
            "total_floor_consumption": 3812
        }
    ],
    "shared_equipment": {
        "computer_consumption": 485,
        "projector_consumption": 521
    },
    "occupancy_level": 91,
    "temperature": 25,
    "time_of_day": "Morning",
    "day_of_week": "Tuesday",
    "holiday": false,
    "total_consumption": 15039,
    "peak_load": 15430,
    "break_time_consumption": 15039
}