{
    "timestamp": "2020-03-30T00:00:00",
    "floor_data": [
        {
            "floor": "Classroom 1",
            "fan_consumption": 636,
            "light_consumption": 606,
            "total_floor_consumption": 1800
        },
        {
            "floor": "Classroom 2",
            "fan_consumption": 636,
            "light_consumption": 672,
            "total_floor_consumption": 1879
        },
        {
            "floor": "Workroom 1",
            "fan_consumption": 318,
            "light_consumption": 339,
            "total_floor_consumption": 897
        },
        {
            "floor": "Workroom 2",
            "fan_consumption": 327,
            "light_consumption": 339,
            "total_floor_consumption": 936
        },
        {
            "floor": "Lab 1",
            "fan_consumption": 920,
            "light_consumption": 840,
            "total_floor_consumption": 4190
        },
        {
            "floor": "Lab 2",
            "fan_consumption": 952,
            "light_consumption": 872,
            "total_floor_consumption": 3954
        }
    ],
    "shared_equipment": {
        "computer_consumption": 412,
        "projector_consumption": 550
    },
    "occupancy_level": 85,
    "temperature": 21,
    "time_of_day": "Morning",
    "day_of_week": "Monday",
    "holiday": false,
    "total_consumption": 14618,
    "peak_load": 14847,
    "break_time_consumption": 14618
}