{
    "timestamp": "2020-07-22T00:00:00",
    "floor_data": [
        {
            "floor": "Classroom 1",
            "fan_consumption": 606,
            "light_consumption": 696,
            "total_floor_consumption": 1807
        },
        {
            "floor": "Classroom 2",
            "fan_consumption": 666,
            "light_consumption": 720,
            "total_floor_consumption": 1903
        },
        {
            "floor": "Workroom 1",
            "fan_consumption": 318,
            "light_consumption": 342,
            "total_floor_consumption": 924
        },
        {
            "floor": "Workroom 2",
            "fan_consumption": 348,
            "light_consumption": 324,
            "total_floor_consumption": 891
        },
        {
            "floor": "Lab 1",
            "fan_consumption": 816,
            "light_consumption": 920,
            "total_floor_consumption": 4016
        },
        {
            "floor": "Lab 2",
            "fan_consumption": 888,
            "light_consumption": 832,
            "total_floor_consumption": 4180
        }
    ],
    "shared_equipment": {
        "computer_consumption": 475,
        "projector_consumption": 547
    },
    "occupancy_level": 85,
    "temperature": 25,
    "time_of_day": "Morning",
    "day_of_week": "Wednesday",
    "holiday": false,
    "total_consumption": 14743,
    "peak_load": 14945,
    "break_time_consumption": 14743
}