{
    "timestamp": "2020-05-25T00:00:00",
    "floor_data": [
        {
            "floor": "Classroom 1",
            "fan_consumption": 714,
            "light_consumption": 654,
            "total_floor_consumption": 1897
        },
        {
            "floor": "Classroom 2",
            "fan_consumption": 690,
            "light_consumption": 612,
            "total_floor_consumption": 1823
        },
        {
            "floor": "Workroom 1",
            "fan_consumption": 357,
            "light_consumption": 318,
            "total_floor_consumption": 948
        },
        {
            "floor": "Workroom 2",
            "fan_consumption": 327,
            "light_consumption": 321,
            "total_floor_consumption": 918
        },
        {
            "floor": "Lab 1",
            "fan_consumption": 856,
            "light_consumption": 856,
            "total_floor_consumption": 3962
        },
        {
            "floor": "Lab 2",
            "fan_consumption": 816,
            "light_consumption": 944,
            "total_floor_consumption": 4430
        }
    ],
    "shared_equipment": {
        "computer_consumption": 333,
        "projector_consumption": 569
    },
    "occupancy_level": 91,
    "temperature": 26,
    "time_of_day": "Morning",
    "day_of_week": "Monday",
    "holiday": false,
    "total_consumption": 14880,
    "peak_load": 15224,
    "break_time_consumption": 14880
}