{
    "timestamp": "2020-04-25T00:00:00",
    "floor_data": [
        {
            "floor": "Classroom 1",
            "fan_consumption": 642,
            "light_consumption": 714,
            "total_floor_consumption": 1925
        },
        {
            "floor": "Classroom 2",
            "fan_consumption": 630,
            "light_consumption": 684,
            "total_floor_consumption": 1910
        },
        {
            "floor": "Workroom 1",
            "fan_consumption": 354,
            "light_consumption": 360,
            "total_floor_consumption": 993
        },
        {
            "floor": "Workroom 2",
            "fan_consumption": 324,
            "light_consumption": 360,
            "total_floor_consumption": 933
        },
        {
            "floor": "Lab 1",
            "fan_consumption": 800,
            "light_consumption": 928,
            "total_floor_consumption": 4128
        },
        {
            "floor": "Lab 2",
            "fan_consumption": 816,
            "light_consumption": 832,
            "total_floor_consumption": 4318
        }
    ],
    "shared_equipment": {
        "computer_consumption": 466,
        "projector_consumption": 554
    },
    "occupancy_level": 87,
    "temperature": 22,
    "time_of_day": "Morning",
    "day_of_week": "Saturday",
    "holiday": true,
    "total_consumption": 15227,
    "peak_load": 15544,
    "break_time_consumption": 15227
}