{
    "timestamp": "2020-01-28T00:00:00",
    "floor_data": [
        {
            "floor": "Classroom 1",
            "fan_consumption": 684,
            "light_consumption": 696,
            "total_floor_consumption": 1886
        },
        {
            "floor": "Classroom 2",
            "fan_consumption": 642,
            "light_consumption": 654,
            "total_floor_consumption": 1816
        },
        {
            "floor": "Workroom 1",
            "fan_consumption": 309,
            "light_consumption": 336,
            "total_floor_consumption": 903
        },
        {
            "floor": "Workroom 2",
            "fan_consumption": 336,
            "light_consumption": 345,
            "total_floor_consumption": 924
        },
        {
            "floor": "Lab 1",
            "fan_consumption": 864,
            "light_consumption": 944,
            "total_floor_consumption": 4658
        },
        {
            "floor": "Lab 2",
            "fan_consumption": 944,
            "light_consumption": 864,
            "total_floor_consumption": 4388
        }
    ],
    "shared_equipment": {
        "computer_consumption": 476,
        "projector_consumption": 529
    },
    "occupancy_level": 99,
    "temperature": 21,
    "time_of_day": "Morning",
    "day_of_week": "Tuesday",
    "holiday": false,
    "total_consumption": 15580,
    "peak_load": 16052,
    "break_time_consumption": 15580
}