{
    "timestamp": "2020-06-28T00:00:00",
    "floor_data": [
        {
            "floor": "Classroom 1",
            "fan_consumption": 720,
            "light_consumption": 636,
            "total_floor_consumption": 1908
        },
        {
            "floor": "Classroom 2",
            "fan_consumption": 612,
            "light_consumption": 612,
            "total_floor_consumption": 1730
        },
        {
            "floor": "Workroom 1",
            "fan_consumption": 360,
            "light_consumption": 354,
            "total_floor_consumption": 993
        },
        {
            "floor": "Workroom 2",
            "fan_consumption": 312,
            "light_consumption": 318,
            "total_floor_consumption": 900
        },
        {
            "floor": "Lab 1",
            "fan_consumption": 888,
            "light_consumption": 928,
            "total_floor_consumption": 4516
        },
        {
            "floor": "Lab 2",
            "fan_consumption": 832,
            "light_consumption": 960,
            "total_floor_consumption": 4522
        }
    ],
    "shared_equipment": {
        "computer_consumption": 427,
        "projector_consumption": 509
    },
    "occupancy_level": 98,
    "temperature": 25,
    "time_of_day": "Morning",
    "day_of_week": "Sunday",
    "holiday": true,
    "total_consumption": 15505,
    "peak_load": 15777,
    "break_time_consumption": 15505
}