{
    "timestamp": "2020-09-09T00:00:00",
    "floor_data": [
        {
            "floor": "Classroom 1",
            "fan_consumption": 720,
            "light_consumption": 642,
            "total_floor_consumption": 1927
        },
        {
            "floor": "Classroom 2",
            "fan_consumption": 660,
            "light_consumption": 690,
            "total_floor_consumption": 1869
        },
        {
            "floor": "Workroom 1",
            "fan_consumption": 336,
            "light_consumption": 309,
            "total_floor_consumption": 915
        },
        {
            "floor": "Workroom 2",
            "fan_consumption": 351,
            "light_consumption": 303,
            "total_floor_consumption": 888
        },
        {
            "floor": "Lab 1",
            "fan_consumption": 960,
            "light_consumption": 872,
            "total_floor_consumption": 4592
        },
        {
            "floor": "Lab 2",
            "fan_consumption": 888,
            "light_consumption": 872,
            "total_floor_consumption": 4520
        }
    ],
    "shared_equipment": {
        "computer_consumption": 332,
        "projector_consumption": 593
    },
    "occupancy_level": 88,
    "temperature": 20,
    "time_of_day": "Morning",
    "day_of_week": "Wednesday",
    "holiday": false,
    "total_consumption": 15636,
    "peak_load": 15979,
    "break_time_consumption": 15636
}