{
    "timestamp": "2020-01-10T00:00:00",
    "floor_data": [
        {
            "floor": "Classroom 1",
            "fan_consumption": 720,
            "light_consumption": 606,
            "total_floor_consumption": 1909
        },
        {
            "floor": "Classroom 2",
            "fan_consumption": 636,
            "light_consumption": 690,
            "total_floor_consumption": 1901
        },
        {
            "floor": "Workroom 1",
            "fan_consumption": 357,
            "light_consumption": 333,
            "total_floor_consumption": 951
        },
        {
            "floor": "Workroom 2",
            "fan_consumption": 351,
            "light_consumption": 354,
            "total_floor_consumption": 993
        },
        {
            "floor": "Lab 1",
            "fan_consumption": 896,
            "light_consumption": 952,
            "total_floor_consumption": 4188
        },
        {
            "floor": "Lab 2",
            "fan_consumption": 832,
            "light_consumption": 848,
            "total_floor_consumption": 4410
        }
    ],
    "shared_equipment": {
        "computer_consumption": 477,
        "projector_consumption": 554
    },
    "occupancy_level": 85,
    "temperature": 24,
    "time_of_day": "Morning",
    "day_of_week": "Friday",
    "holiday": false,
    "total_consumption": 15383,
    "peak_load": 15811,
    "break_time_consumption": 15383
}