{
    "timestamp": "2020-12-12T00:00:00",
    "floor_data": [
        {
            "floor": "Classroom 1",
            "fan_consumption": 606,
            "light_consumption": 660,
            "total_floor_consumption": 1818
        },
        {
            "floor": "Classroom 2",
            "fan_consumption": 642,
            "light_consumption": 630,
            "total_floor_consumption": 1833
        },
        {
            "floor": "Workroom 1",
            "fan_consumption": 357,
            "light_consumption": 360,
            "total_floor_consumption": 993
        },
        {
            "floor": "Workroom 2",
            "fan_consumption": 312,
            "light_consumption": 339,
            "total_floor_consumption": 912
        },
        {
            "floor": "Lab 1",
            "fan_consumption": 832,
            "light_consumption": 832,
            "total_floor_consumption": 4034
        },
        {
            "floor": "Lab 2",
            "fan_consumption": 832,
            "light_consumption": 920,
            "total_floor_consumption": 4392
        }
    ],
    "shared_equipment": {
        "computer_consumption": 488,
        "projector_consumption": 586
    },
    "occupancy_level": 94,
    "temperature": 27,
    "time_of_day": "Morning",
    "day_of_week": "Saturday",
    "holiday": true,
    "total_consumption": 15056,
    "peak_load": 15492,
    "break_time_consumption": 15056
}