{
    "timestamp": "2020-06-25T00:00:00",
    "floor_data": [
        {
            "floor": "Classroom 1",
            "fan_consumption": 708,
            "light_consumption": 618,
            "total_floor_consumption": 1851
        },
        {
            "floor": "Classroom 2",
            "fan_consumption": 654,
            "light_consumption": 654,
            "total_floor_consumption": 1896
        },
        {
            "floor": "Workroom 1",
            "fan_consumption": 336,
            "light_consumption": 303,
            "total_floor_consumption": 888
        },
        {
            "floor": "Workroom 2",
            "fan_consumption": 321,
            "light_consumption": 348,
            "total_floor_consumption": 963
        },
        {
            "floor": "Lab 1",
            "fan_consumption": 904,
            "light_consumption": 808,
            "total_floor_consumption": 4082
        },
        {
            "floor": "Lab 2",
            "fan_consumption": 864,
            "light_consumption": 872,
            "total_floor_consumption": 4256
        }
    ],
    "shared_equipment": {
        "computer_consumption": 484,
        "projector_consumption": 531
    },
    "occupancy_level": 94,
    "temperature": 26,
    "time_of_day": "Morning",
    "day_of_week": "Thursday",
    "holiday": false,
    "total_consumption": 14951,
    "peak_load": 15165,
    "break_time_consumption": 14951
}