{
    "timestamp": "2020-05-18T00:00:00",
    "floor_data": [
        {
            "floor": "Classroom 1",
            "fan_consumption": 606,
            "light_consumption": 684,
            "total_floor_consumption": 1815
        },
        {
            "floor": "Classroom 2",
            "fan_consumption": 708,
            "light_consumption": 624,
            "total_floor_consumption": 1900
        },
        {
            "floor": "Workroom 1",
            "fan_consumption": 315,
            "light_consumption": 336,
            "total_floor_consumption": 948
        },
        {
            "floor": "Workroom 2",
            "fan_consumption": 315,
            "light_consumption": 318,
            "total_floor_consumption": 843
        },
        {
            "floor": "Lab 1",
            "fan_consumption": 912,
            "light_consumption": 800,
            "total_floor_consumption": 3962
        },
        {
            "floor": "Lab 2",
            "fan_consumption": 904,
            "light_consumption": 952,
            "total_floor_consumption": 4706
        }
    ],
    "shared_equipment": {
        "computer_consumption": 483,
        "projector_consumption": 513
    },
    "occupancy_level": 89,
    "temperature": 21,
    "time_of_day": "Morning",
    "day_of_week": "Monday",
    "holiday": false,
    "total_consumption": 15170,
    "peak_load": 15440,
    "break_time_consumption": 15170
}