{
    "timestamp": "2020-12-15T00:00:00",
    "floor_data": [
        {
            "floor": "Classroom 1",
            "fan_consumption": 612,
            "light_consumption": 630,
            "total_floor_consumption": 1810
        },
        {
            "floor": "Classroom 2",
            "fan_consumption": 714,
            "light_consumption": 606,
            "total_floor_consumption": 1832
        },
        {
            "floor": "Workroom 1",
            "fan_consumption": 351,
            "light_consumption": 357,
            "total_floor_consumption": 987
        },
        {
            "floor": "Workroom 2",
            "fan_consumption": 333,
            "light_consumption": 348,
            "total_floor_consumption": 915
        },
        {
            "floor": "Lab 1",
            "fan_consumption": 808,
            "light_consumption": 888,
            "total_floor_consumption": 4396
        },
        {
            "floor": "Lab 2",
            "fan_consumption": 920,
            "light_consumption": 832,
            "total_floor_consumption": 4362
        }
    ],
    "shared_equipment": {
        "computer_consumption": 338,
        "projector_consumption": 589
    },
    "occupancy_level": 86,
    "temperature": 20,
    "time_of_day": "Morning",
    "day_of_week": "Tuesday",
    "holiday": false,
    "total_consumption": 15229,
    "peak_load": 15628,
    "break_time_consumption": 15229
}