{
    "timestamp": "2020-01-20T00:00:00",
    "floor_data": [
        {
            "floor": "Classroom 1",
            "fan_consumption": 660,
            "light_consumption": 696,
            "total_floor_consumption": 1933
        },
        {
            "floor": "Classroom 2",
            "fan_consumption": 678,
            "light_consumption": 702,
            "total_floor_consumption": 1967
        },
        {
            "floor": "Workroom 1",
            "fan_consumption": 324,
            "light_consumption": 327,
            "total_floor_consumption": 936
        },
        {
            "floor": "Workroom 2",
            "fan_consumption": 342,
            "light_consumption": 342,
            "total_floor_consumption": 927
        },
        {
            "floor": "Lab 1",
            "fan_consumption": 840,
            "light_consumption": 816,
            "total_floor_consumption": 4416
        },
        {
            "floor": "Lab 2",
            "fan_consumption": 912,
            "light_consumption": 960,
            "total_floor_consumption": 4182
        }
    ],
    "shared_equipment": {
        "computer_consumption": 414,
        "projector_consumption": 520
    },
    "occupancy_level": 74,
    "temperature": 23,
    "time_of_day": "Morning",
    "day_of_week": "Monday",
    "holiday": false,
    "total_consumption": 15295,
    "peak_load": 15542,
    "break_time_consumption": 15295
}