{
    "timestamp": "2020-09-18T00:00:00",
    "floor_data": [
        {
            "floor": "Classroom 1",
            "fan_consumption": 648,
            "light_consumption": 654,
            "total_floor_consumption": 1817
        },
        {
            "floor": "Classroom 2",
            "fan_consumption": 708,
            "light_consumption": 600,
            "total_floor_consumption": 1818
        },
        {
            "floor": "Workroom 1",
            "fan_consumption": 345,
            "light_consumption": 333,
            "total_floor_consumption": 960
        },
        {
            "floor": "Workroom 2",
            "fan_consumption": 333,
            "light_consumption": 318,
            "total_floor_consumption": 915
        },
        {
            "floor": "Lab 1",
            "fan_consumption": 808,
            "light_consumption": 920,
            "total_floor_consumption": 4578
        },
        {
            "floor": "Lab 2",
            "fan_consumption": 928,
            "light_consumption": 824,
            "total_floor_consumption": 4452
        }
    ],
    "shared_equipment": {
        "computer_consumption": 416,
        "projector_consumption": 554
    },
    "occupancy_level": 77,
    "temperature": 25,
    "time_of_day": "Morning",
    "day_of_week": "Friday",
    "holiday": false,
    "total_consumption": 15510,
    "peak_load": 15808,
    "break_time_consumption": 15510
}