{
    "timestamp": "2020-08-27T00:00:00",
    "floor_data": [
        {
            "floor": "Classroom 1",
            "fan_consumption": 714,
            "light_consumption": 606,
            "total_floor_consumption": 1913
        },
        {
            "floor": "Classroom 2",
            "fan_consumption": 666,
            "light_consumption": 702,
            "total_floor_consumption": 1897
        },
        {
            "floor": "Workroom 1",
            "fan_consumption": 339,
            "light_consumption": 333,
            "total_floor_consumption": 921
        },
        {
            "floor": "Workroom 2",
            "fan_consumption": 345,
            "light_consumption": 342,
            "total_floor_consumption": 984
        },
        {
            "floor": "Lab 1",
            "fan_consumption": 912,
            "light_consumption": 832,
            "total_floor_consumption": 4624
        },
        {
            "floor": "Lab 2",
            "fan_consumption": 856,
            "light_consumption": 872,
            "total_floor_consumption": 4248
        }
    ],
    "shared_equipment": {
        "computer_consumption": 474,
        "projector_consumption": 575
    },
    "occupancy_level": 64,
    "temperature": 18,
    "time_of_day": "Morning",
    "day_of_week": "Thursday",
    "holiday": false,
    "total_consumption": 15636,
    "peak_load": 16125,
    "break_time_consumption": 15636
}