{
    "timestamp": "2020-10-07T00:00:00",
    "floor_data": [
        {
            "floor": "Classroom 1",
            "fan_consumption": 672,
            "light_consumption": 618,
            "total_floor_consumption": 1796
        },
        {
            "floor": "Classroom 2",
            "fan_consumption": 660,
            "light_consumption": 690,
            "total_floor_consumption": 1921
        },
        {
            "floor": "Workroom 1",
            "fan_consumption": 339,
            "light_consumption": 309,
            "total_floor_consumption": 864
        },
        {
            "floor": "Workroom 2",
            "fan_consumption": 345,
            "light_consumption": 303,
            "total_floor_consumption": 882
        },
        {
            "floor": "Lab 1",
            "fan_consumption": 848,
            "light_consumption": 928,
            "total_floor_consumption": 4506
        },
        {
            "floor": "Lab 2",
            "fan_consumption": 920,
            "light_consumption": 904,
            "total_floor_consumption": 4464
        }
    ],
    "shared_equipment": {
        "computer_consumption": 451,
        "projector_consumption": 510
    },
    "occupancy_level": 99,
    "temperature": 25,
    "time_of_day": "Morning",
    "day_of_week": "Wednesday",
    "holiday": false,
    "total_consumption": 15394,
    "peak_load": 15644,
    "break_time_consumption": 15394
}