{
    "timestamp": "2020-07-27T00:00:00",
    "floor_data": [
        {
            "floor": "Classroom 1",
            "fan_consumption": 702,
            "light_consumption": 660,
            "total_floor_consumption": 1863
        },
        {
            "floor": "Classroom 2",
            "fan_consumption": 624,
            "light_consumption": 714,
            "total_floor_consumption": 1915
        },
        {
            "floor": "Workroom 1",
            "fan_consumption": 324,
            "light_consumption": 312,
            "total_floor_consumption": 903
        },
        {
            "floor": "Workroom 2",
            "fan_consumption": 360,
            "light_consumption": 318,
            "total_floor_consumption": 897
        },
        {
            "floor": "Lab 1",
            "fan_consumption": 856,
            "light_consumption": 880,
            "total_floor_consumption": 4586
        },
        {
            "floor": "Lab 2",
            "fan_consumption": 896,
            "light_consumption": 800,
            "total_floor_consumption": 4246
        }
    ],
    "shared_equipment": {
        "computer_consumption": 313,
        "projector_consumption": 552
    },
    "occupancy_level": 71,
    "temperature": 25,
    "time_of_day": "Morning",
    "day_of_week": "Monday",
    "holiday": false,
    "total_consumption": 15275,
    "peak_load": 15747,
    "break_time_consumption": 15275
}