{
    "timestamp": "2020-05-16T00:00:00",
    "floor_data": [
        {
            "floor": "Classroom 1",
            "fan_consumption": 720,
            "light_consumption": 636,
            "total_floor_consumption": 1910
        },
        {
            "floor": "Classroom 2",
            "fan_consumption": 702,
            "light_consumption": 714,
            "total_floor_consumption": 1986
        },
        {
            "floor": "Workroom 1",
            "fan_consumption": 306,
            "light_consumption": 312,
            "total_floor_consumption": 843
        },
        {
            "floor": "Workroom 2",
            "fan_consumption": 327,
            "light_consumption": 324,
            "total_floor_consumption": 888
        },
        {
            "floor": "Lab 1",
            "fan_consumption": 896,
            "light_consumption": 848,
            "total_floor_consumption": 4144
        },
        {
            "floor": "Lab 2",
            "fan_consumption": 800,
            "light_consumption": 872,
            "total_floor_consumption": 4402
        }
    ],
    "shared_equipment": {
        "computer_consumption": 374,
        "projector_consumption": 597
    },
    "occupancy_level": 84,
    "temperature": 24,
    "time_of_day": "Morning",
    "day_of_week": "Saturday",
    "holiday": true,
    "total_consumption": 15144,
    "peak_load": 15617,
    "break_time_consumption": 15144
}