{
    "timestamp": "2020-09-13T00:00:00",
    "floor_data": [
        {
            "floor": "Classroom 1",
            "fan_consumption": 666,
            "light_consumption": 666,
            "total_floor_consumption": 1920
        },
        {
            "floor": "Classroom 2",
            "fan_consumption": 660,
            "light_consumption": 720,
            "total_floor_consumption": 1893
        },
        {
            "floor": "Workroom 1",
            "fan_consumption": 357,
            "light_consumption": 315,
            "total_floor_consumption": 924
        },
        {
            "floor": "Workroom 2",
            "fan_consumption": 351,
            "light_consumption": 309,
            "total_floor_consumption": 927
        },
        {
            "floor": "Lab 1",
            "fan_consumption": 920,
            "light_consumption": 824,
            "total_floor_consumption": 4504
        },
        {
            "floor": "Lab 2",
            "fan_consumption": 832,
            "light_consumption": 832,
            "total_floor_consumption": 4004
        }
    ],
    "shared_equipment": {
        "computer_consumption": 343,
        "projector_consumption": 568
    },
    "occupancy_level": 92,
    "temperature": 23,
    "time_of_day": "Morning",
    "day_of_week": "Sunday",
    "holiday": true,
    "total_consumption": 15083,
    "peak_load": 15290,
    "break_time_consumption": 15083
}