{
    "timestamp": "2020-09-16T00:00:00",
    "floor_data": [
        {
            "floor": "Classroom 1",
            "fan_consumption": 678,
            "light_consumption": 654,
            "total_floor_consumption": 1921
        },
        {
            "floor": "Classroom 2",
            "fan_consumption": 672,
            "light_consumption": 720,
            "total_floor_consumption": 1914
        },
        {
            "floor": "Workroom 1",
            "fan_consumption": 342,
            "light_consumption": 336,
            "total_floor_consumption": 954
        },
        {
            "floor": "Workroom 2",
            "fan_consumption": 312,
            "light_consumption": 315,
            "total_floor_consumption": 846
        },
        {
            "floor": "Lab 1",
            "fan_consumption": 816,
            "light_consumption": 864,
            "total_floor_consumption": 4440
        },
        {
            "floor": "Lab 2",
            "fan_consumption": 896,
            "light_consumption": 840,
            "total_floor_consumption": 3896
        }
    ],
    "shared_equipment": {
        "computer_consumption": 370,
        "projector_consumption": 588
    },
    "occupancy_level": 91,
    "temperature": 27,
    "time_of_day": "Morning",
    "day_of_week": "Wednesday",
    "holiday": false,
    "total_consumption": 14929,
    "peak_load": 15301,
    "break_time_consumption": 14929
}