{
    "timestamp": "2020-07-31T00:00:00",
    "floor_data": [
        {
            "floor": "Classroom 1",
            "fan_consumption": 630,
            "light_consumption": 624,
            "total_floor_consumption": 1812
        },
        {
            "floor": "Classroom 2",
            "fan_consumption": 630,
            "light_consumption": 606,
            "total_floor_consumption": 1809
        },
        {
            "floor": "Workroom 1",
            "fan_consumption": 315,
            "light_consumption": 336,
            "total_floor_consumption": 921
        },
        {
            "floor": "Workroom 2",
            "fan_consumption": 351,
            "light_consumption": 360,
            "total_floor_consumption": 1002
        },
        {
            "floor": "Lab 1",
            "fan_consumption": 880,
            "light_consumption": 904,
            "total_floor_consumption": 4034
        },
        {
            "floor": "Lab 2",
            "fan_consumption": 840,
            "light_consumption": 880,
            "total_floor_consumption": 4210
        }
    ],
    "shared_equipment": {
        "computer_consumption": 418,
        "projector_consumption": 566
    },
    "occupancy_level": 96,
    "temperature": 18,
    "time_of_day": "Morning",
    "day_of_week": "Friday",
    "holiday": false,
    "total_consumption": 14772,
    "peak_load": 15076,
    "break_time_consumption": 14772
}