{
    "timestamp": "2020-07-05T00:00:00",
    "floor_data": [
        {
            "floor": "Classroom 1",
            "fan_consumption": 600,
            "light_consumption": 672,
            "total_floor_consumption": 1836
        },
        {
            "floor": "Classroom 2",
            "fan_consumption": 618,
            "light_consumption": 684,
            "total_floor_consumption": 1866
        },
        {
            "floor": "Workroom 1",
            "fan_consumption": 336,
            "light_consumption": 330,
            "total_floor_consumption": 906
        },
        {
            "floor": "Workroom 2",
            "fan_consumption": 303,
            "light_consumption": 306,
            "total_floor_consumption": 909
        },
        {
            "floor": "Lab 1",
            "fan_consumption": 816,
            "light_consumption": 960,
            "total_floor_consumption": 4746
        },
        {
            "floor": "Lab 2",
            "fan_consumption": 808,
            "light_consumption": 920,
            "total_floor_consumption": 4308
        }
    ],
    "shared_equipment": {
        "computer_consumption": 398,
        "projector_consumption": 558
    },
    "occupancy_level": 72,
    "temperature": 19,
    "time_of_day": "Morning",
    "day_of_week": "Sunday",
    "holiday": true,
    "total_consumption": 15527,
    "peak_load": 15738,
    "break_time_consumption": 15527
}