{
    "timestamp": "2020-05-06T00:00:00",
    "floor_data": [
        {
            "floor": "Classroom 1",
            "fan_consumption": 630,
            "light_consumption": 648,
            "total_floor_consumption": 1782
        },
        {
            "floor": "Classroom 2",
            "fan_consumption": 720,
            "light_consumption": 648,
            "total_floor_consumption": 1902
        },
        {
            "floor": "Workroom 1",
            "fan_consumption": 324,
            "light_consumption": 303,
            "total_floor_consumption": 870
        },
        {
            "floor": "Workroom 2",
            "fan_consumption": 351,
            "light_consumption": 321,
            "total_floor_consumption": 936
        },
        {
            "floor": "Lab 1",
            "fan_consumption": 880,
            "light_consumption": 888,
            "total_floor_consumption": 4618
        },
        {
            "floor": "Lab 2",
            "fan_consumption": 888,
            "light_consumption": 848,
            "total_floor_consumption": 3956
        }
    ],
    "shared_equipment": {
        "computer_consumption": 319,
        "projector_consumption": 573
    },
    "occupancy_level": 63,
    "temperature": 21,
    "time_of_day": "Morning",
    "day_of_week": "Wednesday",
    "holiday": false,
    "total_consumption": 14956,
    "peak_load": 15176,
    "break_time_consumption": 14956
}