{
    "timestamp": "2020-03-05T00:00:00",
    "floor_data": [
        {
            "floor": "Classroom 1",
            "fan_consumption": 618,
            "light_consumption": 678,
            "total_floor_consumption": 1812
        },
        {
            "floor": "Classroom 2",
            "fan_consumption": 678,
            "light_consumption": 606,
            "total_floor_consumption": 1848
        },
        {
            "floor": "Workroom 1",
            "fan_consumption": 360,
            "light_consumption": 327,
            "total_floor_consumption": 918
        },
        {
            "floor": "Workroom 2",
            "fan_consumption": 315,
            "light_consumption": 312,
            "total_floor_consumption": 855
        },
        {
            "floor": "Lab 1",
            "fan_consumption": 824,
            "light_consumption": 832,
            "total_floor_consumption": 4056
        },
        {
            "floor": "Lab 2",
            "fan_consumption": 912,
            "light_consumption": 888,
            "total_floor_consumption": 3960
        }
    ],
    "shared_equipment": {
        "computer_consumption": 494,
        "projector_consumption": 593
    },
    "occupancy_level": 84,
    "temperature": 23,
    "time_of_day": "Morning",
    "day_of_week": "Thursday",
    "holiday": false,
    "total_consumption": 14536,
    "peak_load": 15013,
    "break_time_consumption": 14536
}