{
    "timestamp": "2020-09-19T00:00:00",
    "floor_data": [
        {
            "floor": "Classroom 1",
            "fan_consumption": 684,
            "light_consumption": 696,
            "total_floor_consumption": 1888
        },
        {
            "floor": "Classroom 2",
            "fan_consumption": 690,
            "light_consumption": 660,
            "total_floor_consumption": 1856
        },
        {
            "floor": "Workroom 1",
            "fan_consumption": 324,
            "light_consumption": 303,
            "total_floor_consumption": 861
        },
        {
            "floor": "Workroom 2",
            "fan_consumption": 354,
            "light_consumption": 321,
            "total_floor_consumption": 951
        },
        {
            "floor": "Lab 1",
            "fan_consumption": 832,
            "light_consumption": 888,
            "total_floor_consumption": 4270
        },
        {
            "floor": "Lab 2",
            "fan_consumption": 880,
            "light_consumption": 912,
            "total_floor_consumption": 4462
        }
    ],
    "shared_equipment": {
        "computer_consumption": 401,
        "projector_consumption": 529
    },
    "occupancy_level": 71,
    "temperature": 28,
    "time_of_day": "Morning",
    "day_of_week": "Saturday",
    "holiday": true,
    "total_consumption": 15218,
    "peak_load": 15525,
    "break_time_consumption": 15218
}