{
    "timestamp": "2020-04-26T00:00:00",
    "floor_data": [
        {
            "floor": "Classroom 1",
            "fan_consumption": 630,
            "light_consumption": 648,
            "total_floor_consumption": 1808
        },
        {
            "floor": "Classroom 2",
            "fan_consumption": 660,
            "light_consumption": 684,
            "total_floor_consumption": 1864
        },
        {
            "floor": "Workroom 1",
            "fan_consumption": 339,
            "light_consumption": 357,
            "total_floor_consumption": 912
        },
        {
            "floor": "Workroom 2",
            "fan_consumption": 324,
            "light_consumption": 360,
            "total_floor_consumption": 960
        },
        {
            "floor": "Lab 1",
            "fan_consumption": 896,
            "light_consumption": 952,
            "total_floor_consumption": 4578
        },
        {
            "floor": "Lab 2",
            "fan_consumption": 856,
            "light_consumption": 848,
            "total_floor_consumption": 4644
        }
    ],
    "shared_equipment": {
        "computer_consumption": 368,
        "projector_consumption": 548
    },
    "occupancy_level": 67,
    "temperature": 25,
    "time_of_day": "Morning",
    "day_of_week": "Sunday",
    "holiday": true,
    "total_consumption": 15682,
    "peak_load": 16129,
    "break_time_consumption": 15682
}