{
    "timestamp": "2020-01-05T00:00:00",
    "floor_data": [
        {
            "floor": "Classroom 1",
            "fan_consumption": 696,
            "light_consumption": 666,
            "total_floor_consumption": 1924
        },
        {
            "floor": "Classroom 2",
            "fan_consumption": 672,
            "light_consumption": 642,
            "total_floor_consumption": 1851
        },
        {
            "floor": "Workroom 1",
            "fan_consumption": 357,
            "light_consumption": 348,
            "total_floor_consumption": 981
        },
        {
            "floor": "Workroom 2",
            "fan_consumption": 330,
            "light_consumption": 303,
            "total_floor_consumption": 903
        },
        {
            "floor": "Lab 1",
            "fan_consumption": 952,
            "light_consumption": 816,
            "total_floor_consumption": 4648
        },
        {
            "floor": "Lab 2",
            "fan_consumption": 832,
            "light_consumption": 840,
            "total_floor_consumption": 4492
        }
    ],
    "shared_equipment": {
        "computer_consumption": 424,
        "projector_consumption": 563
    },
    "occupancy_level": 83,
    "temperature": 27,
    "time_of_day": "Morning",
    "day_of_week": "Sunday",
    "holiday": true,
    "total_consumption": 15786,
    "peak_load": 16227,
    "break_time_consumption": 15786
}