{
    "timestamp": "2020-11-23T00:00:00",
    "floor_data": [
        {
            "floor": "Classroom 1",
            "fan_consumption": 660,
            "light_consumption": 612,
            "total_floor_consumption": 1789
        },
        {
            "floor": "Classroom 2",
            "fan_consumption": 636,
            "light_consumption": 642,
            "total_floor_consumption": 1850
        },
        {
            "floor": "Workroom 1",
            "fan_consumption": 333,
            "light_consumption": 357,
            "total_floor_consumption": 912
        },
        {
            "floor": "Workroom 2",
            "fan_consumption": 339,
            "light_consumption": 309,
            "total_floor_consumption": 867
        },
        {
            "floor": "Lab 1",
            "fan_consumption": 888,
            "light_consumption": 936,
            "total_floor_consumption": 4734
        },
        {
            "floor": "Lab 2",
            "fan_consumption": 840,
            "light_consumption": 816,
            "total_floor_consumption": 3786
        }
    ],
    "shared_equipment": {
        "computer_consumption": 448,
        "projector_consumption": 520
    },
    "occupancy_level": 68,
    "temperature": 19,
    "time_of_day": "Morning",
    "day_of_week": "Monday",
    "holiday": false,
    "total_consumption": 14906,
    "peak_load": 15125,
    "break_time_consumption": 14906
}