{
    "timestamp": "2020-08-01T00:00:00",
    "floor_data": [
        {
            "floor": "Classroom 1",
            "fan_consumption": 642,
            "light_consumption": 690,
            "total_floor_consumption": 1931
        },
        {
            "floor": "Classroom 2",
            "fan_consumption": 636,
            "light_consumption": 624,
            "total_floor_consumption": 1789
        },
        {
            "floor": "Workroom 1",
            "fan_consumption": 315,
            "light_consumption": 330,
            "total_floor_consumption": 909
        },
        {
            "floor": "Workroom 2",
            "fan_consumption": 345,
            "light_consumption": 360,
            "total_floor_consumption": 978
        },
        {
            "floor": "Lab 1",
            "fan_consumption": 880,
            "light_consumption": 928,
            "total_floor_consumption": 4118
        },
        {
            "floor": "Lab 2",
            "fan_consumption": 832,
            "light_consumption": 872,
            "total_floor_consumption": 4134
        }
    ],
    "shared_equipment": {
        "computer_consumption": 325,
        "projector_consumption": 511
    },
    "occupancy_level": 96,
    "temperature": 20,
    "time_of_day": "Morning",
    "day_of_week": "Saturday",
    "holiday": true,
    "total_consumption": 14695,
    "peak_load": 14987,
    "break_time_consumption": 14695
}