{
    "timestamp": "2020-03-29T00:00:00",
    "floor_data": [
        {
            "floor": "Classroom 1",
            "fan_consumption": 690,
            "light_consumption": 642,
            "total_floor_consumption": 1898
        },
        {
            "floor": "Classroom 2",
            "fan_consumption": 618,
            "light_consumption": 600,
            "total_floor_consumption": 1733
        },
        {
            "floor": "Workroom 1",
            "fan_consumption": 312,
            "light_consumption": 321,
            "total_floor_consumption": 924
        },
        {
            "floor": "Workroom 2",
            "fan_consumption": 312,
            "light_consumption": 336,
            "total_floor_consumption": 903
        },
        {
            "floor": "Lab 1",
            "fan_consumption": 952,
            "light_consumption": 928,
            "total_floor_consumption": 4730
        },
        {
            "floor": "Lab 2",
            "fan_consumption": 840,
            "light_consumption": 816,
            "total_floor_consumption": 4356
        }
    ],
    "shared_equipment": {
        "computer_consumption": 388,
        "projector_consumption": 585
    },
    "occupancy_level": 94,
    "temperature": 24,
    "time_of_day": "Morning",
    "day_of_week": "Sunday",
    "holiday": true,
    "total_consumption": 15517,
    "peak_load": 15825,
    "break_time_consumption": 15517
}