{
    "timestamp": "2020-03-26T00:00:00",
    "floor_data": [
        {
            "floor": "Classroom 1",
            "fan_consumption": 654,
            "light_consumption": 708,
            "total_floor_consumption": 1933
        },
        {
            "floor": "Classroom 2",
            "fan_consumption": 672,
            "light_consumption": 672,
            "total_floor_consumption": 1897
        },
        {
            "floor": "Workroom 1",
            "fan_consumption": 357,
            "light_consumption": 306,
            "total_floor_consumption": 915
        },
        {
            "floor": "Workroom 2",
            "fan_consumption": 327,
            "light_consumption": 327,
            "total_floor_consumption": 885
        },
        {
            "floor": "Lab 1",
            "fan_consumption": 856,
            "light_consumption": 888,
            "total_floor_consumption": 4354
        },
        {
            "floor": "Lab 2",
            "fan_consumption": 952,
            "light_consumption": 840,
            "total_floor_consumption": 4312
        }
    ],
    "shared_equipment": {
        "computer_consumption": 476,
        "projector_consumption": 525
    },
    "occupancy_level": 63,
    "temperature": 27,
    "time_of_day": "Morning",
    "day_of_week": "Thursday",
    "holiday": false,
    "total_consumption": 15297,
    "peak_load": 15508,
    "break_time_consumption": 15297
}