{
    "timestamp": "2020-01-11T00:00:00",
    "floor_data": [
        {
            "floor": "Classroom 1",
            "fan_consumption": 648,
            "light_consumption": 666,
            "total_floor_consumption": 1910
        },
        {
            "floor": "Classroom 2",
            "fan_consumption": 684,
            "light_consumption": 624,
            "total_floor_consumption": 1886
        },
        {
            "floor": "Workroom 1",
            "fan_consumption": 321,
            "light_consumption": 327,
            "total_floor_consumption": 903
        },
        {
            "floor": "Workroom 2",
            "fan_consumption": 354,
            "light_consumption": 351,
            "total_floor_consumption": 948
        },
        {
            "floor": "Lab 1",
            "fan_consumption": 944,
            "light_consumption": 952,
            "total_floor_consumption": 4146
        },
        {
            "floor": "Lab 2",
            "fan_consumption": 800,
            "light_consumption": 872,
            "total_floor_consumption": 4162
        }
    ],
    "shared_equipment": {
        "computer_consumption": 425,
        "projector_consumption": 571
    },
    "occupancy_level": 81,
    "temperature": 28,
    "time_of_day": "Morning",
    "day_of_week": "Saturday",
    "holiday": true,
    "total_consumption": 14951,
    "peak_load": 15391,
    "break_time_consumption": 14951
}