{
    "timestamp": "2020-02-05T00:00:00",
    "floor_data": [
        {
            "floor": "Classroom 1",
            "fan_consumption": 672,
            "light_consumption": 618,
            "total_floor_consumption": 1793
        },
        {
            "floor": "Classroom 2",
            "fan_consumption": 612,
            "light_consumption": 678,
            "total_floor_consumption": 1879
        },
        {
            "floor": "Workroom 1",
            "fan_consumption": 318,
            "light_consumption": 342,
            "total_floor_consumption": 957
        },
        {
            "floor": "Workroom 2",
            "fan_consumption": 348,
            "light_consumption": 351,
            "total_floor_consumption": 978
        },
        {
            "floor": "Lab 1",
            "fan_consumption": 848,
            "light_consumption": 848,
            "total_floor_consumption": 3796
        },
        {
            "floor": "Lab 2",
            "fan_consumption": 840,
            "light_consumption": 960,
            "total_floor_consumption": 4530
        }
    ],
    "shared_equipment": {
        "computer_consumption": 429,
        "projector_consumption": 578
    },
    "occupancy_level": 100,
    "temperature": 20,
    "time_of_day": "Morning",
    "day_of_week": "Wednesday",
    "holiday": false,
    "total_consumption": 14940,
    "peak_load": 15277,
    "break_time_consumption": 14940
}