{
    "timestamp": "2020-05-24T00:00:00",
    "floor_data": [
        {
            "floor": "Classroom 1",
            "fan_consumption": 660,
            "light_consumption": 684,
            "total_floor_consumption": 1873
        },
        {
            "floor": "Classroom 2",
            "fan_consumption": 684,
            "light_consumption": 690,
            "total_floor_consumption": 1935
        },
        {
            "floor": "Workroom 1",
            "fan_consumption": 357,
            "light_consumption": 360,
            "total_floor_consumption": 951
        },
        {
            "floor": "Workroom 2",
            "fan_consumption": 360,
            "light_consumption": 312,
            "total_floor_consumption": 894
        },
        {
            "floor": "Lab 1",
            "fan_consumption": 904,
            "light_consumption": 880,
            "total_floor_consumption": 4034
        },
        {
            "floor": "Lab 2",
            "fan_consumption": 800,
            "light_consumption": 944,
            "total_floor_consumption": 4024
        }
    ],
    "shared_equipment": {
        "computer_consumption": 393,
        "projector_consumption": 583
    },
    "occupancy_level": 89,
    "temperature": 20,
    "time_of_day": "Morning",
    "day_of_week": "Sunday",
    "holiday": true,
    "total_consumption": 14687,
    "peak_load": 15010,
    "break_time_consumption": 14687
}