{
    "timestamp": "2020-03-07T00:00:00",
    "floor_data": [
        {
            "floor": "Classroom 1",
            "fan_consumption": 624,
            "light_consumption": 708,
            "total_floor_consumption": 1918
        },
        {
            "floor": "Classroom 2",
            "fan_consumption": 612,
            "light_consumption": 636,
            "total_floor_consumption": 1778
        },
        {
            "floor": "Workroom 1",
            "fan_consumption": 336,
            "light_consumption": 327,
            "total_floor_consumption": 939
        },
        {
            "floor": "Workroom 2",
            "fan_consumption": 333,
            "light_consumption": 351,
            "total_floor_consumption": 900
        },
        {
            "floor": "Lab 1",
            "fan_consumption": 920,
            "light_consumption": 824,
            "total_floor_consumption": 4594
        },
        {
            "floor": "Lab 2",
            "fan_consumption": 880,
            "light_consumption": 864,
            "total_floor_consumption": 4714
        }
    ],
    "shared_equipment": {
        "computer_consumption": 326,
        "projector_consumption": 586
    },
    "occupancy_level": 73,
    "temperature": 19,
    "time_of_day": "Morning",
    "day_of_week": "Saturday",
    "holiday": true,
    "total_consumption": 15755,
    "peak_load": 16160,
    "break_time_consumption": 15755
}