{
    "timestamp": "2020-10-27T00:00:00",
    "floor_data": [
        {
            "floor": "Classroom 1",
            "fan_consumption": 702,
            "light_consumption": 666,
            "total_floor_consumption": 1873
        },
        {
            "floor": "Classroom 2",
            "fan_consumption": 690,
            "light_consumption": 654,
            "total_floor_consumption": 1882
        },
        {
            "floor": "Workroom 1",
            "fan_consumption": 303,
            "light_consumption": 342,
            "total_floor_consumption": 879
        },
        {
            "floor": "Workroom 2",
            "fan_consumption": 354,
            "light_consumption": 354,
            "total_floor_consumption": 975
        },
        {
            "floor": "Lab 1",
            "fan_consumption": 800,
            "light_consumption": 912,
            "total_floor_consumption": 4502
        },
        {
            "floor": "Lab 2",
            "fan_consumption": 856,
            "light_consumption": 864,
            "total_floor_consumption": 4630
        }
    ],
    "shared_equipment": {
        "computer_consumption": 344,
        "projector_consumption": 505
    },
    "occupancy_level": 82,
    "temperature": 18,
    "time_of_day": "Morning",
    "day_of_week": "Tuesday",
    "holiday": false,
    "total_consumption": 15590,
    "peak_load": 16049,
    "break_time_consumption": 15590
}