{
    "timestamp": "2020-08-19T00:00:00",
    "floor_data": [
        {
            "floor": "Classroom 1",
            "fan_consumption": 696,
            "light_consumption": 720,
            "total_floor_consumption": 1989
        },
        {
            "floor": "Classroom 2",
            "fan_consumption": 684,
            "light_consumption": 636,
            "total_floor_consumption": 1906
        },
        {
            "floor": "Workroom 1",
            "fan_consumption": 330,
            "light_consumption": 309,
            "total_floor_consumption": 912
        },
        {
            "floor": "Workroom 2",
            "fan_consumption": 306,
            "light_consumption": 339,
            "total_floor_consumption": 882
        },
        {
            "floor": "Lab 1",
            "fan_consumption": 944,
            "light_consumption": 896,
            "total_floor_consumption": 4360
        },
        {
            "floor": "Lab 2",
            "fan_consumption": 808,
            "light_consumption": 896,
            "total_floor_consumption": 4014
        }
    ],
    "shared_equipment": {
        "computer_consumption": 356,
        "projector_consumption": 512
    },
    "occupancy_level": 75,
    "temperature": 23,
    "time_of_day": "Morning",
    "day_of_week": "Wednesday",
    "holiday": false,
    "total_consumption": 14931,
    "peak_load": 15365,
    "break_time_consumption": 14931
}