{
    "timestamp": "2020-02-18T00:00:00",
    "floor_data": [
        {
            "floor": "Classroom 1",
            "fan_consumption": 720,
            "light_consumption": 702,
            "total_floor_consumption": 2017
        },
        {
            "floor": "Classroom 2",
            "fan_consumption": 630,
            "light_consumption": 690,
            "total_floor_consumption": 1865
        },
        {
            "floor": "Workroom 1",
            "fan_consumption": 306,
            "light_consumption": 321,
            "total_floor_consumption": 861
        },
        {
            "floor": "Workroom 2",
            "fan_consumption": 303,
            "light_consumption": 345,
            "total_floor_consumption": 900
        },
        {
            "floor": "Lab 1",
            "fan_consumption": 880,
            "light_consumption": 816,
            "total_floor_consumption": 4366
        },
        {
            "floor": "Lab 2",
            "fan_consumption": 928,
            "light_consumption": 880,
            "total_floor_consumption": 4508
        }
    ],
    "shared_equipment": {
        "computer_consumption": 486,
        "projector_consumption": 595
    },
    "occupancy_level": 79,
    "temperature": 21,
    "time_of_day": "Morning",
    "day_of_week": "Tuesday",
    "holiday": false,
    "total_consumption": 15598,
    "peak_load": 15873,
    "break_time_consumption": 15598
}