{
    "timestamp": "2020-12-29T00:00:00",
    "floor_data": [
        {
            "floor": "Classroom 1",
            "fan_consumption": 642,
            "light_consumption": 624,
            "total_floor_consumption": 1817
        },
        {
            "floor": "Classroom 2",
            "fan_consumption": 654,
            "light_consumption": 660,
            "total_floor_consumption": 1884
        },
        {
            "floor": "Workroom 1",
            "fan_consumption": 336,
            "light_consumption": 333,
            "total_floor_consumption": 897
        },
        {
            "floor": "Workroom 2",
            "fan_consumption": 345,
            "light_consumption": 324,
            "total_floor_consumption": 909
        },
        {
            "floor": "Lab 1",
            "fan_consumption": 856,
            "light_consumption": 888,
            "total_floor_consumption": 4294
        },
        {
            "floor": "Lab 2",
            "fan_consumption": 960,
            "light_consumption": 928,
            "total_floor_consumption": 4588
        }
    ],
    "shared_equipment": {
        "computer_consumption": 411,
        "projector_consumption": 585
    },
    "occupancy_level": 68,
    "temperature": 20,
    "time_of_day": "Morning",
    "day_of_week": "Tuesday",
    "holiday": false,
    "total_consumption": 15385,
    "peak_load": 15817,
    "break_time_consumption": 15385
}