{
    "timestamp": "2020-10-04T00:00:00",
    "floor_data": [
        {
            "floor": "Classroom 1",
            "fan_consumption": 642,
            "light_consumption": 690,
            "total_floor_consumption": 1865
        },
        {
            "floor": "Classroom 2",
            "fan_consumption": 678,
            "light_consumption": 630,
            "total_floor_consumption": 1862
        },
        {
            "floor": "Workroom 1",
            "fan_consumption": 300,
            "light_consumption": 324,
            "total_floor_consumption": 876
        },
        {
            "floor": "Workroom 2",
            "fan_consumption": 360,
            "light_consumption": 336,
            "total_floor_consumption": 960
        },
        {
            "floor": "Lab 1",
            "fan_consumption": 880,
            "light_consumption": 896,
            "total_floor_consumption": 4176
        },
        {
            "floor": "Lab 2",
            "fan_consumption": 856,
            "light_consumption": 824,
            "total_floor_consumption": 4380
        }
    ],
    "shared_equipment": {
        "computer_consumption": 454,
        "projector_consumption": 527
    },
    "occupancy_level": 65,
    "temperature": 26,
    "time_of_day": "Morning",
    "day_of_week": "Sunday",
    "holiday": true,
    "total_consumption": 15100,
    "peak_load": 15479,
    "break_time_consumption": 15100
}