{
    "timestamp": "2020-04-07T00:00:00",
    "floor_data": [
        {
            "floor": "Classroom 1",
            "fan_consumption": 648,
            "light_consumption": 684,
            "total_floor_consumption": 1887
        },
        {
            "floor": "Classroom 2",
            "fan_consumption": 618,
            "light_consumption": 702,
            "total_floor_consumption": 1898
        },
        {
            "floor": "Workroom 1",
            "fan_consumption": 303,
            "light_consumption": 360,
            "total_floor_consumption": 894
        },
        {
            "floor": "Workroom 2",
            "fan_consumption": 336,
            "light_consumption": 306,
            "total_floor_consumption": 900
        },
        {
            "floor": "Lab 1",
            "fan_consumption": 912,
            "light_consumption": 864,
            "total_floor_consumption": 4506
        },
        {
            "floor": "Lab 2",
            "fan_consumption": 880,
            "light_consumption": 960,
            "total_floor_consumption": 4780
        }
    ],
    "shared_equipment": {
        "computer_consumption": 404,
        "projector_consumption": 584
    },
    "occupancy_level": 77,
    "temperature": 28,
    "time_of_day": "Morning",
    "day_of_week": "Tuesday",
    "holiday": false,
    "total_consumption": 15853,
    "peak_load": 16246,
    "break_time_consumption": 15853
}