{
    "timestamp": "2020-02-02T00:00:00",
    "floor_data": [
        {
            "floor": "Classroom 1",
            "fan_consumption": 684,
            "light_consumption": 654,
            "total_floor_consumption": 1870
        },
        {
            "floor": "Classroom 2",
            "fan_consumption": 606,
            "light_consumption": 624,
            "total_floor_consumption": 1819
        },
        {
            "floor": "Workroom 1",
            "fan_consumption": 318,
            "light_consumption": 309,
            "total_floor_consumption": 840
        },
        {
            "floor": "Workroom 2",
            "fan_consumption": 333,
            "light_consumption": 357,
            "total_floor_consumption": 963
        },
        {
            "floor": "Lab 1",
            "fan_consumption": 872,
            "light_consumption": 952,
            "total_floor_consumption": 4704
        },
        {
            "floor": "Lab 2",
            "fan_consumption": 960,
            "light_consumption": 840,
            "total_floor_consumption": 4380
        }
    ],
    "shared_equipment": {
        "computer_consumption": 353,
        "projector_consumption": 582
    },
    "occupancy_level": 69,
    "temperature": 23,
    "time_of_day": "Morning",
    "day_of_week": "Sunday",
    "holiday": true,
    "total_consumption": 15511,
    "peak_load": 15871,
    "break_time_consumption": 15511
}