{
    "timestamp": "2020-07-17T00:00:00",
    "floor_data": [
        {
            "floor": "Classroom 1",
            "fan_consumption": 630,
            "light_consumption": 648,
            "total_floor_consumption": 1825
        },
        {
            "floor": "Classroom 2",
            "fan_consumption": 642,
            "light_consumption": 672,
            "total_floor_consumption": 1859
        },
        {
            "floor": "Workroom 1",
            "fan_consumption": 360,
            "light_consumption": 330,
            "total_floor_consumption": 957
        },
        {
            "floor": "Workroom 2",
            "fan_consumption": 303,
            "light_consumption": 345,
            "total_floor_consumption": 909
        },
        {
            "floor": "Lab 1",
            "fan_consumption": 944,
            "light_consumption": 848,
            "total_floor_consumption": 3892
        },
        {
            "floor": "Lab 2",
            "fan_consumption": 904,
            "light_consumption": 952,
            "total_floor_consumption": 4376
        }
    ],
    "shared_equipment": {
        "computer_consumption": 318,
        "projector_consumption": 521
    },
    "occupancy_level": 88,
    "temperature": 27,
    "time_of_day": "Morning",
    "day_of_week": "Friday",
    "holiday": false,
    "total_consumption": 14657,
    "peak_load": 14960,
    "break_time_consumption": 14657
}