{
    "timestamp": "2020-02-16T00:00:00",
    "floor_data": [
        {
            "floor": "Classroom 1",
            "fan_consumption": 708,
            "light_consumption": 630,
            "total_floor_consumption": 1934
        },
        {
            "floor": "Classroom 2",
            "fan_consumption": 624,
            "light_consumption": 690,
            "total_floor_consumption": 1844
        },
        {
            "floor": "Workroom 1",
            "fan_consumption": 318,
            "light_consumption": 360,
            "total_floor_consumption": 924
        },
        {
            "floor": "Workroom 2",
            "fan_consumption": 312,
            "light_consumption": 357,
            "total_floor_consumption": 909
        },
        {
            "floor": "Lab 1",
            "fan_consumption": 880,
            "light_consumption": 840,
            "total_floor_consumption": 4210
        },
        {
            "floor": "Lab 2",
            "fan_consumption": 848,
            "light_consumption": 888,
            "total_floor_consumption": 4646
        }
    ],
    "shared_equipment": {
        "computer_consumption": 394,
        "projector_consumption": 596
    },
    "occupancy_level": 85,
    "temperature": 24,
    "time_of_day": "Morning",
    "day_of_week": "Sunday",
    "holiday": true,
    "total_consumption": 15457,
    "peak_load": 15910,
    "break_time_consumption": 15457
}