{
    "timestamp": "2020-12-06T00:00:00",
    "floor_data": [
        {
            "floor": "Classroom 1",
            "fan_consumption": 690,
            "light_consumption": 630,
            "total_floor_consumption": 1909
        },
        {
            "floor": "Classroom 2",
            "fan_consumption": 708,
            "light_consumption": 630,
            "total_floor_consumption": 1865
        },
        {
            "floor": "Workroom 1",
            "fan_consumption": 327,
            "light_consumption": 357,
            "total_floor_consumption": 939
        },
        {
            "floor": "Workroom 2",
            "fan_consumption": 345,
            "light_consumption": 336,
            "total_floor_consumption": 891
        },
        {
            "floor": "Lab 1",
            "fan_consumption": 952,
            "light_consumption": 848,
            "total_floor_consumption": 3960
        },
        {
            "floor": "Lab 2",
            "fan_consumption": 936,
            "light_consumption": 936,
            "total_floor_consumption": 4122
        }
    ],
    "shared_equipment": {
        "computer_consumption": 302,
        "projector_consumption": 574
    },
    "occupancy_level": 75,
    "temperature": 26,
    "time_of_day": "Morning",
    "day_of_week": "Sunday",
    "holiday": true,
    "total_consumption": 14562,
    "peak_load": 14926,
    "break_time_consumption": 14562
}