{
    "timestamp": "2020-08-13T00:00:00",
    "floor_data": [
        {
            "floor": "Classroom 1",
            "fan_consumption": 672,
            "light_consumption": 666,
            "total_floor_consumption": 1897
        },
        {
            "floor": "Classroom 2",
            "fan_consumption": 630,
            "light_consumption": 624,
            "total_floor_consumption": 1811
        },
        {
            "floor": "Workroom 1",
            "fan_consumption": 348,
            "light_consumption": 303,
            "total_floor_consumption": 903
        },
        {
            "floor": "Workroom 2",
            "fan_consumption": 312,
            "light_consumption": 357,
            "total_floor_consumption": 936
        },
        {
            "floor": "Lab 1",
            "fan_consumption": 888,
            "light_consumption": 952,
            "total_floor_consumption": 4030
        },
        {
            "floor": "Lab 2",
            "fan_consumption": 880,
            "light_consumption": 904,
            "total_floor_consumption": 4064
        }
    ],
    "shared_equipment": {
        "computer_consumption": 351,
        "projector_consumption": 549
    },
    "occupancy_level": 63,
    "temperature": 20,
    "time_of_day": "Morning",
    "day_of_week": "Thursday",
    "holiday": false,
    "total_consumption": 14541,
    "peak_load": 14997,
    "break_time_consumption": 14541
}