{
    "timestamp": "2020-10-16T00:00:00",
    "floor_data": [
        {
            "floor": "Classroom 1",
            "fan_consumption": 600,
            "light_consumption": 690,
            "total_floor_consumption": 1855
        },
        {
            "floor": "Classroom 2",
            "fan_consumption": 618,
            "light_consumption": 618,
            "total_floor_consumption": 1824
        },
        {
            "floor": "Workroom 1",
            "fan_consumption": 357,
            "light_consumption": 351,
            "total_floor_consumption": 918
        },
        {
            "floor": "Workroom 2",
            "fan_consumption": 318,
            "light_consumption": 324,
            "total_floor_consumption": 864
        },
        {
            "floor": "Lab 1",
            "fan_consumption": 920,
            "light_consumption": 848,
            "total_floor_consumption": 3928
        },
        {
            "floor": "Lab 2",
            "fan_consumption": 816,
            "light_consumption": 880,
            "total_floor_consumption": 4186
        }
    ],
    "shared_equipment": {
        "computer_consumption": 465,
        "projector_consumption": 542
    },
    "occupancy_level": 72,
    "temperature": 18,
    "time_of_day": "Morning",
    "day_of_week": "Friday",
    "holiday": false,
    "total_consumption": 14582,
    "peak_load": 15073,
    "break_time_consumption": 14582
}