{
    "timestamp": "2020-08-20T00:00:00",
    "floor_data": [
        {
            "floor": "Classroom 1",
            "fan_consumption": 612,
            "light_consumption": 654,
            "total_floor_consumption": 1812
        },
        {
            "floor": "Classroom 2",
            "fan_consumption": 714,
            "light_consumption": 642,
            "total_floor_consumption": 1920
        },
        {
            "floor": "Workroom 1",
            "fan_consumption": 309,
            "light_consumption": 354,
            "total_floor_consumption": 909
        },
        {
            "floor": "Workroom 2",
            "fan_consumption": 351,
            "light_consumption": 309,
            "total_floor_consumption": 921
        },
        {
            "floor": "Lab 1",
            "fan_consumption": 816,
            "light_consumption": 888,
            "total_floor_consumption": 4374
        },
        {
            "floor": "Lab 2",
            "fan_consumption": 936,
            "light_consumption": 888,
            "total_floor_consumption": 4254
        }
    ],
    "shared_equipment": {
        "computer_consumption": 345,
        "projector_consumption": 595
    },
    "occupancy_level": 78,
    "temperature": 20,
    "time_of_day": "Morning",
    "day_of_week": "Thursday",
    "holiday": false,
    "total_consumption": 15130,
    "peak_load": 15477,
    "break_time_consumption": 15130
}