{
    "timestamp": "2020-04-08T00:00:00",
    "floor_data": [
        {
            "floor": "Classroom 1",
            "fan_consumption": 696,
            "light_consumption": 720,
            "total_floor_consumption": 1972
        },
        {
            "floor": "Classroom 2",
            "fan_consumption": 612,
            "light_consumption": 696,
            "total_floor_consumption": 1840
        },
        {
            "floor": "Workroom 1",
            "fan_consumption": 354,
            "light_consumption": 321,
            "total_floor_consumption": 927
        },
        {
            "floor": "Workroom 2",
            "fan_consumption": 300,
            "light_consumption": 336,
            "total_floor_consumption": 888
        },
        {
            "floor": "Lab 1",
            "fan_consumption": 960,
            "light_consumption": 840,
            "total_floor_consumption": 4230
        },
        {
            "floor": "Lab 2",
            "fan_consumption": 856,
            "light_consumption": 816,
            "total_floor_consumption": 4492
        }
    ],
    "shared_equipment": {
        "computer_consumption": 344,
        "projector_consumption": 554
    },
    "occupancy_level": 83,
    "temperature": 28,
    "time_of_day": "Morning",
    "day_of_week": "Wednesday",
    "holiday": false,
    "total_consumption": 15247,
    "peak_load": 15456,
    "break_time_consumption": 15247
}