{
    "timestamp": "2020-12-07T00:00:00",
    "floor_data": [
        {
            "floor": "Classroom 1",
            "fan_consumption": 672,
            "light_consumption": 600,
            "total_floor_consumption": 1829
        },
        {
            "floor": "Classroom 2",
            "fan_consumption": 660,
            "light_consumption": 654,
            "total_floor_consumption": 1826
        },
        {
            "floor": "Workroom 1",
            "fan_consumption": 360,
            "light_consumption": 342,
            "total_floor_consumption": 975
        },
        {
            "floor": "Workroom 2",
            "fan_consumption": 333,
            "light_consumption": 318,
            "total_floor_consumption": 888
        },
        {
            "floor": "Lab 1",
            "fan_consumption": 904,
            "light_consumption": 840,
            "total_floor_consumption": 3964
        },
        {
            "floor": "Lab 2",
            "fan_consumption": 864,
            "light_consumption": 912,
            "total_floor_consumption": 4146
        }
    ],
    "shared_equipment": {
        "computer_consumption": 494,
        "projector_consumption": 500
    },
    "occupancy_level": 85,
    "temperature": 19,
    "time_of_day": "Morning",
    "day_of_week": "Monday",
    "holiday": false,
    "total_consumption": 14622,
    "peak_load": 14825,
    "break_time_consumption": 14622
}