{
    "timestamp": "2020-11-30T00:00:00",
    "floor_data": [
        {
            "floor": "Classroom 1",
            "fan_consumption": 624,
            "light_consumption": 624,
            "total_floor_consumption": 1810
        },
        {
            "floor": "Classroom 2",
            "fan_consumption": 642,
            "light_consumption": 642,
            "total_floor_consumption": 1878
        },
        {
            "floor": "Workroom 1",
            "fan_consumption": 333,
            "light_consumption": 309,
            "total_floor_consumption": 912
        },
        {
            "floor": "Workroom 2",
            "fan_consumption": 354,
            "light_consumption": 330,
            "total_floor_consumption": 918
        },
        {
            "floor": "Lab 1",
            "fan_consumption": 952,
            "light_consumption": 856,
            "total_floor_consumption": 4178
        },
        {
            "floor": "Lab 2",
            "fan_consumption": 856,
            "light_consumption": 960,
            "total_floor_consumption": 4156
        }
    ],
    "shared_equipment": {
        "computer_consumption": 417,
        "projector_consumption": 585
    },
    "occupancy_level": 72,
    "temperature": 25,
    "time_of_day": "Morning",
    "day_of_week": "Monday",
    "holiday": false,
    "total_consumption": 14854,
    "peak_load": 15225,
    "break_time_consumption": 14854
}