{
    "timestamp": "2020-03-24T00:00:00",
    "floor_data": [
        {
            "floor": "Classroom 1",
            "fan_consumption": 708,
            "light_consumption": 648,
            "total_floor_consumption": 1946
        },
        {
            "floor": "Classroom 2",
            "fan_consumption": 696,
            "light_consumption": 720,
            "total_floor_consumption": 1966
        },
        {
            "floor": "Workroom 1",
            "fan_consumption": 351,
            "light_consumption": 354,
            "total_floor_consumption": 996
        },
        {
            "floor": "Workroom 2",
            "fan_consumption": 342,
            "light_consumption": 312,
            "total_floor_consumption": 879
        },
        {
            "floor": "Lab 1",
            "fan_consumption": 888,
            "light_consumption": 872,
            "total_floor_consumption": 4700
        },
        {
            "floor": "Lab 2",
            "fan_consumption": 848,
            "light_consumption": 896,
            "total_floor_consumption": 4174
        }
    ],
    "shared_equipment": {
        "computer_consumption": 480,
        "projector_consumption": 524
    },
    "occupancy_level": 93,
    "temperature": 19,
    "time_of_day": "Morning",
    "day_of_week": "Tuesday",
    "holiday": false,
    "total_consumption": 15665,
    "peak_load": 16019,
    "break_time_consumption": 15665
}