{
    "timestamp": "2020-06-17T00:00:00",
    "floor_data": [
        {
            "floor": "Classroom 1",
            "fan_consumption": 720,
            "light_consumption": 720,
            "total_floor_consumption": 1990
        },
        {
            "floor": "Classroom 2",
            "fan_consumption": 618,
            "light_consumption": 636,
            "total_floor_consumption": 1846
        },
        {
            "floor": "Workroom 1",
            "fan_consumption": 327,
            "light_consumption": 321,
            "total_floor_consumption": 870
        },
        {
            "floor": "Workroom 2",
            "fan_consumption": 360,
            "light_consumption": 333,
            "total_floor_consumption": 960
        },
        {
            "floor": "Lab 1",
            "fan_consumption": 856,
            "light_consumption": 800,
            "total_floor_consumption": 4086
        },
        {
            "floor": "Lab 2",
            "fan_consumption": 936,
            "light_consumption": 808,
            "total_floor_consumption": 4504
        }
    ],
    "shared_equipment": {
        "computer_consumption": 467,
        "projector_consumption": 526
    },
    "occupancy_level": 86,
    "temperature": 23,
    "time_of_day": "Morning",
    "day_of_week": "Wednesday",
    "holiday": false,
    "total_consumption": 15249,
    "peak_load": 15689,
    "break_time_consumption": 15249
}