{
    "timestamp": "2020-04-09T00:00:00",
    "floor_data": [
        {
            "floor": "Classroom 1",
            "fan_consumption": 624,
            "light_consumption": 708,
            "total_floor_consumption": 1842
        },
        {
            "floor": "Classroom 2",
            "fan_consumption": 618,
            "light_consumption": 654,
            "total_floor_consumption": 1791
        },
        {
            "floor": "Workroom 1",
            "fan_consumption": 324,
            "light_consumption": 303,
            "total_floor_consumption": 915
        },
        {
            "floor": "Workroom 2",
            "fan_consumption": 345,
            "light_consumption": 327,
            "total_floor_consumption": 918
        },
        {
            "floor": "Lab 1",
            "fan_consumption": 904,
            "light_consumption": 896,
            "total_floor_consumption": 4320
        },
        {
            "floor": "Lab 2",
            "fan_consumption": 808,
            "light_consumption": 848,
            "total_floor_consumption": 3756
        }
    ],
    "shared_equipment": {
        "computer_consumption": 457,
        "projector_consumption": 554
    },
    "occupancy_level": 65,
    "temperature": 25,
    "time_of_day": "Morning",
    "day_of_week": "Thursday",
    "holiday": false,
    "total_consumption": 14553,
    "peak_load": 14833,
    "break_time_consumption": 14553
}