{
    "timestamp": "2020-06-02T00:00:00",
    "floor_data": [
        {
            "floor": "Classroom 1",
            "fan_consumption": 678,
            "light_consumption": 684,
            "total_floor_consumption": 1863
        },
        {
            "floor": "Classroom 2",
            "fan_consumption": 684,
            "light_consumption": 612,
            "total_floor_consumption": 1819
        },
        {
            "floor": "Workroom 1",
            "fan_consumption": 306,
            "light_consumption": 333,
            "total_floor_consumption": 879
        },
        {
            "floor": "Workroom 2",
            "fan_consumption": 354,
            "light_consumption": 321,
            "total_floor_consumption": 915
        },
        {
            "floor": "Lab 1",
            "fan_consumption": 888,
            "light_consumption": 920,
            "total_floor_consumption": 4358
        },
        {
            "floor": "Lab 2",
            "fan_consumption": 808,
            "light_consumption": 832,
            "total_floor_consumption": 4460
        }
    ],
    "shared_equipment": {
        "computer_consumption": 364,
        "projector_consumption": 531
    },
    "occupancy_level": 76,
    "temperature": 20,
    "time_of_day": "Morning",
    "day_of_week": "Tuesday",
    "holiday": false,
    "total_consumption": 15189,
    "peak_load": 15445,
    "break_time_consumption": 15189
}