{
    "timestamp": "2020-02-11T00:00:00",
    "floor_data": [
        {
            "floor": "Classroom 1",
            "fan_consumption": 636,
            "light_consumption": 702,
            "total_floor_consumption": 1859
        },
        {
            "floor": "Classroom 2",
            "fan_consumption": 696,
            "light_consumption": 684,
            "total_floor_consumption": 1941
        },
        {
            "floor": "Workroom 1",
            "fan_consumption": 312,
            "light_consumption": 312,
            "total_floor_consumption": 918
        },
        {
            "floor": "Workroom 2",
            "fan_consumption": 354,
            "light_consumption": 324,
            "total_floor_consumption": 939
        },
        {
            "floor": "Lab 1",
            "fan_consumption": 800,
            "light_consumption": 952,
            "total_floor_consumption": 4302
        },
        {
            "floor": "Lab 2",
            "fan_consumption": 848,
            "light_consumption": 816,
            "total_floor_consumption": 4184
        }
    ],
    "shared_equipment": {
        "computer_consumption": 417,
        "projector_consumption": 552
    },
    "occupancy_level": 78,
    "temperature": 25,
    "time_of_day": "Morning",
    "day_of_week": "Tuesday",
    "holiday": false,
    "total_consumption": 15112,
    "peak_load": 15530,
    "break_time_consumption": 15112
}