{
    "timestamp": "2020-05-27T00:00:00",
    "floor_data": [
        {
            "floor": "Classroom 1",
            "fan_consumption": 684,
            "light_consumption": 648,
            "total_floor_consumption": 1883
        },
        {
            "floor": "Classroom 2",
            "fan_consumption": 708,
            "light_consumption": 690,
            "total_floor_consumption": 1918
        },
        {
            "floor": "Workroom 1",
            "fan_consumption": 336,
            "light_consumption": 342,
            "total_floor_consumption": 972
        },
        {
            "floor": "Workroom 2",
            "fan_consumption": 330,
            "light_consumption": 339,
            "total_floor_consumption": 915
        },
        {
            "floor": "Lab 1",
            "fan_consumption": 928,
            "light_consumption": 880,
            "total_floor_consumption": 4598
        },
        {
            "floor": "Lab 2",
            "fan_consumption": 944,
            "light_consumption": 856,
            "total_floor_consumption": 4440
        }
    ],
    "shared_equipment": {
        "computer_consumption": 345,
        "projector_consumption": 589
    },
    "occupancy_level": 75,
    "temperature": 19,
    "time_of_day": "Morning",
    "day_of_week": "Wednesday",
    "holiday": false,
    "total_consumption": 15660,
    "peak_load": 15939,
    "break_time_consumption": 15660
}