{
    "timestamp": "2020-07-02T00:00:00",
    "floor_data": [
        {
            "floor": "Classroom 1",
            "fan_consumption": 618,
            "light_consumption": 696,
            "total_floor_consumption": 1861
        },
        {
            "floor": "Classroom 2",
            "fan_consumption": 618,
            "light_consumption": 714,
            "total_floor_consumption": 1835
        },
        {
            "floor": "Workroom 1",
            "fan_consumption": 309,
            "light_consumption": 321,
            "total_floor_consumption": 921
        },
        {
            "floor": "Workroom 2",
            "fan_consumption": 348,
            "light_consumption": 324,
            "total_floor_consumption": 897
        },
        {
            "floor": "Lab 1",
            "fan_consumption": 944,
            "light_consumption": 904,
            "total_floor_consumption": 4368
        },
        {
            "floor": "Lab 2",
            "fan_consumption": 808,
            "light_consumption": 880,
            "total_floor_consumption": 4118
        }
    ],
    "shared_equipment": {
        "computer_consumption": 411,
        "projector_consumption": 526
    },
    "occupancy_level": 68,
    "temperature": 26,
    "time_of_day": "Morning",
    "day_of_week": "Thursday",
    "holiday": false,
    "total_consumption": 14937,
    "peak_load": 15368,
    "break_time_consumption": 14937
}