{
    "timestamp": "2020-01-02T00:00:00",
    "floor_data": [
        {
            "floor": "Classroom 1",
            "fan_consumption": 714,
            "light_consumption": 708,
            "total_floor_consumption": 1966
        },
        {
            "floor": "Classroom 2",
            "fan_consumption": 624,
            "light_consumption": 636,
            "total_floor_consumption": 1776
        },
        {
            "floor": "Workroom 1",
            "fan_consumption": 303,
            "light_consumption": 336,
            "total_floor_consumption": 849
        },
        {
            "floor": "Workroom 2",
            "fan_consumption": 354,
            "light_consumption": 348,
            "total_floor_consumption": 963
        },
        {
            "floor": "Lab 1",
            "fan_consumption": 800,
            "light_consumption": 912,
            "total_floor_consumption": 4172
        },
        {
            "floor": "Lab 2",
            "fan_consumption": 816,
            "light_consumption": 904,
            "total_floor_consumption": 3880
        }
    ],
    "shared_equipment": {
        "computer_consumption": 335,
        "projector_consumption": 546
    },
    "occupancy_level": 70,
    "temperature": 19,
    "time_of_day": "Morning",
    "day_of_week": "Thursday",
    "holiday": false,
    "total_consumption": 14487,
    "peak_load": 14860,
    "break_time_consumption": 14487
}