{
    "timestamp": "2020-03-14T00:00:00",
    "floor_data": [
        {
            "floor": "Classroom 1",
            "fan_consumption": 618,
            "light_consumption": 600,
            "total_floor_consumption": 1725
        },
        {
            "floor": "Classroom 2",
            "fan_consumption": 678,
            "light_consumption": 684,
            "total_floor_consumption": 1923
        },
        {
            "floor": "Workroom 1",
            "fan_consumption": 354,
            "light_consumption": 303,
            "total_floor_consumption": 948
        },
        {
            "floor": "Workroom 2",
            "fan_consumption": 303,
            "light_consumption": 330,
            "total_floor_consumption": 870
        },
        {
            "floor": "Lab 1",
            "fan_consumption": 848,
            "light_consumption": 856,
            "total_floor_consumption": 4404
        },
        {
            "floor": "Lab 2",
            "fan_consumption": 912,
            "light_consumption": 880,
            "total_floor_consumption": 4012
        }
    ],
    "shared_equipment": {
        "computer_consumption": 438,
        "projector_consumption": 536
    },
    "occupancy_level": 90,
    "temperature": 21,
    "time_of_day": "Morning",
    "day_of_week": "Saturday",
    "holiday": true,
    "total_consumption": 14856,
    "peak_load": 15236,
    "break_time_consumption": 14856
}