{
    "timestamp": "2020-08-16T00:00:00",
    "floor_data": [
        {
            "floor": "Classroom 1",
            "fan_consumption": 618,
            "light_consumption": 714,
            "total_floor_consumption": 1912
        },
        {
            "floor": "Classroom 2",
            "fan_consumption": 684,
            "light_consumption": 648,
            "total_floor_consumption": 1920
        },
        {
            "floor": "Workroom 1",
            "fan_consumption": 333,
            "light_consumption": 339,
            "total_floor_consumption": 882
        },
        {
            "floor": "Workroom 2",
            "fan_consumption": 330,
            "light_consumption": 354,
            "total_floor_consumption": 930
        },
        {
            "floor": "Lab 1",
            "fan_consumption": 896,
            "light_consumption": 864,
            "total_floor_consumption": 4370
        },
        {
            "floor": "Lab 2",
            "fan_consumption": 888,
            "light_consumption": 840,
            "total_floor_consumption": 3918
        }
    ],
    "shared_equipment": {
        "computer_consumption": 494,
        "projector_consumption": 526
    },
    "occupancy_level": 89,
    "temperature": 26,
    "time_of_day": "Morning",
    "day_of_week": "Sunday",
    "holiday": true,
    "total_consumption": 14952,
    "peak_load": 15203,
    "break_time_consumption": 14952
}