{
    "timestamp": "2020-06-14T00:00:00",
    "floor_data": [
        {
            "floor": "Classroom 1",
            "fan_consumption": 642,
            "light_consumption": 708,
            "total_floor_consumption": 1933
        },
        {
            "floor": "Classroom 2",
            "fan_consumption": 702,
            "light_consumption": 672,
            "total_floor_consumption": 1959
        },
        {
            "floor": "Workroom 1",
            "fan_consumption": 360,
            "light_consumption": 300,
            "total_floor_consumption": 873
        },
        {
            "floor": "Workroom 2",
            "fan_consumption": 327,
            "light_consumption": 300,
            "total_floor_consumption": 906
        },
        {
            "floor": "Lab 1",
            "fan_consumption": 904,
            "light_consumption": 800,
            "total_floor_consumption": 4434
        },
        {
            "floor": "Lab 2",
            "fan_consumption": 920,
            "light_consumption": 936,
            "total_floor_consumption": 3956
        }
    ],
    "shared_equipment": {
        "computer_consumption": 493,
        "projector_consumption": 562
    },
    "occupancy_level": 81,
    "temperature": 24,
    "time_of_day": "Morning",
    "day_of_week": "Sunday",
    "holiday": true,
    "total_consumption": 15116,
    "peak_load": 15571,
    "break_time_consumption": 15116
}