{
    "timestamp": "2020-10-20T00:00:00",
    "floor_data": [
        {
            "floor": "Classroom 1",
            "fan_consumption": 660,
            "light_consumption": 684,
            "total_floor_consumption": 1846
        },
        {
            "floor": "Classroom 2",
            "fan_consumption": 684,
            "light_consumption": 642,
            "total_floor_consumption": 1836
        },
        {
            "floor": "Workroom 1",
            "fan_consumption": 306,
            "light_consumption": 339,
            "total_floor_consumption": 939
        },
        {
            "floor": "Workroom 2",
            "fan_consumption": 339,
            "light_consumption": 354,
            "total_floor_consumption": 954
        },
        {
            "floor": "Lab 1",
            "fan_consumption": 848,
            "light_consumption": 960,
            "total_floor_consumption": 4538
        },
        {
            "floor": "Lab 2",
            "fan_consumption": 912,
            "light_consumption": 896,
            "total_floor_consumption": 4508
        }
    ],
    "shared_equipment": {
        "computer_consumption": 427,
        "projector_consumption": 593
    },
    "occupancy_level": 63,
    "temperature": 27,
    "time_of_day": "Morning",
    "day_of_week": "Tuesday",
    "holiday": false,
    "total_consumption": 15641,
    "peak_load": 15930,
    "break_time_consumption": 15641
}