{
    "timestamp": "2020-11-20T00:00:00",
    "floor_data": [
        {
            "floor": "Classroom 1",
            "fan_consumption": 684,
            "light_consumption": 612,
            "total_floor_consumption": 1883
        },
        {
            "floor": "Classroom 2",
            "fan_consumption": 630,
            "light_consumption": 618,
            "total_floor_consumption": 1835
        },
        {
            "floor": "Workroom 1",
            "fan_consumption": 315,
            "light_consumption": 324,
            "total_floor_consumption": 879
        },
        {
            "floor": "Workroom 2",
            "fan_consumption": 360,
            "light_consumption": 345,
            "total_floor_consumption": 981
        },
        {
            "floor": "Lab 1",
            "fan_consumption": 824,
            "light_consumption": 944,
            "total_floor_consumption": 4138
        },
        {
            "floor": "Lab 2",
            "fan_consumption": 944,
            "light_consumption": 880,
            "total_floor_consumption": 4464
        }
    ],
    "shared_equipment": {
        "computer_consumption": 472,
        "projector_consumption": 501
    },
    "occupancy_level": 62,
    "temperature": 27,
    "time_of_day": "Morning",
    "day_of_week": "Friday",
    "holiday": false,
    "total_consumption": 15153,
    "peak_load": 15469,
    "break_time_consumption": 15153
}