{
    "timestamp": "2020-08-24T00:00:00",
    "floor_data": [
        {
            "floor": "Classroom 1",
            "fan_consumption": 714,
            "light_consumption": 618,
            "total_floor_consumption": 1917
        },
        {
            "floor": "Classroom 2",
            "fan_consumption": 606,
            "light_consumption": 654,
            "total_floor_consumption": 1831
        },
        {
            "floor": "Workroom 1",
            "fan_consumption": 312,
            "light_consumption": 354,
            "total_floor_consumption": 957
        },
        {
            "floor": "Workroom 2",
            "fan_consumption": 333,
            "light_consumption": 351,
            "total_floor_consumption": 906
        },
        {
            "floor": "Lab 1",
            "fan_consumption": 920,
            "light_consumption": 952,
            "total_floor_consumption": 4692
        },
        {
            "floor": "Lab 2",
            "fan_consumption": 848,
            "light_consumption": 824,
            "total_floor_consumption": 4252
        }
    ],
    "shared_equipment": {
        "computer_consumption": 388,
        "projector_consumption": 581
    },
    "occupancy_level": 91,
    "temperature": 24,
    "time_of_day": "Morning",
    "day_of_week": "Monday",
    "holiday": false,
    "total_consumption": 15524,
    "peak_load": 15988,
    "break_time_consumption": 15524
}