{
    "timestamp": "2020-08-23T00:00:00",
    "floor_data": [
        {
            "floor": "Classroom 1",
            "fan_consumption": 714,
            "light_consumption": 648,
            "total_floor_consumption": 1927
        },
        {
            "floor": "Classroom 2",
            "fan_consumption": 678,
            "light_consumption": 678,
            "total_floor_consumption": 1921
        },
        {
            "floor": "Workroom 1",
            "fan_consumption": 309,
            "light_consumption": 318,
            "total_floor_consumption": 900
        },
        {
            "floor": "Workroom 2",
            "fan_consumption": 351,
            "light_consumption": 357,
            "total_floor_consumption": 951
        },
        {
            "floor": "Lab 1",
            "fan_consumption": 856,
            "light_consumption": 880,
            "total_floor_consumption": 4436
        },
        {
            "floor": "Lab 2",
            "fan_consumption": 904,
            "light_consumption": 928,
            "total_floor_consumption": 4352
        }
    ],
    "shared_equipment": {
        "computer_consumption": 379,
        "projector_consumption": 550
    },
    "occupancy_level": 64,
    "temperature": 25,
    "time_of_day": "Morning",
    "day_of_week": "Sunday",
    "holiday": true,
    "total_consumption": 15416,
    "peak_load": 15645,
    "break_time_consumption": 15416
}