{
    "timestamp": "2020-09-10T00:00:00",
    "floor_data": [
        {
            "floor": "Classroom 1",
            "fan_consumption": 666,
            "light_consumption": 624,
            "total_floor_consumption": 1825
        },
        {
            "floor": "Classroom 2",
            "fan_consumption": 618,
            "light_consumption": 600,
            "total_floor_consumption": 1757
        },
        {
            "floor": "Workroom 1",
            "fan_consumption": 312,
            "light_consumption": 354,
            "total_floor_consumption": 936
        },
        {
            "floor": "Workroom 2",
            "fan_consumption": 300,
            "light_consumption": 357,
            "total_floor_consumption": 954
        },
        {
            "floor": "Lab 1",
            "fan_consumption": 904,
            "light_consumption": 952,
            "total_floor_consumption": 4316
        },
        {
            "floor": "Lab 2",
            "fan_consumption": 912,
            "light_consumption": 816,
            "total_floor_consumption": 4608
        }
    ],
    "shared_equipment": {
        "computer_consumption": 446,
        "projector_consumption": 511
    },
    "occupancy_level": 70,
    "temperature": 23,
    "time_of_day": "Morning",
    "day_of_week": "Thursday",
    "holiday": false,
    "total_consumption": 15353,
    "peak_load": 15762,
    "break_time_consumption": 15353
}