{
    "timestamp": "2020-10-22T00:00:00",
    "floor_data": [
        {
            "floor": "Classroom 1",
            "fan_consumption": 690,
            "light_consumption": 714,
            "total_floor_consumption": 1920
        },
        {
            "floor": "Classroom 2",
            "fan_consumption": 630,
            "light_consumption": 606,
            "total_floor_consumption": 1831
        },
        {
            "floor": "Workroom 1",
            "fan_consumption": 357,
            "light_consumption": 333,
            "total_floor_consumption": 942
        },
        {
            "floor": "Workroom 2",
            "fan_consumption": 306,
            "light_consumption": 327,
            "total_floor_consumption": 867
        },
        {
            "floor": "Lab 1",
            "fan_consumption": 880,
            "light_consumption": 960,
            "total_floor_consumption": 4750
        },
        {
            "floor": "Lab 2",
            "fan_consumption": 960,
            "light_consumption": 800,
            "total_floor_consumption": 4730
        }
    ],
    "shared_equipment": {
        "computer_consumption": 381,
        "projector_consumption": 518
    },
    "occupancy_level": 72,
    "temperature": 28,
    "time_of_day": "Morning",
    "day_of_week": "Thursday",
    "holiday": false,
    "total_consumption": 15939,
    "peak_load": 16210,
    "break_time_consumption": 15939
}