{
    "timestamp": "2020-03-03T00:00:00",
    "floor_data": [
        {
            "floor": "Classroom 1",
            "fan_consumption": 606,
            "light_consumption": 678,
            "total_floor_consumption": 1789
        },
        {
            "floor": "Classroom 2",
            "fan_consumption": 702,
            "light_consumption": 624,
            "total_floor_consumption": 1922
        },
        {
            "floor": "Workroom 1",
            "fan_consumption": 321,
            "light_consumption": 321,
            "total_floor_consumption": 912
        },
        {
            "floor": "Workroom 2",
            "fan_consumption": 321,
            "light_consumption": 327,
            "total_floor_consumption": 909
        },
        {
            "floor": "Lab 1",
            "fan_consumption": 808,
            "light_consumption": 928,
            "total_floor_consumption": 3866
        },
        {
            "floor": "Lab 2",
            "fan_consumption": 960,
            "light_consumption": 832,
            "total_floor_consumption": 4132
        }
    ],
    "shared_equipment": {
        "computer_consumption": 384,
        "projector_consumption": 595
    },
    "occupancy_level": 72,
    "temperature": 24,
    "time_of_day": "Morning",
    "day_of_week": "Tuesday",
    "holiday": false,
    "total_consumption": 14509,
    "peak_load": 14865,
    "break_time_consumption": 14509
}