{
    "timestamp": "2020-06-04T00:00:00",
    "floor_data": [
        {
            "floor": "Classroom 1",
            "fan_consumption": 660,
            "light_consumption": 618,
            "total_floor_consumption": 1807
        },
        {
            "floor": "Classroom 2",
            "fan_consumption": 666,
            "light_consumption": 690,
            "total_floor_consumption": 1915
        },
        {
            "floor": "Workroom 1",
            "fan_consumption": 360,
            "light_consumption": 321,
            "total_floor_consumption": 924
        },
        {
            "floor": "Workroom 2",
            "fan_consumption": 339,
            "light_consumption": 306,
            "total_floor_consumption": 864
        },
        {
            "floor": "Lab 1",
            "fan_consumption": 952,
            "light_consumption": 920,
            "total_floor_consumption": 4332
        },
        {
            "floor": "Lab 2",
            "fan_consumption": 832,
            "light_consumption": 816,
            "total_floor_consumption": 3928
        }
    ],
    "shared_equipment": {
        "computer_consumption": 353,
        "projector_consumption": 576
    },
    "occupancy_level": 83,
    "temperature": 26,
    "time_of_day": "Morning",
    "day_of_week": "Thursday",
    "holiday": false,
    "total_consumption": 14699,
    "peak_load": 15113,
    "break_time_consumption": 14699
}