{
    "timestamp": "2020-02-22T00:00:00",
    "floor_data": [
        {
            "floor": "Classroom 1",
            "fan_consumption": 630,
            "light_consumption": 684,
            "total_floor_consumption": 1843
        },
        {
            "floor": "Classroom 2",
            "fan_consumption": 636,
            "light_consumption": 690,
            "total_floor_consumption": 1856
        },
        {
            "floor": "Workroom 1",
            "fan_consumption": 351,
            "light_consumption": 321,
            "total_floor_consumption": 933
        },
        {
            "floor": "Workroom 2",
            "fan_consumption": 333,
            "light_consumption": 312,
            "total_floor_consumption": 900
        },
        {
            "floor": "Lab 1",
            "fan_consumption": 944,
            "light_consumption": 928,
            "total_floor_consumption": 4542
        },
        {
            "floor": "Lab 2",
            "fan_consumption": 936,
            "light_consumption": 808,
            "total_floor_consumption": 4414
        }
    ],
    "shared_equipment": {
        "computer_consumption": 307,
        "projector_consumption": 545
    },
    "occupancy_level": 91,
    "temperature": 22,
    "time_of_day": "Morning",
    "day_of_week": "Saturday",
    "holiday": true,
    "total_consumption": 15340,
    "peak_load": 15696,
    "break_time_consumption": 15340
}