{
    "timestamp": "2020-01-21T00:00:00",
    "floor_data": [
        {
            "floor": "Classroom 1",
            "fan_consumption": 720,
            "light_consumption": 714,
            "total_floor_consumption": 1980
        },
        {
            "floor": "Classroom 2",
            "fan_consumption": 642,
            "light_consumption": 672,
            "total_floor_consumption": 1846
        },
        {
            "floor": "Workroom 1",
            "fan_consumption": 321,
            "light_consumption": 354,
            "total_floor_consumption": 957
        },
        {
            "floor": "Workroom 2",
            "fan_consumption": 312,
            "light_consumption": 312,
            "total_floor_consumption": 900
        },
        {
            "floor": "Lab 1",
            "fan_consumption": 912,
            "light_consumption": 944,
            "total_floor_consumption": 4586
        },
        {
            "floor": "Lab 2",
            "fan_consumption": 928,
            "light_consumption": 840,
            "total_floor_consumption": 4018
        }
    ],
    "shared_equipment": {
        "computer_consumption": 369,
        "projector_consumption": 544
    },
    "occupancy_level": 77,
    "temperature": 22,
    "time_of_day": "Morning",
    "day_of_week": "Tuesday",
    "holiday": false,
    "total_consumption": 15200,
    "peak_load": 15449,
    "break_time_consumption": 15200
}