{
    "timestamp": "2020-08-17T00:00:00",
    "floor_data": [
        {
            "floor": "Classroom 1",
            "fan_consumption": 618,
            "light_consumption": 606,
            "total_floor_consumption": 1809
        },
        {
            "floor": "Classroom 2",
            "fan_consumption": 684,
            "light_consumption": 660,
            "total_floor_consumption": 1898
        },
        {
            "floor": "Workroom 1",
            "fan_consumption": 315,
            "light_consumption": 360,
            "total_floor_consumption": 903
        },
        {
            "floor": "Workroom 2",
            "fan_consumption": 360,
            "light_consumption": 303,
            "total_floor_consumption": 951
        },
        {
            "floor": "Lab 1",
            "fan_consumption": 920,
            "light_consumption": 960,
            "total_floor_consumption": 4370
        },
        {
            "floor": "Lab 2",
            "fan_consumption": 808,
            "light_consumption": 912,
            "total_floor_consumption": 3910
        }
    ],
    "shared_equipment": {
        "computer_consumption": 312,
        "projector_consumption": 546
    },
    "occupancy_level": 96,
    "temperature": 25,
    "time_of_day": "Morning",
    "day_of_week": "Monday",
    "holiday": false,
    "total_consumption": 14699,
    "peak_load": 14916,
    "break_time_consumption": 14699
}