{
    "timestamp": "2020-01-03T00:00:00",
    "floor_data": [
        {
            "floor": "Classroom 1",
            "fan_consumption": 690,
            "light_consumption": 606,
            "total_floor_consumption": 1814
        },
        {
            "floor": "Classroom 2",
            "fan_consumption": 648,
            "light_consumption": 648,
            "total_floor_consumption": 1861
        },
        {
            "floor": "Workroom 1",
            "fan_consumption": 306,
            "light_consumption": 315,
            "total_floor_consumption": 855
        },
        {
            "floor": "Workroom 2",
            "fan_consumption": 327,
            "light_consumption": 342,
            "total_floor_consumption": 882
        },
        {
            "floor": "Lab 1",
            "fan_consumption": 832,
            "light_consumption": 960,
            "total_floor_consumption": 4132
        },
        {
            "floor": "Lab 2",
            "fan_consumption": 960,
            "light_consumption": 840,
            "total_floor_consumption": 4590
        }
    ],
    "shared_equipment": {
        "computer_consumption": 388,
        "projector_consumption": 536
    },
    "occupancy_level": 67,
    "temperature": 20,
    "time_of_day": "Morning",
    "day_of_week": "Friday",
    "holiday": false,
    "total_consumption": 15058,
    "peak_load": 15275,
    "break_time_consumption": 15058
}