{
    "timestamp": "2020-05-29T00:00:00",
    "floor_data": [
        {
            "floor": "Classroom 1",
            "fan_consumption": 690,
            "light_consumption": 660,
            "total_floor_consumption": 1916
        },
        {
            "floor": "Classroom 2",
            "fan_consumption": 642,
            "light_consumption": 660,
            "total_floor_consumption": 1876
        },
        {
            "floor": "Workroom 1",
            "fan_consumption": 312,
            "light_consumption": 333,
            "total_floor_consumption": 933
        },
        {
            "floor": "Workroom 2",
            "fan_consumption": 321,
            "light_consumption": 312,
            "total_floor_consumption": 897
        },
        {
            "floor": "Lab 1",
            "fan_consumption": 896,
            "light_consumption": 904,
            "total_floor_consumption": 4080
        },
        {
            "floor": "Lab 2",
            "fan_consumption": 912,
            "light_consumption": 880,
            "total_floor_consumption": 4132
        }
    ],
    "shared_equipment": {
        "computer_consumption": 422,
        "projector_consumption": 537
    },
    "occupancy_level": 88,
    "temperature": 28,
    "time_of_day": "Morning",
    "day_of_week": "Friday",
    "holiday": false,
    "total_consumption": 14793,
    "peak_load": 15027,
    "break_time_consumption": 14793
}