{
    "timestamp": "2020-02-01T00:00:00",
    "floor_data": [
        {
            "floor": "Classroom 1",
            "fan_consumption": 660,
            "light_consumption": 708,
            "total_floor_consumption": 1961
        },
        {
            "floor": "Classroom 2",
            "fan_consumption": 684,
            "light_consumption": 696,
            "total_floor_consumption": 1885
        },
        {
            "floor": "Workroom 1",
            "fan_consumption": 333,
            "light_consumption": 354,
            "total_floor_consumption": 951
        },
        {
            "floor": "Workroom 2",
            "fan_consumption": 303,
            "light_consumption": 360,
            "total_floor_consumption": 948
        },
        {
            "floor": "Lab 1",
            "fan_consumption": 808,
            "light_consumption": 864,
            "total_floor_consumption": 4192
        },
        {
            "floor": "Lab 2",
            "fan_consumption": 864,
            "light_consumption": 920,
            "total_floor_consumption": 4184
        }
    ],
    "shared_equipment": {
        "computer_consumption": 484,
        "projector_consumption": 558
    },
    "occupancy_level": 94,
    "temperature": 18,
    "time_of_day": "Morning",
    "day_of_week": "Saturday",
    "holiday": true,
    "total_consumption": 15163,
    "peak_load": 15455,
    "break_time_consumption": 15163
}