{
    "timestamp": "2020-12-04T00:00:00",
    "floor_data": [
        {
            "floor": "Classroom 1",
            "fan_consumption": 600,
            "light_consumption": 696,
            "total_floor_consumption": 1813
        },
        {
            "floor": "Classroom 2",
            "fan_consumption": 690,
            "light_consumption": 630,
            "total_floor_consumption": 1858
        },
        {
            "floor": "Workroom 1",
            "fan_consumption": 318,
            "light_consumption": 303,
            "total_floor_consumption": 870
        },
        {
            "floor": "Workroom 2",
            "fan_consumption": 312,
            "light_consumption": 357,
            "total_floor_consumption": 903
        },
        {
            "floor": "Lab 1",
            "fan_consumption": 936,
            "light_consumption": 872,
            "total_floor_consumption": 4628
        },
        {
            "floor": "Lab 2",
            "fan_consumption": 848,
            "light_consumption": 880,
            "total_floor_consumption": 4098
        }
    ],
    "shared_equipment": {
        "computer_consumption": 348,
        "projector_consumption": 568
    },
    "occupancy_level": 60,
    "temperature": 23,
    "time_of_day": "Morning",
    "day_of_week": "Friday",
    "holiday": false,
    "total_consumption": 15086,
    "peak_load": 15566,
    "break_time_consumption": 15086
}