{
    "timestamp": "2020-07-13T00:00:00",
    "floor_data": [
        {
            "floor": "Classroom 1",
            "fan_consumption": 696,
            "light_consumption": 624,
            "total_floor_consumption": 1913
        },
        {
            "floor": "Classroom 2",
            "fan_consumption": 618,
            "light_consumption": 702,
            "total_floor_consumption": 1822
        },
        {
            "floor": "Workroom 1",
            "fan_consumption": 336,
            "light_consumption": 336,
            "total_floor_consumption": 951
        },
        {
            "floor": "Workroom 2",
            "fan_consumption": 357,
            "light_consumption": 309,
            "total_floor_consumption": 906
        },
        {
            "floor": "Lab 1",
            "fan_consumption": 864,
            "light_consumption": 800,
            "total_floor_consumption": 4334
        },
        {
            "floor": "Lab 2",
            "fan_consumption": 936,
            "light_consumption": 920,
            "total_floor_consumption": 4226
        }
    ],
    "shared_equipment": {
        "computer_consumption": 432,
        "projector_consumption": 530
    },
    "occupancy_level": 73,
    "temperature": 27,
    "time_of_day": "Morning",
    "day_of_week": "Monday",
    "holiday": false,
    "total_consumption": 15114,
    "peak_load": 15587,
    "break_time_consumption": 15114
}