{
    "timestamp": "2020-12-11T00:00:00",
    "floor_data": [
        {
            "floor": "Classroom 1",
            "fan_consumption": 702,
            "light_consumption": 714,
            "total_floor_consumption": 1937
        },
        {
            "floor": "Classroom 2",
            "fan_consumption": 618,
            "light_consumption": 648,
            "total_floor_consumption": 1841
        },
        {
            "floor": "Workroom 1",
            "fan_consumption": 300,
            "light_consumption": 342,
            "total_floor_consumption": 921
        },
        {
            "floor": "Workroom 2",
            "fan_consumption": 315,
            "light_consumption": 315,
            "total_floor_consumption": 897
        },
        {
            "floor": "Lab 1",
            "fan_consumption": 840,
            "light_consumption": 864,
            "total_floor_consumption": 4014
        },
        {
            "floor": "Lab 2",
            "fan_consumption": 848,
            "light_consumption": 920,
            "total_floor_consumption": 4318
        }
    ],
    "shared_equipment": {
        "computer_consumption": 402,
        "projector_consumption": 531
    },
    "occupancy_level": 60,
    "temperature": 21,
    "time_of_day": "Morning",
    "day_of_week": "Friday",
    "holiday": false,
    "total_consumption": 14861,
    "peak_load": 15223,
    "break_time_consumption": 14861
}