{
    "timestamp": "2020-10-11T00:00:00",
    "floor_data": [
        {
            "floor": "Classroom 1",
            "fan_consumption": 720,
            "light_consumption": 714,
            "total_floor_consumption": 2025
        },
        {
            "floor": "Classroom 2",
            "fan_consumption": 636,
            "light_consumption": 660,
            "total_floor_consumption": 1830
        },
        {
            "floor": "Workroom 1",
            "fan_consumption": 360,
            "light_consumption": 327,
            "total_floor_consumption": 903
        },
        {
            "floor": "Workroom 2",
            "fan_consumption": 324,
            "light_consumption": 303,
            "total_floor_consumption": 840
        },
        {
            "floor": "Lab 1",
            "fan_consumption": 832,
            "light_consumption": 848,
            "total_floor_consumption": 4350
        },
        {
            "floor": "Lab 2",
            "fan_consumption": 848,
            "light_consumption": 840,
            "total_floor_consumption": 4628
        }
    ],
    "shared_equipment": {
        "computer_consumption": 445,
        "projector_consumption": 570
    },
    "occupancy_level": 66,
    "temperature": 28,
    "time_of_day": "Morning",
    "day_of_week": "Sunday",
    "holiday": true,
    "total_consumption": 15591,
    "peak_load": 15933,
    "break_time_consumption": 15591
}