{
    "timestamp": "2020-03-13T00:00:00",
    "floor_data": [
        {
            "floor": "Classroom 1",
            "fan_consumption": 630,
            "light_consumption": 720,
            "total_floor_consumption": 1863
        },
        {
            "floor": "Classroom 2",
            "fan_consumption": 642,
            "light_consumption": 672,
            "total_floor_consumption": 1863
        },
        {
            "floor": "Workroom 1",
            "fan_consumption": 306,
            "light_consumption": 300,
            "total_floor_consumption": 870
        },
        {
            "floor": "Workroom 2",
            "fan_consumption": 339,
            "light_consumption": 312,
            "total_floor_consumption": 891
        },
        {
            "floor": "Lab 1",
            "fan_consumption": 864,
            "light_consumption": 928,
            "total_floor_consumption": 4612
        },
        {
            "floor": "Lab 2",
            "fan_consumption": 816,
            "light_consumption": 936,
            "total_floor_consumption": 4122
        }
    ],
    "shared_equipment": {
        "computer_consumption": 364,
        "projector_consumption": 545
    },
    "occupancy_level": 66,
    "temperature": 26,
    "time_of_day": "Morning",
    "day_of_week": "Friday",
    "holiday": false,
    "total_consumption": 15130,
    "peak_load": 15578,
    "break_time_consumption": 15130
}