{
    "timestamp": "2020-07-11T00:00:00",
    "floor_data": [
        {
            "floor": "Classroom 1",
            "fan_consumption": 648,
            "light_consumption": 624,
            "total_floor_consumption": 1812
        },
        {
            "floor": "Classroom 2",
            "fan_consumption": 654,
            "light_consumption": 702,
            "total_floor_consumption": 1860
        },
        {
            "floor": "Workroom 1",
            "fan_consumption": 312,
            "light_consumption": 327,
            "total_floor_consumption": 933
        },
        {
            "floor": "Workroom 2",
            "fan_consumption": 360,
            "light_consumption": 336,
            "total_floor_consumption": 933
        },
        {
            "floor": "Lab 1",
            "fan_consumption": 944,
            "light_consumption": 944,
            "total_floor_consumption": 4648
        },
        {
            "floor": "Lab 2",
            "fan_consumption": 896,
            "light_consumption": 904,
            "total_floor_consumption": 3960
        }
    ],
    "shared_equipment": {
        "computer_consumption": 496,
        "projector_consumption": 596
    },
    "occupancy_level": 67,
    "temperature": 22,
    "time_of_day": "Morning",
    "day_of_week": "Saturday",
    "holiday": true,
    "total_consumption": 15238,
    "peak_load": 15551,
    "break_time_consumption": 15238
}