{
    "timestamp": "2020-04-11T00:00:00",
    "floor_data": [
        {
            "floor": "Classroom 1",
            "fan_consumption": 612,
            "light_consumption": 672,
            "total_floor_consumption": 1868
        },
        {
            "floor": "Classroom 2",
            "fan_consumption": 684,
            "light_consumption": 702,
            "total_floor_consumption": 1917
        },
        {
            "floor": "Workroom 1",
            "fan_consumption": 354,
            "light_consumption": 312,
            "total_floor_consumption": 903
        },
        {
            "floor": "Workroom 2",
            "fan_consumption": 309,
            "light_consumption": 318,
            "total_floor_consumption": 885
        },
        {
            "floor": "Lab 1",
            "fan_consumption": 864,
            "light_consumption": 824,
            "total_floor_consumption": 4688
        },
        {
            "floor": "Lab 2",
            "fan_consumption": 848,
            "light_consumption": 800,
            "total_floor_consumption": 4288
        }
    ],
    "shared_equipment": {
        "computer_consumption": 464,
        "projector_consumption": 590
    },
    "occupancy_level": 84,
    "temperature": 25,
    "time_of_day": "Morning",
    "day_of_week": "Saturday",
    "holiday": true,
    "total_consumption": 15603,
    "peak_load": 15837,
    "break_time_consumption": 15603
}