{
    "timestamp": "2020-10-03T00:00:00",
    "floor_data": [
        {
            "floor": "Classroom 1",
            "fan_consumption": 624,
            "light_consumption": 600,
            "total_floor_consumption": 1771
        },
        {
            "floor": "Classroom 2",
            "fan_consumption": 606,
            "light_consumption": 618,
            "total_floor_consumption": 1769
        },
        {
            "floor": "Workroom 1",
            "fan_consumption": 318,
            "light_consumption": 345,
            "total_floor_consumption": 945
        },
        {
            "floor": "Workroom 2",
            "fan_consumption": 324,
            "light_consumption": 318,
            "total_floor_consumption": 939
        },
        {
            "floor": "Lab 1",
            "fan_consumption": 824,
            "light_consumption": 840,
            "total_floor_consumption": 4514
        },
        {
            "floor": "Lab 2",
            "fan_consumption": 944,
            "light_consumption": 952,
            "total_floor_consumption": 4326
        }
    ],
    "shared_equipment": {
        "computer_consumption": 439,
        "projector_consumption": 591
    },
    "occupancy_level": 76,
    "temperature": 28,
    "time_of_day": "Morning",
    "day_of_week": "Saturday",
    "holiday": true,
    "total_consumption": 15294,
    "peak_load": 15648,
    "break_time_consumption": 15294
}