{
    "timestamp": "2020-08-02T00:00:00",
    "floor_data": [
        {
            "floor": "Classroom 1",
            "fan_consumption": 624,
            "light_consumption": 702,
            "total_floor_consumption": 1868
        },
        {
            "floor": "Classroom 2",
            "fan_consumption": 708,
            "light_consumption": 708,
            "total_floor_consumption": 1939
        },
        {
            "floor": "Workroom 1",
            "fan_consumption": 309,
            "light_consumption": 360,
            "total_floor_consumption": 924
        },
        {
            "floor": "Workroom 2",
            "fan_consumption": 348,
            "light_consumption": 336,
            "total_floor_consumption": 915
        },
        {
            "floor": "Lab 1",
            "fan_consumption": 824,
            "light_consumption": 936,
            "total_floor_consumption": 4700
        },
        {
            "floor": "Lab 2",
            "fan_consumption": 896,
            "light_consumption": 872,
            "total_floor_consumption": 4138
        }
    ],
    "shared_equipment": {
        "computer_consumption": 322,
        "projector_consumption": 565
    },
    "occupancy_level": 72,
    "temperature": 23,
    "time_of_day": "Morning",
    "day_of_week": "Sunday",
    "holiday": true,
    "total_consumption": 15371,
    "peak_load": 15659,
    "break_time_consumption": 15371
}