{
    "timestamp": "2020-02-13T00:00:00",
    "floor_data": [
        {
            "floor": "Classroom 1",
            "fan_consumption": 648,
            "light_consumption": 672,
            "total_floor_consumption": 1887
        },
        {
            "floor": "Classroom 2",
            "fan_consumption": 624,
            "light_consumption": 672,
            "total_floor_consumption": 1809
        },
        {
            "floor": "Workroom 1",
            "fan_consumption": 348,
            "light_consumption": 315,
            "total_floor_consumption": 960
        },
        {
            "floor": "Workroom 2",
            "fan_consumption": 309,
            "light_consumption": 315,
            "total_floor_consumption": 846
        },
        {
            "floor": "Lab 1",
            "fan_consumption": 936,
            "light_consumption": 832,
            "total_floor_consumption": 4318
        },
        {
            "floor": "Lab 2",
            "fan_consumption": 800,
            "light_consumption": 840,
            "total_floor_consumption": 3740
        }
    ],
    "shared_equipment": {
        "computer_consumption": 340,
        "projector_consumption": 596
    },
    "occupancy_level": 79,
    "temperature": 27,
    "time_of_day": "Morning",
    "day_of_week": "Thursday",
    "holiday": false,
    "total_consumption": 14496,
    "peak_load": 14964,
    "break_time_consumption": 14496
}