{
    "timestamp": "2020-02-20T00:00:00",
    "floor_data": [
        {
            "floor": "Classroom 1",
            "fan_consumption": 606,
            "light_consumption": 666,
            "total_floor_consumption": 1776
        },
        {
            "floor": "Classroom 2",
            "fan_consumption": 696,
            "light_consumption": 642,
            "total_floor_consumption": 1846
        },
        {
            "floor": "Workroom 1",
            "fan_consumption": 309,
            "light_consumption": 339,
            "total_floor_consumption": 948
        },
        {
            "floor": "Workroom 2",
            "fan_consumption": 333,
            "light_consumption": 312,
            "total_floor_consumption": 891
        },
        {
            "floor": "Lab 1",
            "fan_consumption": 800,
            "light_consumption": 888,
            "total_floor_consumption": 4388
        },
        {
            "floor": "Lab 2",
            "fan_consumption": 824,
            "light_consumption": 848,
            "total_floor_consumption": 4162
        }
    ],
    "shared_equipment": {
        "computer_consumption": 406,
        "projector_consumption": 523
    },
    "occupancy_level": 97,
    "temperature": 27,
    "time_of_day": "Morning",
    "day_of_week": "Thursday",
    "holiday": false,
    "total_consumption": 14940,
    "peak_load": 15364,
    "break_time_consumption": 14940
}