{
    "timestamp": "2020-11-01T00:00:00",
    "floor_data": [
        {
            "floor": "Classroom 1",
            "fan_consumption": 648,
            "light_consumption": 702,
            "total_floor_consumption": 1910
        },
        {
            "floor": "Classroom 2",
            "fan_consumption": 630,
            "light_consumption": 714,
            "total_floor_consumption": 1867
        },
        {
            "floor": "Workroom 1",
            "fan_consumption": 357,
            "light_consumption": 306,
            "total_floor_consumption": 939
        },
        {
            "floor": "Workroom 2",
            "fan_consumption": 318,
            "light_consumption": 351,
            "total_floor_consumption": 882
        },
        {
            "floor": "Lab 1",
            "fan_consumption": 856,
            "light_consumption": 840,
            "total_floor_consumption": 4276
        },
        {
            "floor": "Lab 2",
            "fan_consumption": 936,
            "light_consumption": 912,
            "total_floor_consumption": 4848
        }
    ],
    "shared_equipment": {
        "computer_consumption": 388,
        "projector_consumption": 579
    },
    "occupancy_level": 87,
    "temperature": 28,
    "time_of_day": "Morning",
    "day_of_week": "Sunday",
    "holiday": true,
    "total_consumption": 15689,
    "peak_load": 16017,
    "break_time_consumption": 15689
}