{
    "timestamp": "2020-04-22T00:00:00",
    "floor_data": [
        {
            "floor": "Classroom 1",
            "fan_consumption": 702,
            "light_consumption": 666,
            "total_floor_consumption": 1887
        },
        {
            "floor": "Classroom 2",
            "fan_consumption": 624,
            "light_consumption": 708,
            "total_floor_consumption": 1857
        },
        {
            "floor": "Workroom 1",
            "fan_consumption": 339,
            "light_consumption": 348,
            "total_floor_consumption": 978
        },
        {
            "floor": "Workroom 2",
            "fan_consumption": 312,
            "light_consumption": 303,
            "total_floor_consumption": 828
        },
        {
            "floor": "Lab 1",
            "fan_consumption": 880,
            "light_consumption": 832,
            "total_floor_consumption": 4202
        },
        {
            "floor": "Lab 2",
            "fan_consumption": 880,
            "light_consumption": 840,
            "total_floor_consumption": 4390
        }
    ],
    "shared_equipment": {
        "computer_consumption": 498,
        "projector_consumption": 586
    },
    "occupancy_level": 65,
    "temperature": 20,
    "time_of_day": "Morning",
    "day_of_week": "Wednesday",
    "holiday": false,
    "total_consumption": 15226,
    "peak_load": 15702,
    "break_time_consumption": 15226
}