{
    "timestamp": "2020-03-31T00:00:00",
    "floor_data": [
        {
            "floor": "Classroom 1",
            "fan_consumption": 654,
            "light_consumption": 690,
            "total_floor_consumption": 1879
        },
        {
            "floor": "Classroom 2",
            "fan_consumption": 714,
            "light_consumption": 630,
            "total_floor_consumption": 1855
        },
        {
            "floor": "Workroom 1",
            "fan_consumption": 354,
            "light_consumption": 321,
            "total_floor_consumption": 963
        },
        {
            "floor": "Workroom 2",
            "fan_consumption": 315,
            "light_consumption": 351,
            "total_floor_consumption": 960
        },
        {
            "floor": "Lab 1",
            "fan_consumption": 888,
            "light_consumption": 800,
            "total_floor_consumption": 4178
        },
        {
            "floor": "Lab 2",
            "fan_consumption": 904,
            "light_consumption": 936,
            "total_floor_consumption": 4330
        }
    ],
    "shared_equipment": {
        "computer_consumption": 303,
        "projector_consumption": 585
    },
    "occupancy_level": 91,
    "temperature": 21,
    "time_of_day": "Morning",
    "day_of_week": "Tuesday",
    "holiday": false,
    "total_consumption": 15053,
    "peak_load": 15382,
    "break_time_consumption": 15053
}