{
    "timestamp": "2020-05-04T00:00:00",
    "floor_data": [
        {
            "floor": "Classroom 1",
            "fan_consumption": 648,
            "light_consumption": 666,
            "total_floor_consumption": 1865
        },
        {
            "floor": "Classroom 2",
            "fan_consumption": 654,
            "light_consumption": 678,
            "total_floor_consumption": 1915
        },
        {
            "floor": "Workroom 1",
            "fan_consumption": 351,
            "light_consumption": 309,
            "total_floor_consumption": 900
        },
        {
            "floor": "Workroom 2",
            "fan_consumption": 360,
            "light_consumption": 345,
            "total_floor_consumption": 1002
        },
        {
            "floor": "Lab 1",
            "fan_consumption": 816,
            "light_consumption": 856,
            "total_floor_consumption": 4252
        },
        {
            "floor": "Lab 2",
            "fan_consumption": 872,
            "light_consumption": 856,
            "total_floor_consumption": 4728
        }
    ],
    "shared_equipment": {
        "computer_consumption": 351,
        "projector_consumption": 519
    },
    "occupancy_level": 74,
    "temperature": 26,
    "time_of_day": "Morning",
    "day_of_week": "Monday",
    "holiday": false,
    "total_consumption": 15532,
    "peak_load": 15875,
    "break_time_consumption": 15532
}