{
    "timestamp": "2020-09-20T00:00:00",
    "floor_data": [
        {
            "floor": "Classroom 1",
            "fan_consumption": 648,
            "light_consumption": 678,
            "total_floor_consumption": 1847
        },
        {
            "floor": "Classroom 2",
            "fan_consumption": 702,
            "light_consumption": 630,
            "total_floor_consumption": 1840
        },
        {
            "floor": "Workroom 1",
            "fan_consumption": 315,
            "light_consumption": 336,
            "total_floor_consumption": 918
        },
        {
            "floor": "Workroom 2",
            "fan_consumption": 315,
            "light_consumption": 333,
            "total_floor_consumption": 879
        },
        {
            "floor": "Lab 1",
            "fan_consumption": 816,
            "light_consumption": 944,
            "total_floor_consumption": 4280
        },
        {
            "floor": "Lab 2",
            "fan_consumption": 808,
            "light_consumption": 888,
            "total_floor_consumption": 4306
        }
    ],
    "shared_equipment": {
        "computer_consumption": 308,
        "projector_consumption": 585
    },
    "occupancy_level": 93,
    "temperature": 25,
    "time_of_day": "Morning",
    "day_of_week": "Sunday",
    "holiday": true,
    "total_consumption": 14963,
    "peak_load": 15352,
    "break_time_consumption": 14963
}