{
    "timestamp": "2020-08-06T00:00:00",
    "floor_data": [
        {
            "floor": "Classroom 1",
            "fan_consumption": 708,
            "light_consumption": 600,
            "total_floor_consumption": 1859
        },
        {
            "floor": "Classroom 2",
            "fan_consumption": 600,
            "light_consumption": 678,
            "total_floor_consumption": 1815
        },
        {
            "floor": "Workroom 1",
            "fan_consumption": 339,
            "light_consumption": 339,
            "total_floor_consumption": 894
        },
        {
            "floor": "Workroom 2",
            "fan_consumption": 315,
            "light_consumption": 309,
            "total_floor_consumption": 846
        },
        {
            "floor": "Lab 1",
            "fan_consumption": 960,
            "light_consumption": 944,
            "total_floor_consumption": 4364
        },
        {
            "floor": "Lab 2",
            "fan_consumption": 848,
            "light_consumption": 952,
            "total_floor_consumption": 4440
        }
    ],
    "shared_equipment": {
        "computer_consumption": 435,
        "projector_consumption": 538
    },
    "occupancy_level": 64,
    "temperature": 18,
    "time_of_day": "Morning",
    "day_of_week": "Thursday",
    "holiday": false,
    "total_consumption": 15191,
    "peak_load": 15578,
    "break_time_consumption": 15191
}