{
    "timestamp": "2020-05-12T00:00:00",
    "floor_data": [
        {
            "floor": "Classroom 1",
            "fan_consumption": 720,
            "light_consumption": 708,
            "total_floor_consumption": 2003
        },
        {
            "floor": "Classroom 2",
            "fan_consumption": 618,
            "light_consumption": 696,
            "total_floor_consumption": 1831
        },
        {
            "floor": "Workroom 1",
            "fan_consumption": 321,
            "light_consumption": 333,
            "total_floor_consumption": 864
        },
        {
            "floor": "Workroom 2",
            "fan_consumption": 339,
            "light_consumption": 303,
            "total_floor_consumption": 930
        },
        {
            "floor": "Lab 1",
            "fan_consumption": 880,
            "light_consumption": 848,
            "total_floor_consumption": 4248
        },
        {
            "floor": "Lab 2",
            "fan_consumption": 936,
            "light_consumption": 872,
            "total_floor_consumption": 4598
        }
    ],
    "shared_equipment": {
        "computer_consumption": 498,
        "projector_consumption": 577
    },
    "occupancy_level": 92,
    "temperature": 20,
    "time_of_day": "Morning",
    "day_of_week": "Tuesday",
    "holiday": false,
    "total_consumption": 15549,
    "peak_load": 15808,
    "break_time_consumption": 15549
}