{
    "timestamp": "2020-06-09T00:00:00",
    "floor_data": [
        {
            "floor": "Classroom 1",
            "fan_consumption": 690,
            "light_consumption": 636,
            "total_floor_consumption": 1861
        },
        {
            "floor": "Classroom 2",
            "fan_consumption": 678,
            "light_consumption": 696,
            "total_floor_consumption": 1877
        },
        {
            "floor": "Workroom 1",
            "fan_consumption": 357,
            "light_consumption": 318,
            "total_floor_consumption": 939
        },
        {
            "floor": "Workroom 2",
            "fan_consumption": 354,
            "light_consumption": 300,
            "total_floor_consumption": 930
        },
        {
            "floor": "Lab 1",
            "fan_consumption": 888,
            "light_consumption": 944,
            "total_floor_consumption": 4382
        },
        {
            "floor": "Lab 2",
            "fan_consumption": 824,
            "light_consumption": 928,
            "total_floor_consumption": 4392
        }
    ],
    "shared_equipment": {
        "computer_consumption": 498,
        "projector_consumption": 586
    },
    "occupancy_level": 77,
    "temperature": 22,
    "time_of_day": "Morning",
    "day_of_week": "Tuesday",
    "holiday": false,
    "total_consumption": 15465,
    "peak_load": 15907,
    "break_time_consumption": 15465
}