{
    "timestamp": "2020-09-22T00:00:00",
    "floor_data": [
        {
            "floor": "Classroom 1",
            "fan_consumption": 660,
            "light_consumption": 618,
            "total_floor_consumption": 1844
        },
        {
            "floor": "Classroom 2",
            "fan_consumption": 696,
            "light_consumption": 672,
            "total_floor_consumption": 1947
        },
        {
            "floor": "Workroom 1",
            "fan_consumption": 300,
            "light_consumption": 333,
            "total_floor_consumption": 894
        },
        {
            "floor": "Workroom 2",
            "fan_consumption": 315,
            "light_consumption": 339,
            "total_floor_consumption": 948
        },
        {
            "floor": "Lab 1",
            "fan_consumption": 880,
            "light_consumption": 824,
            "total_floor_consumption": 4374
        },
        {
            "floor": "Lab 2",
            "fan_consumption": 920,
            "light_consumption": 816,
            "total_floor_consumption": 4736
        }
    ],
    "shared_equipment": {
        "computer_consumption": 344,
        "projector_consumption": 597
    },
    "occupancy_level": 66,
    "temperature": 19,
    "time_of_day": "Morning",
    "day_of_week": "Tuesday",
    "holiday": false,
    "total_consumption": 15684,
    "peak_load": 15939,
    "break_time_consumption": 15684
}