{
    "timestamp": "2020-06-12T00:00:00",
    "floor_data": [
        {
            "floor": "Classroom 1",
            "fan_consumption": 672,
            "light_consumption": 612,
            "total_floor_consumption": 1806
        },
        {
            "floor": "Classroom 2",
            "fan_consumption": 678,
            "light_consumption": 630,
            "total_floor_consumption": 1885
        },
        {
            "floor": "Workroom 1",
            "fan_consumption": 357,
            "light_consumption": 324,
            "total_floor_consumption": 912
        },
        {
            "floor": "Workroom 2",
            "fan_consumption": 318,
            "light_consumption": 342,
            "total_floor_consumption": 915
        },
        {
            "floor": "Lab 1",
            "fan_consumption": 944,
            "light_consumption": 880,
            "total_floor_consumption": 4314
        },
        {
            "floor": "Lab 2",
            "fan_consumption": 800,
            "light_consumption": 856,
            "total_floor_consumption": 4056
        }
    ],
    "shared_equipment": {
        "computer_consumption": 460,
        "projector_consumption": 567
    },
    "occupancy_level": 65,
    "temperature": 25,
    "time_of_day": "Morning",
    "day_of_week": "Friday",
    "holiday": false,
    "total_consumption": 14915,
    "peak_load": 15277,
    "break_time_consumption": 14915
}