{
    "timestamp": "2020-08-12T00:00:00",
    "floor_data": [
        {
            "floor": "Classroom 1",
            "fan_consumption": 666,
            "light_consumption": 666,
            "total_floor_consumption": 1856
        },
        {
            "floor": "Classroom 2",
            "fan_consumption": 654,
            "light_consumption": 666,
            "total_floor_consumption": 1865
        },
        {
            "floor": "Workroom 1",
            "fan_consumption": 348,
            "light_consumption": 336,
            "total_floor_consumption": 924
        },
        {
            "floor": "Workroom 2",
            "fan_consumption": 354,
            "light_consumption": 309,
            "total_floor_consumption": 945
        },
        {
            "floor": "Lab 1",
            "fan_consumption": 936,
            "light_consumption": 840,
            "total_floor_consumption": 4236
        },
        {
            "floor": "Lab 2",
            "fan_consumption": 808,
            "light_consumption": 848,
            "total_floor_consumption": 4146
        }
    ],
    "shared_equipment": {
        "computer_consumption": 362,
        "projector_consumption": 522
    },
    "occupancy_level": 76,
    "temperature": 20,
    "time_of_day": "Morning",
    "day_of_week": "Wednesday",
    "holiday": false,
    "total_consumption": 14856,
    "peak_load": 15220,
    "break_time_consumption": 14856
}