{
    "timestamp": "2020-10-15T00:00:00",
    "floor_data": [
        {
            "floor": "Classroom 1",
            "fan_consumption": 666,
            "light_consumption": 606,
            "total_floor_consumption": 1867
        },
        {
            "floor": "Classroom 2",
            "fan_consumption": 606,
            "light_consumption": 630,
            "total_floor_consumption": 1758
        },
        {
            "floor": "Workroom 1",
            "fan_consumption": 327,
            "light_consumption": 357,
            "total_floor_consumption": 981
        },
        {
            "floor": "Workroom 2",
            "fan_consumption": 336,
            "light_consumption": 306,
            "total_floor_consumption": 873
        },
        {
            "floor": "Lab 1",
            "fan_consumption": 936,
            "light_consumption": 952,
            "total_floor_consumption": 4408
        },
        {
            "floor": "Lab 2",
            "fan_consumption": 832,
            "light_consumption": 896,
            "total_floor_consumption": 4638
        }
    ],
    "shared_equipment": {
        "computer_consumption": 343,
        "projector_consumption": 582
    },
    "occupancy_level": 62,
    "temperature": 19,
    "time_of_day": "Morning",
    "day_of_week": "Thursday",
    "holiday": false,
    "total_consumption": 15450,
    "peak_load": 15872,
    "break_time_consumption": 15450
}