{
    "timestamp": "2020-06-18T00:00:00",
    "floor_data": [
        {
            "floor": "Classroom 1",
            "fan_consumption": 720,
            "light_consumption": 720,
            "total_floor_consumption": 2005
        },
        {
            "floor": "Classroom 2",
            "fan_consumption": 600,
            "light_consumption": 684,
            "total_floor_consumption": 1855
        },
        {
            "floor": "Workroom 1",
            "fan_consumption": 336,
            "light_consumption": 339,
            "total_floor_consumption": 924
        },
        {
            "floor": "Workroom 2",
            "fan_consumption": 330,
            "light_consumption": 336,
            "total_floor_consumption": 912
        },
        {
            "floor": "Lab 1",
            "fan_consumption": 896,
            "light_consumption": 832,
            "total_floor_consumption": 4368
        },
        {
            "floor": "Lab 2",
            "fan_consumption": 872,
            "light_consumption": 912,
            "total_floor_consumption": 4364
        }
    ],
    "shared_equipment": {
        "computer_consumption": 410,
        "projector_consumption": 532
    },
    "occupancy_level": 69,
    "temperature": 20,
    "time_of_day": "Morning",
    "day_of_week": "Thursday",
    "holiday": false,
    "total_consumption": 15370,
    "peak_load": 15733,
    "break_time_consumption": 15370
}