{
    "timestamp": "2020-06-30T00:00:00",
    "floor_data": [
        {
            "floor": "Classroom 1",
            "fan_consumption": 612,
            "light_consumption": 720,
            "total_floor_consumption": 1844
        },
        {
            "floor": "Classroom 2",
            "fan_consumption": 648,
            "light_consumption": 708,
            "total_floor_consumption": 1864
        },
        {
            "floor": "Workroom 1",
            "fan_consumption": 336,
            "light_consumption": 354,
            "total_floor_consumption": 900
        },
        {
            "floor": "Workroom 2",
            "fan_consumption": 309,
            "light_consumption": 348,
            "total_floor_consumption": 954
        },
        {
            "floor": "Lab 1",
            "fan_consumption": 848,
            "light_consumption": 880,
            "total_floor_consumption": 4398
        },
        {
            "floor": "Lab 2",
            "fan_consumption": 800,
            "light_consumption": 936,
            "total_floor_consumption": 4376
        }
    ],
    "shared_equipment": {
        "computer_consumption": 324,
        "projector_consumption": 528
    },
    "occupancy_level": 76,
    "temperature": 28,
    "time_of_day": "Morning",
    "day_of_week": "Tuesday",
    "holiday": false,
    "total_consumption": 15188,
    "peak_load": 15457,
    "break_time_consumption": 15188
}