{
    "timestamp": "2020-12-24T00:00:00",
    "floor_data": [
        {
            "floor": "Classroom 1",
            "fan_consumption": 636,
            "light_consumption": 666,
            "total_floor_consumption": 1900
        },
        {
            "floor": "Classroom 2",
            "fan_consumption": 600,
            "light_consumption": 642,
            "total_floor_consumption": 1829
        },
        {
            "floor": "Workroom 1",
            "fan_consumption": 360,
            "light_consumption": 342,
            "total_floor_consumption": 969
        },
        {
            "floor": "Workroom 2",
            "fan_consumption": 351,
            "light_consumption": 300,
            "total_floor_consumption": 927
        },
        {
            "floor": "Lab 1",
            "fan_consumption": 944,
            "light_consumption": 928,
            "total_floor_consumption": 4092
        },
        {
            "floor": "Lab 2",
            "fan_consumption": 944,
            "light_consumption": 904,
            "total_floor_consumption": 4638
        }
    ],
    "shared_equipment": {
        "computer_consumption": 354,
        "projector_consumption": 543
    },
    "occupancy_level": 97,
    "temperature": 23,
    "time_of_day": "Morning",
    "day_of_week": "Thursday",
    "holiday": false,
    "total_consumption": 15252,
    "peak_load": 15677,
    "break_time_consumption": 15252
}