{
    "timestamp": "2020-10-26T00:00:00",
    "floor_data": [
        {
            "floor": "Classroom 1",
            "fan_consumption": 684,
            "light_consumption": 648,
            "total_floor_consumption": 1911
        },
        {
            "floor": "Classroom 2",
            "fan_consumption": 600,
            "light_consumption": 720,
            "total_floor_consumption": 1885
        },
        {
            "floor": "Workroom 1",
            "fan_consumption": 345,
            "light_consumption": 336,
            "total_floor_consumption": 960
        },
        {
            "floor": "Workroom 2",
            "fan_consumption": 324,
            "light_consumption": 336,
            "total_floor_consumption": 930
        },
        {
            "floor": "Lab 1",
            "fan_consumption": 944,
            "light_consumption": 864,
            "total_floor_consumption": 4808
        },
        {
            "floor": "Lab 2",
            "fan_consumption": 800,
            "light_consumption": 800,
            "total_floor_consumption": 3880
        }
    ],
    "shared_equipment": {
        "computer_consumption": 398,
        "projector_consumption": 587
    },
    "occupancy_level": 87,
    "temperature": 28,
    "time_of_day": "Morning",
    "day_of_week": "Monday",
    "holiday": false,
    "total_consumption": 15359,
    "peak_load": 15805,
    "break_time_consumption": 15359
}