{
    "timestamp": "2020-04-10T00:00:00",
    "floor_data": [
        {
            "floor": "Classroom 1",
            "fan_consumption": 660,
            "light_consumption": 654,
            "total_floor_consumption": 1863
        },
        {
            "floor": "Classroom 2",
            "fan_consumption": 654,
            "light_consumption": 714,
            "total_floor_consumption": 1946
        },
        {
            "floor": "Workroom 1",
            "fan_consumption": 333,
            "light_consumption": 339,
            "total_floor_consumption": 957
        },
        {
            "floor": "Workroom 2",
            "fan_consumption": 360,
            "light_consumption": 324,
            "total_floor_consumption": 936
        },
        {
            "floor": "Lab 1",
            "fan_consumption": 800,
            "light_consumption": 960,
            "total_floor_consumption": 4730
        },
        {
            "floor": "Lab 2",
            "fan_consumption": 816,
            "light_consumption": 960,
            "total_floor_consumption": 4476
        }
    ],
    "shared_equipment": {
        "computer_consumption": 415,
        "projector_consumption": 535
    },
    "occupancy_level": 63,
    "temperature": 24,
    "time_of_day": "Morning",
    "day_of_week": "Friday",
    "holiday": false,
    "total_consumption": 15858,
    "peak_load": 16215,
    "break_time_consumption": 15858
}