{
    "timestamp": "2020-03-21T00:00:00",
    "floor_data": [
        {
            "floor": "Classroom 1",
            "fan_consumption": 642,
            "light_consumption": 720,
            "total_floor_consumption": 1889
        },
        {
            "floor": "Classroom 2",
            "fan_consumption": 624,
            "light_consumption": 648,
            "total_floor_consumption": 1839
        },
        {
            "floor": "Workroom 1",
            "fan_consumption": 348,
            "light_consumption": 348,
            "total_floor_consumption": 981
        },
        {
            "floor": "Workroom 2",
            "fan_consumption": 345,
            "light_consumption": 348,
            "total_floor_consumption": 960
        },
        {
            "floor": "Lab 1",
            "fan_consumption": 912,
            "light_consumption": 872,
            "total_floor_consumption": 4514
        },
        {
            "floor": "Lab 2",
            "fan_consumption": 800,
            "light_consumption": 944,
            "total_floor_consumption": 4354
        }
    ],
    "shared_equipment": {
        "computer_consumption": 331,
        "projector_consumption": 550
    },
    "occupancy_level": 75,
    "temperature": 26,
    "time_of_day": "Morning",
    "day_of_week": "Saturday",
    "holiday": true,
    "total_consumption": 15418,
    "peak_load": 15755,
    "break_time_consumption": 15418
}