{
    "timestamp": "2020-01-25T00:00:00",
    "floor_data": [
        {
            "floor": "Classroom 1",
            "fan_consumption": 684,
            "light_consumption": 600,
            "total_floor_consumption": 1850
        },
        {
            "floor": "Classroom 2",
            "fan_consumption": 630,
            "light_consumption": 630,
            "total_floor_consumption": 1822
        },
        {
            "floor": "Workroom 1",
            "fan_consumption": 333,
            "light_consumption": 321,
            "total_floor_consumption": 915
        },
        {
            "floor": "Workroom 2",
            "fan_consumption": 300,
            "light_consumption": 357,
            "total_floor_consumption": 882
        },
        {
            "floor": "Lab 1",
            "fan_consumption": 816,
            "light_consumption": 856,
            "total_floor_consumption": 4432
        },
        {
            "floor": "Lab 2",
            "fan_consumption": 800,
            "light_consumption": 864,
            "total_floor_consumption": 4394
        }
    ],
    "shared_equipment": {
        "computer_consumption": 343,
        "projector_consumption": 550
    },
    "occupancy_level": 83,
    "temperature": 23,
    "time_of_day": "Morning",
    "day_of_week": "Saturday",
    "holiday": true,
    "total_consumption": 15188,
    "peak_load": 15595,
    "break_time_consumption": 15188
}