{
    "timestamp": "2020-04-16T00:00:00",
    "floor_data": [
        {
            "floor": "Classroom 1",
            "fan_consumption": 624,
            "light_consumption": 702,
            "total_floor_consumption": 1894
        },
        {
            "floor": "Classroom 2",
            "fan_consumption": 654,
            "light_consumption": 708,
            "total_floor_consumption": 1960
        },
        {
            "floor": "Workroom 1",
            "fan_consumption": 306,
            "light_consumption": 321,
            "total_floor_consumption": 879
        },
        {
            "floor": "Workroom 2",
            "fan_consumption": 333,
            "light_consumption": 306,
            "total_floor_consumption": 885
        },
        {
            "floor": "Lab 1",
            "fan_consumption": 864,
            "light_consumption": 912,
            "total_floor_consumption": 4056
        },
        {
            "floor": "Lab 2",
            "fan_consumption": 920,
            "light_consumption": 824,
            "total_floor_consumption": 4624
        }
    ],
    "shared_equipment": {
        "computer_consumption": 444,
        "projector_consumption": 507
    },
    "occupancy_level": 87,
    "temperature": 21,
    "time_of_day": "Morning",
    "day_of_week": "Thursday",
    "holiday": false,
    "total_consumption": 15249,
    "peak_load": 15684,
    "break_time_consumption": 15249
}