{
    "timestamp": "2020-04-20T00:00:00",
    "floor_data": [
        {
            "floor": "Classroom 1",
            "fan_consumption": 630,
            "light_consumption": 690,
            "total_floor_consumption": 1907
        },
        {
            "floor": "Classroom 2",
            "fan_consumption": 702,
            "light_consumption": 720,
            "total_floor_consumption": 1969
        },
        {
            "floor": "Workroom 1",
            "fan_consumption": 360,
            "light_consumption": 345,
            "total_floor_consumption": 948
        },
        {
            "floor": "Workroom 2",
            "fan_consumption": 339,
            "light_consumption": 345,
            "total_floor_consumption": 933
        },
        {
            "floor": "Lab 1",
            "fan_consumption": 944,
            "light_consumption": 960,
            "total_floor_consumption": 4424
        },
        {
            "floor": "Lab 2",
            "fan_consumption": 832,
            "light_consumption": 936,
            "total_floor_consumption": 4468
        }
    ],
    "shared_equipment": {
        "computer_consumption": 401,
        "projector_consumption": 503
    },
    "occupancy_level": 96,
    "temperature": 22,
    "time_of_day": "Morning",
    "day_of_week": "Monday",
    "holiday": false,
    "total_consumption": 15553,
    "peak_load": 15838,
    "break_time_consumption": 15553
}