{
    "timestamp": "2020-08-21T00:00:00",
    "floor_data": [
        {
            "floor": "Classroom 1",
            "fan_consumption": 654,
            "light_consumption": 696,
            "total_floor_consumption": 1933
        },
        {
            "floor": "Classroom 2",
            "fan_consumption": 624,
            "light_consumption": 654,
            "total_floor_consumption": 1778
        },
        {
            "floor": "Workroom 1",
            "fan_consumption": 309,
            "light_consumption": 330,
            "total_floor_consumption": 927
        },
        {
            "floor": "Workroom 2",
            "fan_consumption": 345,
            "light_consumption": 336,
            "total_floor_consumption": 945
        },
        {
            "floor": "Lab 1",
            "fan_consumption": 912,
            "light_consumption": 808,
            "total_floor_consumption": 4660
        },
        {
            "floor": "Lab 2",
            "fan_consumption": 920,
            "light_consumption": 936,
            "total_floor_consumption": 4196
        }
    ],
    "shared_equipment": {
        "computer_consumption": 442,
        "projector_consumption": 543
    },
    "occupancy_level": 65,
    "temperature": 22,
    "time_of_day": "Morning",
    "day_of_week": "Friday",
    "holiday": false,
    "total_consumption": 15424,
    "peak_load": 15827,
    "break_time_consumption": 15424
}