{
    "timestamp": "2020-06-10T00:00:00",
    "floor_data": [
        {
            "floor": "Classroom 1",
            "fan_consumption": 708,
            "light_consumption": 654,
            "total_floor_consumption": 1895
        },
        {
            "floor": "Classroom 2",
            "fan_consumption": 696,
            "light_consumption": 624,
            "total_floor_consumption": 1902
        },
        {
            "floor": "Workroom 1",
            "fan_consumption": 357,
            "light_consumption": 333,
            "total_floor_consumption": 948
        },
        {
            "floor": "Workroom 2",
            "fan_consumption": 333,
            "light_consumption": 327,
            "total_floor_consumption": 918
        },
        {
            "floor": "Lab 1",
            "fan_consumption": 864,
            "light_consumption": 904,
            "total_floor_consumption": 4048
        },
        {
            "floor": "Lab 2",
            "fan_consumption": 816,
            "light_consumption": 960,
            "total_floor_consumption": 4506
        }
    ],
    "shared_equipment": {
        "computer_consumption": 393,
        "projector_consumption": 586
    },
    "occupancy_level": 69,
    "temperature": 23,
    "time_of_day": "Morning",
    "day_of_week": "Wednesday",
    "holiday": false,
    "total_consumption": 15196,
    "peak_load": 15580,
    "break_time_consumption": 15196
}