{
    "timestamp": "2020-05-21T00:00:00",
    "floor_data": [
        {
            "floor": "Classroom 1",
            "fan_consumption": 618,
            "light_consumption": 708,
            "total_floor_consumption": 1856
        },
        {
            "floor": "Classroom 2",
            "fan_consumption": 612,
            "light_consumption": 648,
            "total_floor_consumption": 1858
        },
        {
            "floor": "Workroom 1",
            "fan_consumption": 345,
            "light_consumption": 306,
            "total_floor_consumption": 885
        },
        {
            "floor": "Workroom 2",
            "fan_consumption": 336,
            "light_consumption": 330,
            "total_floor_consumption": 960
        },
        {
            "floor": "Lab 1",
            "fan_consumption": 840,
            "light_consumption": 928,
            "total_floor_consumption": 4198
        },
        {
            "floor": "Lab 2",
            "fan_consumption": 944,
            "light_consumption": 904,
            "total_floor_consumption": 3978
        }
    ],
    "shared_equipment": {
        "computer_consumption": 417,
        "projector_consumption": 532
    },
    "occupancy_level": 62,
    "temperature": 18,
    "time_of_day": "Morning",
    "day_of_week": "Thursday",
    "holiday": false,
    "total_consumption": 14684,
    "peak_load": 15056,
    "break_time_consumption": 14684
}