{
    "timestamp": "2020-02-23T00:00:00",
    "floor_data": [
        {
            "floor": "Classroom 1",
            "fan_consumption": 642,
            "light_consumption": 618,
            "total_floor_consumption": 1811
        },
        {
            "floor": "Classroom 2",
            "fan_consumption": 708,
            "light_consumption": 696,
            "total_floor_consumption": 1996
        },
        {
            "floor": "Workroom 1",
            "fan_consumption": 309,
            "light_consumption": 327,
            "total_floor_consumption": 921
        },
        {
            "floor": "Workroom 2",
            "fan_consumption": 312,
            "light_consumption": 351,
            "total_floor_consumption": 876
        },
        {
            "floor": "Lab 1",
            "fan_consumption": 840,
            "light_consumption": 960,
            "total_floor_consumption": 4500
        },
        {
            "floor": "Lab 2",
            "fan_consumption": 920,
            "light_consumption": 880,
            "total_floor_consumption": 4770
        }
    ],
    "shared_equipment": {
        "computer_consumption": 481,
        "projector_consumption": 529
    },
    "occupancy_level": 88,
    "temperature": 27,
    "time_of_day": "Morning",
    "day_of_week": "Sunday",
    "holiday": true,
    "total_consumption": 15884,
    "peak_load": 16223,
    "break_time_consumption": 15884
}