{
    "timestamp": "2020-06-13T00:00:00",
    "floor_data": [
        {
            "floor": "Classroom 1",
            "fan_consumption": 666,
            "light_consumption": 600,
            "total_floor_consumption": 1778
        },
        {
            "floor": "Classroom 2",
            "fan_consumption": 702,
            "light_consumption": 660,
            "total_floor_consumption": 1879
        },
        {
            "floor": "Workroom 1",
            "fan_consumption": 339,
            "light_consumption": 354,
            "total_floor_consumption": 975
        },
        {
            "floor": "Workroom 2",
            "fan_consumption": 333,
            "light_consumption": 342,
            "total_floor_consumption": 927
        },
        {
            "floor": "Lab 1",
            "fan_consumption": 808,
            "light_consumption": 888,
            "total_floor_consumption": 4306
        },
        {
            "floor": "Lab 2",
            "fan_consumption": 824,
            "light_consumption": 840,
            "total_floor_consumption": 3764
        }
    ],
    "shared_equipment": {
        "computer_consumption": 441,
        "projector_consumption": 586
    },
    "occupancy_level": 60,
    "temperature": 26,
    "time_of_day": "Morning",
    "day_of_week": "Saturday",
    "holiday": true,
    "total_consumption": 14656,
    "peak_load": 14915,
    "break_time_consumption": 14656
}