{
    "timestamp": "2020-03-25T00:00:00",
    "floor_data": [
        {
            "floor": "Classroom 1",
            "fan_consumption": 660,
            "light_consumption": 684,
            "total_floor_consumption": 1877
        },
        {
            "floor": "Classroom 2",
            "fan_consumption": 684,
            "light_consumption": 672,
            "total_floor_consumption": 1937
        },
        {
            "floor": "Workroom 1",
            "fan_consumption": 318,
            "light_consumption": 327,
            "total_floor_consumption": 879
        },
        {
            "floor": "Workroom 2",
            "fan_consumption": 360,
            "light_consumption": 327,
            "total_floor_consumption": 912
        },
        {
            "floor": "Lab 1",
            "fan_consumption": 944,
            "light_consumption": 920,
            "total_floor_consumption": 4204
        },
        {
            "floor": "Lab 2",
            "fan_consumption": 920,
            "light_consumption": 904,
            "total_floor_consumption": 4284
        }
    ],
    "shared_equipment": {
        "computer_consumption": 303,
        "projector_consumption": 504
    },
    "occupancy_level": 66,
    "temperature": 27,
    "time_of_day": "Morning",
    "day_of_week": "Wednesday",
    "holiday": false,
    "total_consumption": 14900,
    "peak_load": 15302,
    "break_time_consumption": 14900
}