{
    "timestamp": "2020-11-02T00:00:00",
    "floor_data": [
        {
            "floor": "Classroom 1",
            "fan_consumption": 630,
            "light_consumption": 678,
            "total_floor_consumption": 1816
        },
        {
            "floor": "Classroom 2",
            "fan_consumption": 678,
            "light_consumption": 648,
            "total_floor_consumption": 1921
        },
        {
            "floor": "Workroom 1",
            "fan_consumption": 309,
            "light_consumption": 336,
            "total_floor_consumption": 942
        },
        {
            "floor": "Workroom 2",
            "fan_consumption": 327,
            "light_consumption": 342,
            "total_floor_consumption": 882
        },
        {
            "floor": "Lab 1",
            "fan_consumption": 920,
            "light_consumption": 864,
            "total_floor_consumption": 4424
        },
        {
            "floor": "Lab 2",
            "fan_consumption": 816,
            "light_consumption": 952,
            "total_floor_consumption": 4288
        }
    ],
    "shared_equipment": {
        "computer_consumption": 425,
        "projector_consumption": 570
    },
    "occupancy_level": 63,
    "temperature": 28,
    "time_of_day": "Morning",
    "day_of_week": "Monday",
    "holiday": false,
    "total_consumption": 15268,
    "peak_load": 15580,
    "break_time_consumption": 15268
}