{
    "timestamp": "2020-09-02T00:00:00",
    "floor_data": [
        {
            "floor": "Classroom 1",
            "fan_consumption": 702,
            "light_consumption": 690,
            "total_floor_consumption": 1897
        },
        {
            "floor": "Classroom 2",
            "fan_consumption": 708,
            "light_consumption": 600,
            "total_floor_consumption": 1893
        },
        {
            "floor": "Workroom 1",
            "fan_consumption": 321,
            "light_consumption": 348,
            "total_floor_consumption": 921
        },
        {
            "floor": "Workroom 2",
            "fan_consumption": 324,
            "light_consumption": 354,
            "total_floor_consumption": 978
        },
        {
            "floor": "Lab 1",
            "fan_consumption": 808,
            "light_consumption": 800,
            "total_floor_consumption": 4128
        },
        {
            "floor": "Lab 2",
            "fan_consumption": 904,
            "light_consumption": 928,
            "total_floor_consumption": 4562
        }
    ],
    "shared_equipment": {
        "computer_consumption": 440,
        "projector_consumption": 597
    },
    "occupancy_level": 97,
    "temperature": 21,
    "time_of_day": "Morning",
    "day_of_week": "Wednesday",
    "holiday": false,
    "total_consumption": 15416,
    "peak_load": 15691,
    "break_time_consumption": 15416
}