{
    "timestamp": "2020-10-25T00:00:00",
    "floor_data": [
        {
            "floor": "Classroom 1",
            "fan_consumption": 684,
            "light_consumption": 600,
            "total_floor_consumption": 1810
        },
        {
            "floor": "Classroom 2",
            "fan_consumption": 612,
            "light_consumption": 600,
            "total_floor_consumption": 1736
        },
        {
            "floor": "Workroom 1",
            "fan_consumption": 357,
            "light_consumption": 336,
            "total_floor_consumption": 930
        },
        {
            "floor": "Workroom 2",
            "fan_consumption": 339,
            "light_consumption": 318,
            "total_floor_consumption": 906
        },
        {
            "floor": "Lab 1",
            "fan_consumption": 800,
            "light_consumption": 904,
            "total_floor_consumption": 4194
        },
        {
            "floor": "Lab 2",
            "fan_consumption": 912,
            "light_consumption": 944,
            "total_floor_consumption": 4856
        }
    ],
    "shared_equipment": {
        "computer_consumption": 418,
        "projector_consumption": 567
    },
    "occupancy_level": 87,
    "temperature": 26,
    "time_of_day": "Morning",
    "day_of_week": "Sunday",
    "holiday": true,
    "total_consumption": 15417,
    "peak_load": 15849,
    "break_time_consumption": 15417
}