{
    "timestamp": "2020-02-07T00:00:00",
    "floor_data": [
        {
            "floor": "Classroom 1",
            "fan_consumption": 696,
            "light_consumption": 684,
            "total_floor_consumption": 1959
        },
        {
            "floor": "Classroom 2",
            "fan_consumption": 684,
            "light_consumption": 600,
            "total_floor_consumption": 1883
        },
        {
            "floor": "Workroom 1",
            "fan_consumption": 300,
            "light_consumption": 321,
            "total_floor_consumption": 858
        },
        {
            "floor": "Workroom 2",
            "fan_consumption": 357,
            "light_consumption": 342,
            "total_floor_consumption": 987
        },
        {
            "floor": "Lab 1",
            "fan_consumption": 808,
            "light_consumption": 824,
            "total_floor_consumption": 4572
        },
        {
            "floor": "Lab 2",
            "fan_consumption": 816,
            "light_consumption": 920,
            "total_floor_consumption": 3986
        }
    ],
    "shared_equipment": {
        "computer_consumption": 393,
        "projector_consumption": 555
    },
    "occupancy_level": 85,
    "temperature": 21,
    "time_of_day": "Morning",
    "day_of_week": "Friday",
    "holiday": false,
    "total_consumption": 15193,
    "peak_load": 15432,
    "break_time_consumption": 15193
}