{
    "timestamp": "2020-07-30T00:00:00",
    "floor_data": [
        {
            "floor": "Classroom 1",
            "fan_consumption": 654,
            "light_consumption": 696,
            "total_floor_consumption": 1881
        },
        {
            "floor": "Classroom 2",
            "fan_consumption": 612,
            "light_consumption": 636,
            "total_floor_consumption": 1783
        },
        {
            "floor": "Workroom 1",
            "fan_consumption": 354,
            "light_consumption": 330,
            "total_floor_consumption": 903
        },
        {
            "floor": "Workroom 2",
            "fan_consumption": 315,
            "light_consumption": 327,
            "total_floor_consumption": 936
        },
        {
            "floor": "Lab 1",
            "fan_consumption": 936,
            "light_consumption": 920,
            "total_floor_consumption": 4706
        },
        {
            "floor": "Lab 2",
            "fan_consumption": 928,
            "light_consumption": 960,
            "total_floor_consumption": 4078
        }
    ],
    "shared_equipment": {
        "computer_consumption": 392,
        "projector_consumption": 531
    },
    "occupancy_level": 98,
    "temperature": 18,
    "time_of_day": "Morning",
    "day_of_week": "Thursday",
    "holiday": false,
    "total_consumption": 15210,
    "peak_load": 15586,
    "break_time_consumption": 15210
}