{
    "timestamp": "2020-02-12T00:00:00",
    "floor_data": [
        {
            "floor": "Classroom 1",
            "fan_consumption": 714,
            "light_consumption": 630,
            "total_floor_consumption": 1857
        },
        {
            "floor": "Classroom 2",
            "fan_consumption": 714,
            "light_consumption": 660,
            "total_floor_consumption": 1946
        },
        {
            "floor": "Workroom 1",
            "fan_consumption": 330,
            "light_consumption": 330,
            "total_floor_consumption": 954
        },
        {
            "floor": "Workroom 2",
            "fan_consumption": 339,
            "light_consumption": 309,
            "total_floor_consumption": 894
        },
        {
            "floor": "Lab 1",
            "fan_consumption": 952,
            "light_consumption": 872,
            "total_floor_consumption": 4584
        },
        {
            "floor": "Lab 2",
            "fan_consumption": 960,
            "light_consumption": 888,
            "total_floor_consumption": 4728
        }
    ],
    "shared_equipment": {
        "computer_consumption": 454,
        "projector_consumption": 549
    },
    "occupancy_level": 68,
    "temperature": 18,
    "time_of_day": "Morning",
    "day_of_week": "Wednesday",
    "holiday": false,
    "total_consumption": 15966,
    "peak_load": 16425,
    "break_time_consumption": 15966
}