{
    "timestamp": "2020-03-01T00:00:00",
    "floor_data": [
        {
            "floor": "Classroom 1",
            "fan_consumption": 654,
            "light_consumption": 660,
            "total_floor_consumption": 1895
        },
        {
            "floor": "Classroom 2",
            "fan_consumption": 636,
            "light_consumption": 690,
            "total_floor_consumption": 1878
        },
        {
            "floor": "Workroom 1",
            "fan_consumption": 348,
            "light_consumption": 345,
            "total_floor_consumption": 993
        },
        {
            "floor": "Workroom 2",
            "fan_consumption": 327,
            "light_consumption": 357,
            "total_floor_consumption": 912
        },
        {
            "floor": "Lab 1",
            "fan_consumption": 800,
            "light_consumption": 864,
            "total_floor_consumption": 3824
        },
        {
            "floor": "Lab 2",
            "fan_consumption": 816,
            "light_consumption": 952,
            "total_floor_consumption": 4408
        }
    ],
    "shared_equipment": {
        "computer_consumption": 472,
        "projector_consumption": 560
    },
    "occupancy_level": 62,
    "temperature": 28,
    "time_of_day": "Morning",
    "day_of_week": "Sunday",
    "holiday": true,
    "total_consumption": 14942,
    "peak_load": 15252,
    "break_time_consumption": 14942
}