{
    "timestamp": "2020-08-28T00:00:00",
    "floor_data": [
        {
            "floor": "Classroom 1",
            "fan_consumption": 642,
            "light_consumption": 684,
            "total_floor_consumption": 1854
        },
        {
            "floor": "Classroom 2",
            "fan_consumption": 642,
            "light_consumption": 720,
            "total_floor_consumption": 1877
        },
        {
            "floor": "Workroom 1",
            "fan_consumption": 312,
            "light_consumption": 303,
            "total_floor_consumption": 879
        },
        {
            "floor": "Workroom 2",
            "fan_consumption": 348,
            "light_consumption": 330,
            "total_floor_consumption": 927
        },
        {
            "floor": "Lab 1",
            "fan_consumption": 896,
            "light_consumption": 824,
            "total_floor_consumption": 4060
        },
        {
            "floor": "Lab 2",
            "fan_consumption": 928,
            "light_consumption": 856,
            "total_floor_consumption": 3974
        }
    ],
    "shared_equipment": {
        "computer_consumption": 495,
        "projector_consumption": 519
    },
    "occupancy_level": 71,
    "temperature": 24,
    "time_of_day": "Morning",
    "day_of_week": "Friday",
    "holiday": false,
    "total_consumption": 14585,
    "peak_load": 14970,
    "break_time_consumption": 14585
}