{
    "timestamp": "2020-03-27T00:00:00",
    "floor_data": [
        {
            "floor": "Classroom 1",
            "fan_consumption": 630,
            "light_consumption": 678,
            "total_floor_consumption": 1870
        },
        {
            "floor": "Classroom 2",
            "fan_consumption": 642,
            "light_consumption": 606,
            "total_floor_consumption": 1751
        },
        {
            "floor": "Workroom 1",
            "fan_consumption": 342,
            "light_consumption": 318,
            "total_floor_consumption": 879
        },
        {
            "floor": "Workroom 2",
            "fan_consumption": 351,
            "light_consumption": 345,
            "total_floor_consumption": 927
        },
        {
            "floor": "Lab 1",
            "fan_consumption": 896,
            "light_consumption": 864,
            "total_floor_consumption": 4310
        },
        {
            "floor": "Lab 2",
            "fan_consumption": 896,
            "light_consumption": 864,
            "total_floor_consumption": 4250
        }
    ],
    "shared_equipment": {
        "computer_consumption": 383,
        "projector_consumption": 520
    },
    "occupancy_level": 63,
    "temperature": 22,
    "time_of_day": "Morning",
    "day_of_week": "Friday",
    "holiday": false,
    "total_consumption": 14890,
    "peak_load": 15180,
    "break_time_consumption": 14890
}