{
    "timestamp": "2020-09-24T00:00:00",
    "floor_data": [
        {
            "floor": "Classroom 1",
            "fan_consumption": 666,
            "light_consumption": 720,
            "total_floor_consumption": 1964
        },
        {
            "floor": "Classroom 2",
            "fan_consumption": 636,
            "light_consumption": 648,
            "total_floor_consumption": 1855
        },
        {
            "floor": "Workroom 1",
            "fan_consumption": 339,
            "light_consumption": 321,
            "total_floor_consumption": 918
        },
        {
            "floor": "Workroom 2",
            "fan_consumption": 360,
            "light_consumption": 354,
            "total_floor_consumption": 1002
        },
        {
            "floor": "Lab 1",
            "fan_consumption": 960,
            "light_consumption": 880,
            "total_floor_consumption": 4390
        },
        {
            "floor": "Lab 2",
            "fan_consumption": 960,
            "light_consumption": 824,
            "total_floor_consumption": 3974
        }
    ],
    "shared_equipment": {
        "computer_consumption": 351,
        "projector_consumption": 567
    },
    "occupancy_level": 97,
    "temperature": 22,
    "time_of_day": "Morning",
    "day_of_week": "Thursday",
    "holiday": false,
    "total_consumption": 15021,
    "peak_load": 15427,
    "break_time_consumption": 15021
}