{
    "timestamp": "2020-03-18T00:00:00",
    "floor_data": [
        {
            "floor": "Classroom 1",
            "fan_consumption": 606,
            "light_consumption": 696,
            "total_floor_consumption": 1856
        },
        {
            "floor": "Classroom 2",
            "fan_consumption": 654,
            "light_consumption": 624,
            "total_floor_consumption": 1847
        },
        {
            "floor": "Workroom 1",
            "fan_consumption": 312,
            "light_consumption": 321,
            "total_floor_consumption": 927
        },
        {
            "floor": "Workroom 2",
            "fan_consumption": 345,
            "light_consumption": 318,
            "total_floor_consumption": 954
        },
        {
            "floor": "Lab 1",
            "fan_consumption": 936,
            "light_consumption": 960,
            "total_floor_consumption": 4056
        },
        {
            "floor": "Lab 2",
            "fan_consumption": 808,
            "light_consumption": 944,
            "total_floor_consumption": 3882
        }
    ],
    "shared_equipment": {
        "computer_consumption": 328,
        "projector_consumption": 545
    },
    "occupancy_level": 100,
    "temperature": 22,
    "time_of_day": "Morning",
    "day_of_week": "Wednesday",
    "holiday": false,
    "total_consumption": 14395,
    "peak_load": 14843,
    "break_time_consumption": 14395
}