{
    "timestamp": "2020-03-16T00:00:00",
    "floor_data": [
        {
            "floor": "Classroom 1",
            "fan_consumption": 684,
            "light_consumption": 618,
            "total_floor_consumption": 1802
        },
        {
            "floor": "Classroom 2",
            "fan_consumption": 660,
            "light_consumption": 708,
            "total_floor_consumption": 1952
        },
        {
            "floor": "Workroom 1",
            "fan_consumption": 360,
            "light_consumption": 339,
            "total_floor_consumption": 999
        },
        {
            "floor": "Workroom 2",
            "fan_consumption": 312,
            "light_consumption": 342,
            "total_floor_consumption": 912
        },
        {
            "floor": "Lab 1",
            "fan_consumption": 800,
            "light_consumption": 896,
            "total_floor_consumption": 3826
        },
        {
            "floor": "Lab 2",
            "fan_consumption": 808,
            "light_consumption": 920,
            "total_floor_consumption": 3918
        }
    ],
    "shared_equipment": {
        "computer_consumption": 304,
        "projector_consumption": 573
    },
    "occupancy_level": 81,
    "temperature": 19,
    "time_of_day": "Morning",
    "day_of_week": "Monday",
    "holiday": false,
    "total_consumption": 14286,
    "peak_load": 14512,
    "break_time_consumption": 14286
}