{
    "timestamp": "2020-08-31T00:00:00",
    "floor_data": [
        {
            "floor": "Classroom 1",
            "fan_consumption": 612,
            "light_consumption": 618,
            "total_floor_consumption": 1825
        },
        {
            "floor": "Classroom 2",
            "fan_consumption": 660,
            "light_consumption": 654,
            "total_floor_consumption": 1846
        },
        {
            "floor": "Workroom 1",
            "fan_consumption": 324,
            "light_consumption": 324,
            "total_floor_consumption": 873
        },
        {
            "floor": "Workroom 2",
            "fan_consumption": 318,
            "light_consumption": 336,
            "total_floor_consumption": 894
        },
        {
            "floor": "Lab 1",
            "fan_consumption": 872,
            "light_consumption": 864,
            "total_floor_consumption": 3866
        },
        {
            "floor": "Lab 2",
            "fan_consumption": 952,
            "light_consumption": 816,
            "total_floor_consumption": 3868
        }
    ],
    "shared_equipment": {
        "computer_consumption": 304,
        "projector_consumption": 517
    },
    "occupancy_level": 83,
    "temperature": 22,
    "time_of_day": "Morning",
    "day_of_week": "Monday",
    "holiday": false,
    "total_consumption": 13993,
    "peak_load": 14261,
    "break_time_consumption": 13993
}