{
    "timestamp": "2020-06-05T00:00:00",
    "floor_data": [
        {
            "floor": "Classroom 1",
            "fan_consumption": 672,
            "light_consumption": 630,
            "total_floor_consumption": 1809
        },
        {
            "floor": "Classroom 2",
            "fan_consumption": 606,
            "light_consumption": 678,
            "total_floor_consumption": 1811
        },
        {
            "floor": "Workroom 1",
            "fan_consumption": 303,
            "light_consumption": 339,
            "total_floor_consumption": 870
        },
        {
            "floor": "Workroom 2",
            "fan_consumption": 303,
            "light_consumption": 336,
            "total_floor_consumption": 915
        },
        {
            "floor": "Lab 1",
            "fan_consumption": 808,
            "light_consumption": 840,
            "total_floor_consumption": 4018
        },
        {
            "floor": "Lab 2",
            "fan_consumption": 880,
            "light_consumption": 888,
            "total_floor_consumption": 4288
        }
    ],
    "shared_equipment": {
        "computer_consumption": 441,
        "projector_consumption": 511
    },
    "occupancy_level": 99,
    "temperature": 19,
    "time_of_day": "Morning",
    "day_of_week": "Friday",
    "holiday": false,
    "total_consumption": 14663,
    "peak_load": 15140,
    "break_time_consumption": 14663
}