{
    "timestamp": "2020-10-21T00:00:00",
    "floor_data": [
        {
            "floor": "Classroom 1",
            "fan_consumption": 714,
            "light_consumption": 702,
            "total_floor_consumption": 1939
        },
        {
            "floor": "Classroom 2",
            "fan_consumption": 714,
            "light_consumption": 720,
            "total_floor_consumption": 1965
        },
        {
            "floor": "Workroom 1",
            "fan_consumption": 306,
            "light_consumption": 345,
            "total_floor_consumption": 912
        },
        {
            "floor": "Workroom 2",
            "fan_consumption": 318,
            "light_consumption": 336,
            "total_floor_consumption": 924
        },
        {
            "floor": "Lab 1",
            "fan_consumption": 832,
            "light_consumption": 920,
            "total_floor_consumption": 4722
        },
        {
            "floor": "Lab 2",
            "fan_consumption": 848,
            "light_consumption": 824,
            "total_floor_consumption": 4552
        }
    ],
    "shared_equipment": {
        "computer_consumption": 392,
        "projector_consumption": 580
    },
    "occupancy_level": 98,
    "temperature": 20,
    "time_of_day": "Morning",
    "day_of_week": "Wednesday",
    "holiday": false,
    "total_consumption": 15986,
    "peak_load": 16388,
    "break_time_consumption": 15986
}