{
    "timestamp": "2020-09-03T00:00:00",
    "floor_data": [
        {
            "floor": "Classroom 1",
            "fan_consumption": 612,
            "light_consumption": 630,
            "total_floor_consumption": 1822
        },
        {
            "floor": "Classroom 2",
            "fan_consumption": 684,
            "light_consumption": 708,
            "total_floor_consumption": 1942
        },
        {
            "floor": "Workroom 1",
            "fan_consumption": 303,
            "light_consumption": 330,
            "total_floor_consumption": 912
        },
        {
            "floor": "Workroom 2",
            "fan_consumption": 348,
            "light_consumption": 300,
            "total_floor_consumption": 870
        },
        {
            "floor": "Lab 1",
            "fan_consumption": 952,
            "light_consumption": 952,
            "total_floor_consumption": 4544
        },
        {
            "floor": "Lab 2",
            "fan_consumption": 808,
            "light_consumption": 864,
            "total_floor_consumption": 4102
        }
    ],
    "shared_equipment": {
        "computer_consumption": 407,
        "projector_consumption": 554
    },
    "occupancy_level": 73,
    "temperature": 24,
    "time_of_day": "Morning",
    "day_of_week": "Thursday",
    "holiday": false,
    "total_consumption": 15153,
    "peak_load": 15461,
    "break_time_consumption": 15153
}