{
    "timestamp": "2020-09-04T00:00:00",
    "floor_data": [
        {
            "floor": "Classroom 1",
            "fan_consumption": 702,
            "light_consumption": 690,
            "total_floor_consumption": 1909
        },
        {
            "floor": "Classroom 2",
            "fan_consumption": 696,
            "light_consumption": 654,
            "total_floor_consumption": 1939
        },
        {
            "floor": "Workroom 1",
            "fan_consumption": 312,
            "light_consumption": 339,
            "total_floor_consumption": 903
        },
        {
            "floor": "Workroom 2",
            "fan_consumption": 303,
            "light_consumption": 324,
            "total_floor_consumption": 906
        },
        {
            "floor": "Lab 1",
            "fan_consumption": 840,
            "light_consumption": 880,
            "total_floor_consumption": 3940
        },
        {
            "floor": "Lab 2",
            "fan_consumption": 832,
            "light_consumption": 960,
            "total_floor_consumption": 4522
        }
    ],
    "shared_equipment": {
        "computer_consumption": 404,
        "projector_consumption": 580
    },
    "occupancy_level": 91,
    "temperature": 20,
    "time_of_day": "Morning",
    "day_of_week": "Friday",
    "holiday": false,
    "total_consumption": 15103,
    "peak_load": 15596,
    "break_time_consumption": 15103
}