{
    "timestamp": "2020-06-07T00:00:00",
    "floor_data": [
        {
            "floor": "Classroom 1",
            "fan_consumption": 708,
            "light_consumption": 720,
            "total_floor_consumption": 1973
        },
        {
            "floor": "Classroom 2",
            "fan_consumption": 654,
            "light_consumption": 612,
            "total_floor_consumption": 1865
        },
        {
            "floor": "Workroom 1",
            "fan_consumption": 339,
            "light_consumption": 303,
            "total_floor_consumption": 924
        },
        {
            "floor": "Workroom 2",
            "fan_consumption": 360,
            "light_consumption": 321,
            "total_floor_consumption": 930
        },
        {
            "floor": "Lab 1",
            "fan_consumption": 880,
            "light_consumption": 824,
            "total_floor_consumption": 4194
        },
        {
            "floor": "Lab 2",
            "fan_consumption": 816,
            "light_consumption": 840,
            "total_floor_consumption": 4356
        }
    ],
    "shared_equipment": {
        "computer_consumption": 406,
        "projector_consumption": 515
    },
    "occupancy_level": 63,
    "temperature": 25,
    "time_of_day": "Morning",
    "day_of_week": "Sunday",
    "holiday": true,
    "total_consumption": 15163,
    "peak_load": 15442,
    "break_time_consumption": 15163
}