{
    "timestamp": "2020-12-23T00:00:00",
    "floor_data": [
        {
            "floor": "Classroom 1",
            "fan_consumption": 714,
            "light_consumption": 642,
            "total_floor_consumption": 1863
        },
        {
            "floor": "Classroom 2",
            "fan_consumption": 666,
            "light_consumption": 702,
            "total_floor_consumption": 1963
        },
        {
            "floor": "Workroom 1",
            "fan_consumption": 354,
            "light_consumption": 318,
            "total_floor_consumption": 951
        },
        {
            "floor": "Workroom 2",
            "fan_consumption": 345,
            "light_consumption": 345,
            "total_floor_consumption": 915
        },
        {
            "floor": "Lab 1",
            "fan_consumption": 904,
            "light_consumption": 904,
            "total_floor_consumption": 4418
        },
        {
            "floor": "Lab 2",
            "fan_consumption": 880,
            "light_consumption": 952,
            "total_floor_consumption": 4652
        }
    ],
    "shared_equipment": {
        "computer_consumption": 302,
        "projector_consumption": 585
    },
    "occupancy_level": 99,
    "temperature": 22,
    "time_of_day": "Morning",
    "day_of_week": "Wednesday",
    "holiday": false,
    "total_consumption": 15649,
    "peak_load": 16131,
    "break_time_consumption": 15649
}